Date,Price,Open,High,Low,Vol.,Change(%)
08-May-25,512.4,523.05,528.5,507,4816872,-2.05%
07-May-25,523.1,496.5,526.2,493.65,6551428,4.15%
06-May-25,502.25,528.85,528.85,500.6,4252429,-5.38%
05-May-25,530.8,512.9,534.8,508.1,5057306,4.40%
02-May-25,508.45,514.1,518.9,506.05,2919874,-1.57%
30-Apr-25,516.55,519.85,522.85,511.4,3230049,-0.32%
29-Apr-25,518.2,520.95,523,514.5,3263583,0.00%
28-Apr-25,518.2,501.2,525.6,501,7718095,3.38%
25-Apr-25,501.25,523,526.05,495.2,5186211,-3.57%
24-Apr-25,519.8,536,536,517.45,4969546,-3.38%
23-Apr-25,538,528.6,545.4,518.95,6814548,2.48%
22-Apr-25,525,532,539.15,521.6,4707881,-0.78%
21-Apr-25,529.15,527.75,535.5,522,4668209,0.86%
17-Apr-25,524.65,525.25,533.3,516.2,5628907,-0.13%
16-Apr-25,525.35,514.15,529,512.8,6297239,2.18%
15-Apr-25,514.15,518.05,523.95,511.45,5595619,0.67%
11-Apr-25,510.75,501.7,517.2,495.05,9258081,3.38%
09-Apr-25,494.05,493,498.7,482.25,4738177,0.36%
08-Apr-25,492.3,500,505,483.6,7793425,1.23%
07-Apr-25,486.3,443.05,492,443.05,10031988,-0.17%
04-Apr-25,487.15,506.1,508,481.15,8666363,-4.31%
03-Apr-25,509.1,502.5,516.9,497.9,16010829,-0.39%
02-Apr-25,511.1,460.2,518.4,459.45,38537731,11.58%
01-Apr-25,458.05,467.5,469.5,452.6,4813861,-1.97%
28-Mar-25,467.25,471.15,481.6,462.9,5318930,-0.38%
27-Mar-25,469.05,473,475,464.3,5040093,-1.11%
26-Mar-25,474.3,471.1,481.5,468.6,6631615,1.09%
25-Mar-25,469.2,492.35,495,466.45,8667538,-4.22%
24-Mar-25,489.85,474.05,500.7,466.55,12929450,3.96%
21-Mar-25,471.2,467.85,484,464.55,9707389,0.85%
20-Mar-25,467.25,460,475,442.5,11753814,3.02%
19-Mar-25,453.55,434.45,465,434,8732320,4.40%
18-Mar-25,434.45,429.95,437.5,428.15,6745975,1.51%
17-Mar-25,428,430,437.75,425,6286845,-0.67%
13-Mar-25,430.9,429.35,436.45,418,9809250,0.85%
12-Mar-25,427.25,424.15,431.4,417.65,13069316,1.36%
11-Mar-25,421.5,404.5,430.15,399.4,32037217,3.44%
10-Mar-25,407.5,438,439.1,406,17135126,-5.61%
07-Mar-25,431.7,452,453.4,429,11762843,-4.15%
06-Mar-25,450.4,468.25,475.5,447.1,7622018,-3.65%
05-Mar-25,467.45,457.8,469.45,455.1,5883560,1.71%
04-Mar-25,459.6,437.9,465.35,426,12207939,4.35%
03-Mar-25,440.45,464.05,467.35,436.85,7993592,-4.72%
28-Feb-25,462.25,452.55,472.3,452.55,9678048,-1.48%
27-Feb-25,469.2,479,483.95,458.55,7999524,-1.85%
25-Feb-25,478.05,482.45,487.9,473.15,6624720,-0.22%
24-Feb-25,479.1,482.95,485.2,474.6,6151724,-1.27%
21-Feb-25,485.25,493,502.4,482,6975603,-1.74%
20-Feb-25,493.85,483.15,496.5,480.15,8615680,2.21%
19-Feb-25,483.15,484,493.75,474.8,16318703,-0.24%
18-Feb-25,484.3,503.05,506.25,479.5,13375181,-4.49%
17-Feb-25,507.05,484.45,509.95,477.55,15540320,3.82%
14-Feb-25,488.4,522,524.85,480.15,12516211,-7.23%
13-Feb-25,526.45,511,530,507,10861298,2.70%
12-Feb-25,512.6,512.1,521.65,498.65,11442504,-1.47%
11-Feb-25,520.25,524.65,527,505,10354212,-0.34%
10-Feb-25,522.05,537.05,545,514,10099332,-3.22%
07-Feb-25,539.4,541,553.55,533.6,17368687,-0.55%
06-Feb-25,542.4,564,569.5,538.1,23885400,-4.48%
05-Feb-25,567.85,567,591.4,553,51857027,0.72%
04-Feb-25,563.8,510,594,505.1,52426558,12.11%
03-Feb-25,502.9,502.45,517.35,485.1,22726079,-0.50%
01-Feb-25,505.45,502,526.75,484,48867197,0.47%
31-Jan-25,503.1,460.05,506.7,446.5,76184680,14.17%
30-Jan-25,440.65,451,466.05,435.1,21631272,-1.79%
29-Jan-25,448.7,441.1,451.95,434.3,18178589,2.43%
28-Jan-25,438.05,437.55,448.95,420.65,29156002,0.19%
27-Jan-25,437.2,458,458,433.2,18798873,-4.70%
24-Jan-25,458.75,480,483.5,455.25,23715822,-4.06%
23-Jan-25,478.15,492.65,509.65,472,44335820,-1.54%
22-Jan-25,485.65,486,499,459,48236616,-0.55%
21-Jan-25,488.35,538,538,480.7,30176134,-8.01%
20-Jan-25,530.9,525,549,521.05,42274364,5.86%
17-Jan-25,501.5,537,554.65,498,29250914,-6.99%
16-Jan-25,539.2,558.1,570,518.1,39325170,-2.86%
15-Jan-25,555.1,600,602.65,522,29446466,-6.92%
14-Jan-25,596.4,581.05,603.95,570.15,18395591,4.07%
13-Jan-25,573.1,600,609.7,568.75,16964480,-8.56%
10-Jan-25,626.75,660,661.6,614.65,11749415,-5.40%
09-Jan-25,662.55,708.9,709.4,656,12811828,-6.21%
08-Jan-25,706.4,724.45,724.65,663.5,20415166,-2.29%
07-Jan-25,722.95,777.05,781.15,718.15,14987021,-2.90%
06-Jan-25,744.55,781.55,793.45,740.5,6020813,-4.27%
03-Jan-25,777.8,790.9,792.9,757.4,6953038,-1.28%
02-Jan-25,787.9,778.1,795.4,767.3,5574250,1.55%
01-Jan-25,775.85,760,780,754.1,3494514,1.25%
31-Dec-24,766.25,741,774,726,5013928,2.94%
30-Dec-24,744.4,723.75,753.15,715,8766154,3.15%
27-Dec-24,721.65,725.05,734.8,719.5,1437302,-0.66%
26-Dec-24,726.45,725,735.9,717.3,2236160,0.90%
24-Dec-24,720,723.95,728.65,712.25,1527876,-0.55%
23-Dec-24,723.95,727.7,738.9,714.55,2639988,0.66%
20-Dec-24,719.2,744.5,747.85,715.35,3319528,-3.13%
19-Dec-24,742.45,739.2,748.5,736,1943250,-1.56%
18-Dec-24,754.2,758.95,762.5,734,3734611,-0.28%
17-Dec-24,756.35,764,768.85,753.1,2620852,-0.90%
16-Dec-24,763.25,750.45,765.35,748.35,2591969,2.16%
13-Dec-24,747.1,760,763,737.4,3505764,-1.71%
12-Dec-24,760.1,762,784.45,751.85,6556832,-0.37%
11-Dec-24,762.95,761,767,753.05,3352324,0.53%
10-Dec-24,758.9,778,781.3,745.05,8400100,-2.13%
09-Dec-24,775.45,731.85,778.7,731.85,12146633,6.15%
06-Dec-24,730.5,720.65,750,716.95,7793780,1.37%
05-Dec-24,720.65,723,724.7,711.35,2571259,-0.29%
04-Dec-24,722.75,730.6,731.6,701,6581665,-0.56%
03-Dec-24,726.85,725,731.7,720.55,2741760,0.66%
02-Dec-24,722.1,722.5,741.55,715.75,4677259,-0.32%
29-Nov-24,724.45,707.65,728,705.6,4281944,2.37%
28-Nov-24,707.65,702.3,712,692,3683966,1.43%
27-Nov-24,697.65,697,706,685.35,2897301,0.62%
26-Nov-24,693.35,694.8,708.95,691.1,4388024,-0.87%
25-Nov-24,699.4,722.85,736.8,681.8,52990269,-1.00%
22-Nov-24,706.45,714,714.25,683.8,5902907,-0.74%
21-Nov-24,711.75,707.75,720,696.7,7498145,1.48%
19-Nov-24,701.35,674,707,670.35,7435686,4.95%
18-Nov-24,668.25,656,675.4,654.1,6958109,2.19%
14-Nov-24,653.9,664.95,694.5,642.65,9828648,-2.47%
13-Nov-24,670.45,703.95,709.55,665,6086731,-4.81%
12-Nov-24,704.3,705,719.45,695.6,4319306,0.59%
11-Nov-24,700.2,692.05,710.95,685.35,4262338,0.88%
08-Nov-24,694.1,707.85,707.9,690.7,4230373,-1.69%
07-Nov-24,706.05,704,718.3,692.75,9310382,0.86%
06-Nov-24,700,649,706,648,10523346,7.31%
05-Nov-24,652.3,658.8,669,632.4,10046234,-1.09%
04-Nov-24,659.5,664.1,665.95,652,3492119,-1.68%
01-Nov-24,670.8,670,675,665.8,1003182,2.08%
31-Oct-24,657.15,674,679.7,652.55,3772763,-2.54%
30-Oct-24,674.25,673.15,683.95,663.2,3631337,0.16%
29-Oct-24,673.15,673.55,677,650.6,5632005,0.61%
28-Oct-24,669.05,672.3,680,662.05,3340348,-0.39%
25-Oct-24,671.7,697,701.5,665.25,4954602,-3.51%
24-Oct-24,696.1,694.9,713,690.15,4518689,0.21%
23-Oct-24,694.65,674.8,706.95,658.85,7648461,2.77%
22-Oct-24,675.9,707.35,714.05,668.7,6306617,-4.00%
21-Oct-24,704.05,724.9,728.05,700,5844773,-2.07%
18-Oct-24,718.95,726,738.9,708,7456179,-1.25%
17-Oct-24,728.05,749.05,751.4,721,6400169,-3.11%
16-Oct-24,751.4,751,756.6,737,5034401,0.05%
15-Oct-24,751,758,773,741.55,10212032,0.03%
14-Oct-24,750.8,722,754.9,718.4,9422733,4.23%
11-Oct-24,720.3,722.3,726.7,712,3731104,0.21%
10-Oct-24,718.8,726,735.4,715.55,4158843,-0.38%
09-Oct-24,721.55,713.9,727.4,703.15,5926533,1.63%
08-Oct-24,709.95,704.2,718.75,685.05,9040443,1.10%
07-Oct-24,702.2,727,729.3,673.4,11725010,-1.51%
04-Oct-24,712.95,735,742.65,708.3,7585125,-2.41%
03-Oct-24,730.55,725,752.5,721,8786672,-2.61%
01-Oct-24,750.15,731.1,757.9,724.75,9072279,2.73%
30-Sep-24,730.25,709.75,733.05,705.7,11688363,3.33%
27-Sep-24,706.7,720.95,729.8,704,10943231,-1.40%
26-Sep-24,716.7,763,763.4,711,11069317,-5.47%
25-Sep-24,758.2,775.7,785.1,754.05,7681483,-1.79%
24-Sep-24,772,772,779,755.45,11461515,0.44%
23-Sep-24,768.65,733.4,786.25,733,24917201,5.22%
20-Sep-24,730.5,709.9,734,702.1,6892361,3.14%
19-Sep-24,708.25,699.4,711.15,684.35,5859129,1.56%
18-Sep-24,697.4,716,719,692.2,5517474,-2.17%
17-Sep-24,712.85,703.1,719,694.75,8598067,1.84%
16-Sep-24,699.95,723.2,725.6,675.9,15769280,-2.25%
13-Sep-24,716.05,697.9,749,694.05,32170819,3.88%
12-Sep-24,689.3,664.25,694.7,660.55,11117000,4.95%
11-Sep-24,656.8,643,669.5,636.5,7816468,2.59%
10-Sep-24,640.2,645.75,652,637,2475182,-0.37%
09-Sep-24,642.6,649,654.5,637.75,3672960,-0.86%
06-Sep-24,648.2,649,655,633,4108813,0.04%
05-Sep-24,647.95,655,662.75,642,5581923,-0.96%
04-Sep-24,654.2,646,658.75,630.25,7164996,0.51%
03-Sep-24,650.85,639.05,654,631.05,7622641,1.72%
02-Sep-24,639.85,617.45,645,616,11013380,4.01%
30-Aug-24,615.2,612.9,624.5,609,4242992,0.75%
29-Aug-24,610.6,610,619.8,606.6,3453436,-0.10%
28-Aug-24,611.2,613.9,616,599,3634480,-0.59%
27-Aug-24,614.85,619,624,605.2,4312858,-0.31%
26-Aug-24,616.75,589,624.95,580.4,14952921,4.73%
23-Aug-24,588.9,605,618.7,582.25,13074002,-1.26%
22-Aug-24,596.4,572,605,571.65,37054765,9.54%
21-Aug-24,544.45,543,557,532.45,19835421,0.47%
20-Aug-24,541.9,555,558,530.65,3850252,-1.39%
19-Aug-24,549.55,577.95,584,543.4,4745870,-4.08%
16-Aug-24,572.95,570.5,578,562,1100664,0.77%
14-Aug-24,568.6,563.25,570.1,550,981048,1.87%
13-Aug-24,558.15,556.8,572,546.25,1572865,1.14%
12-Aug-24,551.85,534,555.8,528.7,1301803,2.42%
09-Aug-24,538.8,537,541,530.05,1224809,0.42%
08-Aug-24,536.55,539.75,540,532,935337,-0.71%
07-Aug-24,540.4,549,549.95,529.05,1603455,-0.04%
06-Aug-24,540.6,550,556.95,533.1,1838943,-0.73%
05-Aug-24,544.6,535,552.15,515.95,4660448,-2.71%
02-Aug-24,559.75,569,582.65,551,2733406,-0.88%
01-Aug-24,564.7,584.7,593,560,2000667,-2.54%
31-Jul-24,579.4,573.5,582.95,565.3,1474850,1.15%
30-Jul-24,572.8,572.95,580,563,1643832,0.03%
29-Jul-24,572.65,571.95,582,555.35,2281355,0.85%
26-Jul-24,567.8,578.9,578.9,565.1,1232940,-1.03%
25-Jul-24,573.7,590,612.5,563,5340282,-2.31%
24-Jul-24,587.25,555.5,633.6,555.45,11701050,6.24%
23-Jul-24,552.75,529,561.65,497.55,7427646,4.43%
22-Jul-24,529.3,531.4,540.95,525.1,1672590,0.07%
19-Jul-24,528.95,515,536,514.5,2017760,1.83%
18-Jul-24,519.45,527.4,527.4,512.5,1077417,-1.54%
16-Jul-24,527.55,517.4,533,515.1,2814459,2.77%
15-Jul-24,513.35,506.6,524.75,499,2154561,1.60%
12-Jul-24,505.25,503.2,509,498.1,1073604,0.40%
11-Jul-24,503.25,509.25,512.45,500.25,1094045,-0.13%
10-Jul-24,503.9,500,518,497,3284158,1.42%
09-Jul-24,496.85,496.2,498.8,493,1619702,0.13%
08-Jul-24,496.2,497.75,501.9,490,1426120,0.18%
05-Jul-24,495.3,496.55,505,485.1,3717652,0.97%
04-Jul-24,490.55,490.65,495.95,486,820820,0.34%
03-Jul-24,488.9,493.15,497.85,485.45,1082260,-1.42%
02-Jul-24,495.95,500.4,502.5,493.05,1250414,-0.31%
01-Jul-24,497.5,504.25,505.7,483,4170640,-0.73%
28-Jun-24,501.15,481.1,546,481.1,9439333,5.22%
27-Jun-24,476.3,459,480,454.05,4380406,4.30%
26-Jun-24,456.65,438.95,460.5,438.95,3875868,4.22%
25-Jun-24,438.15,447.4,453.25,435,1131725,-1.78%
24-Jun-24,446.1,452.5,452.5,436.3,1996316,-1.52%
21-Jun-24,453,437,464.95,431,16803770,5.06%
20-Jun-24,431.2,426,435,420.55,1872534,1.81%
19-Jun-24,423.55,428.85,447,420,5991651,-0.11%
18-Jun-24,424,400.75,430.25,398.85,4970051,5.87%
14-Jun-24,400.5,398.4,404.9,398.4,1260917,0.53%
13-Jun-24,398.4,406,408.5,398,1364525,-1.43%
12-Jun-24,404.2,410.9,413.55,403.1,1232741,-1.16%
11-Jun-24,408.95,409.5,412.45,405,724141,-0.07%
10-Jun-24,409.25,410,416,406,1808548,0.34%
07-Jun-24,407.85,401,410.25,400,2765843,2.05%
06-Jun-24,399.65,402.95,409.55,398,1618400,-0.72%
05-Jun-24,402.55,386,420,372.35,3824865,6.31%
04-Jun-24,378.65,394,399,336.05,1884318,-3.15%
03-Jun-24,390.95,394,403,388,1233765,0.64%
31-May-24,388.45,384.85,398,377.05,2500856,0.94%
30-May-24,384.85,396,400,384,816008,-2.52%
29-May-24,394.8,402.45,404.4,392,787171,-1.90%
28-May-24,402.45,406.45,409.95,396.1,1093554,-0.98%
27-May-24,406.45,400,409.4,395.2,1433957,1.12%
24-May-24,401.95,404,405.7,400.1,454189,-0.26%
23-May-24,403,400,405,399.1,1097655,0.80%
22-May-24,399.8,401.5,406.25,397.7,777505,-0.42%
21-May-24,401.5,413.2,415.5,399,1419658,-2.83%
18-May-24,413.2,415,416.65,410.15,145654,-0.41%
17-May-24,414.9,412.95,416.5,411.25,899177,0.92%
16-May-24,411.1,412,417,405.1,1006356,0.48%
15-May-24,409.15,401.6,410,399.05,1400855,2.98%
14-May-24,397.3,400,403.5,393.3,1173903,-0.70%
13-May-24,400.1,415,417.45,395.95,1560214,-2.55%
10-May-24,410.55,402.05,420,388.65,1807755,3.37%
09-May-24,397.15,394.3,407.9,391.6,1530390,0.98%
08-May-24,393.3,387.5,399.2,382.4,701015,1.24%
07-May-24,388.5,401,401,378.9,1381721,-2.89%
06-May-24,400.05,408,408,389.1,2556156,-1.49%
03-May-24,406.1,414.8,415.8,403.5,1243796,-1.38%
02-May-24,411.8,414.85,418.4,408.3,982676,-0.56%
30-Apr-24,414.1,414.1,421.35,412.9,2271167,0.60%
29-Apr-24,411.65,422.8,425,409.1,975696,-1.85%
26-Apr-24,419.4,418,421.8,415.5,1347012,0.38%
25-Apr-24,417.8,421.75,422,414.65,983530,-0.95%
24-Apr-24,421.8,417.6,424,413.15,1655182,1.72%
23-Apr-24,414.65,405,418.65,402.7,1815454,3.22%
22-Apr-24,401.7,415,415,400.15,1372201,-1.68%
19-Apr-24,408.55,402.3,411.95,396.8,1984552,1.59%
18-Apr-24,402.15,417.4,422.2,400,1500527,-2.69%
16-Apr-24,413.25,418,427.9,410.6,2521585,-1.33%
15-Apr-24,418.8,419.15,437.8,410.05,2401867,-2.09%
12-Apr-24,427.75,415.85,430.9,414,2128444,2.34%
10-Apr-24,417.95,425,426.35,412.7,1303575,-1.82%
09-Apr-24,425.7,435.65,436,421.2,853868,-1.79%
08-Apr-24,433.45,436.05,439,431,1879085,0.69%
05-Apr-24,430.5,440.05,443,428.05,3841134,-0.10%
04-Apr-24,430.95,434.25,434.75,422.8,1272984,0.49%
03-Apr-24,428.85,428.65,430.9,426.9,1850105,0.06%
02-Apr-24,428.6,429.95,438.7,422.15,2463011,0.63%
01-Apr-24,425.9,437.95,449.7,419.65,3144784,-0.44%
28-Mar-24,427.8,420.75,439,416.3,4223254,3.05%
27-Mar-24,415.15,400.85,418,393.6,4455320,3.57%
26-Mar-24,400.85,390,409.95,384.3,3966704,4.06%
22-Mar-24,385.2,383.75,387.85,378.25,870215,1.84%
21-Mar-24,378.25,375,380,370.95,901194,2.86%
20-Mar-24,367.75,366.8,370.9,357.4,1290666,0.26%
19-Mar-24,366.8,375,375.5,365,689243,-1.69%
18-Mar-24,373.1,371,397,370,1852436,0.82%
15-Mar-24,370.05,384,391.5,364.5,4403727,-4.08%
14-Mar-24,385.8,385,391.65,375.6,1275548,-1.10%
13-Mar-24,390.1,381.5,406,352.15,3899830,2.25%
12-Mar-24,381.5,397.1,401.95,377.05,1360992,-3.73%
11-Mar-24,396.3,409.45,419,393.5,1842870,-3.21%
07-Mar-24,409.45,409.25,412.4,405.05,1056298,0.94%
06-Mar-24,405.65,405,409.9,391.7,1650504,0.60%
05-Mar-24,403.25,410,413,398.3,1993796,-1.39%
04-Mar-24,408.95,414,414.35,402.25,1706642,-0.84%
02-Mar-24,412.4,401.6,419.4,399.65,782453,3.24%
01-Mar-24,399.45,398.6,409.7,385.7,4913833,0.66%
29-Feb-24,396.85,378.55,398.6,370.3,7149833,4.85%
28-Feb-24,378.5,371,390,368.1,2389486,2.16%
27-Feb-24,370.5,376.25,383.1,366.25,918920,-2.33%
26-Feb-24,379.35,384,387.5,377,1061251,-1.38%
23-Feb-24,384.65,384,387.8,380,1181055,0.21%
22-Feb-24,383.85,379.7,385.7,375,1697046,2.02%
21-Feb-24,376.25,364.55,388,364.55,3400773,3.21%
20-Feb-24,364.55,374.8,376,363,1869396,-2.57%
19-Feb-24,374.15,384.45,388.4,372.1,1973586,-2.72%
16-Feb-24,384.6,388.95,390,382.05,1641450,-1.80%
15-Feb-24,391.65,362.5,409.7,362.5,6344879,7.52%
14-Feb-24,364.25,362,368.6,356.7,1901847,-0.61%
13-Feb-24,366.5,366,369.8,354.1,2719522,0.71%
12-Feb-24,363.9,358.4,366.25,351.2,5777513,1.66%
09-Feb-24,357.95,357.15,362,345,5257247,1.68%
08-Feb-24,352.05,350,368.7,343.75,17258388,4.39%
07-Feb-24,337.25,331.7,342.4,329.25,6414327,2.20%
06-Feb-24,330,342.45,344.85,329.15,2308551,-2.90%
05-Feb-24,339.85,348.95,349.55,336.3,2074851,-2.31%
02-Feb-24,347.9,336.15,351.9,336.15,7042693,4.15%
01-Feb-24,334.05,358.5,360,321.95,6299102,-4.61%
31-Jan-24,350.2,368,379.2,347.75,7522247,-4.68%
30-Jan-24,367.4,361.35,370.25,358.2,2508283,3.51%
29-Jan-24,354.95,356,359.3,350.1,1462470,0.00%
25-Jan-24,354.95,361.55,366.2,354,930473,-1.81%
24-Jan-24,361.5,353.15,365,351.25,2124510,2.66%
23-Jan-24,352.15,363.35,363.35,343,2550212,-2.56%
20-Jan-24,361.4,365,366.4,361,586923,-0.88%
19-Jan-24,364.6,365.15,370.25,362.55,1391457,0.73%
18-Jan-24,361.95,363,367.95,352.2,1550854,-0.06%
17-Jan-24,362.15,365.3,375.9,357.3,2670645,-1.56%
16-Jan-24,367.9,386.2,386.2,363.3,2463512,-4.38%
15-Jan-24,384.75,391.8,391.8,378,2492467,-1.19%
12-Jan-24,389.4,392.25,395,385.55,1777386,-0.33%
11-Jan-24,390.7,382.2,393,380.75,2157983,2.78%
10-Jan-24,380.15,384.05,392.9,376.15,3090700,-0.56%
09-Jan-24,382.3,376.35,386.7,374.85,3539948,2.67%
08-Jan-24,372.35,360.05,375,359,3287702,4.08%
05-Jan-24,357.75,370,379.75,350.1,5025301,-1.66%
04-Jan-24,363.8,361,364.95,355.35,1562063,1.17%
03-Jan-24,359.6,363.05,366.6,355.6,1674304,-0.85%
02-Jan-24,362.7,362.25,370,351.45,4853351,0.11%
01-Jan-24,362.3,355.15,364.9,351.05,2369504,2.32%
29-Dec-23,354.1,346.65,359.85,338.2,2482256,2.50%
28-Dec-23,345.45,355,362,343,2346425,-1.90%
27-Dec-23,352.15,346,357,334.7,3992940,2.58%
26-Dec-23,343.3,335.8,345,335.8,2761293,2.88%
22-Dec-23,333.7,330,339,329.6,2134358,1.99%
21-Dec-23,327.2,319.05,331.8,314.25,2103078,1.54%
20-Dec-23,322.25,316.05,339.2,316.05,7379104,2.17%
19-Dec-23,315.4,318.15,319.3,313.8,725958,-0.43%
18-Dec-23,316.75,318.4,319.9,312.2,809898,0.17%
15-Dec-23,316.2,326.25,327.4,313,2187579,-2.47%
14-Dec-23,324.2,322.75,329,321.35,2218087,1.41%
13-Dec-23,319.7,316.55,321.75,311.05,3561076,1.51%
12-Dec-23,314.95,319.95,324.05,314,1205077,-1.04%
11-Dec-23,318.25,324.9,325.35,317.25,1348140,-1.65%
08-Dec-23,323.6,321.9,327,320.05,1778201,0.53%
07-Dec-23,321.9,329,329.55,321.15,1455356,-1.81%
06-Dec-23,327.85,337.65,339,326.55,1586350,-2.76%
05-Dec-23,337.15,338,341,335,1616735,0.31%
04-Dec-23,336.1,340,341,332.5,1635011,0.37%
01-Dec-23,334.85,324.9,337.35,324.05,2897214,3.00%
30-Nov-23,325.1,322.45,332.75,304.1,2077262,1.07%
29-Nov-23,321.65,329.3,329.3,320.05,1101596,-1.71%
28-Nov-23,327.25,330,332.45,323.5,1827071,-0.59%
24-Nov-23,329.2,329.25,334.85,328.05,1035428,0.09%
23-Nov-23,328.9,332.8,333,327,1493358,-1.28%
22-Nov-23,333.15,335,341,327.75,3613610,-0.02%
21-Nov-23,333.2,315.5,335,308.05,6520123,6.18%
20-Nov-23,313.8,319.95,320.3,312.35,1885583,-1.04%
17-Nov-23,317.1,316,320.6,314.1,3018971,1.15%
16-Nov-23,313.5,329.8,331.65,306.95,6635212,-4.94%
15-Nov-23,329.8,345,348,326,4132958,-2.19%
13-Nov-23,337.2,338.05,343,333.6,2751773,-0.25%
12-Nov-23,338.05,341.9,343.2,333.5,1157491,-0.13%
10-Nov-23,338.5,337.8,341.9,330,2785367,0.71%
09-Nov-23,336.1,351.05,359.15,320.75,7825148,-3.39%
08-Nov-23,347.9,339.8,351.8,339,5078257,3.25%
07-Nov-23,336.95,323.8,339.3,318.4,5246015,4.84%
06-Nov-23,321.4,308,324.25,307.05,5973345,5.50%
03-Nov-23,304.65,300.2,306,293,3519839,2.18%
02-Nov-23,298.15,302.75,303,297,1947076,0.27%
01-Nov-23,297.35,289,302.5,286.15,4354929,3.00%
31-Oct-23,288.7,292.8,292.8,286.8,1376013,-0.88%
30-Oct-23,291.25,288.45,293.95,280.25,3060863,1.32%
27-Oct-23,287.45,290,292.4,285.1,2901300,0.54%
26-Oct-23,285.9,293.7,293.7,278.1,5741348,-2.67%
25-Oct-23,293.75,289.75,299.3,282.25,5307028,2.23%
23-Oct-23,287.35,301.45,303.4,280.05,4753278,-4.25%
20-Oct-23,300.1,303.9,309,296,3239429,-1.38%
19-Oct-23,304.3,302,307.6,265.65,5773942,1.03%
18-Oct-23,301.2,299.4,309.75,296.05,5533379,2.21%
17-Oct-23,294.7,289.55,297.8,285.85,4394866,3.82%
16-Oct-23,283.85,275.15,289,275.15,5172227,3.44%
13-Oct-23,274.4,273,276.6,267,3113658,-0.05%
12-Oct-23,274.55,272.2,277.7,272.15,3818635,1.24%
11-Oct-23,271.2,267.05,272.9,265.9,5920245,3.49%
10-Oct-23,262.05,256.8,267.8,255.45,6066813,4.30%
09-Oct-23,251.25,257.25,260.7,241.5,6668843,-2.67%
06-Oct-23,258.15,239.7,261,239.7,14774304,10.13%
05-Oct-23,234.4,228,235.75,227.9,2580122,3.53%
04-Oct-23,226.4,225.45,231.25,224.5,1533191,-1.42%
03-Oct-23,229.65,228,231.75,221.65,2800584,0.92%
29-Sep-23,227.55,225.2,231.9,225.2,1902262,1.47%
28-Sep-23,224.25,224.8,225.55,220.55,4216317,0.02%
27-Sep-23,224.2,217.2,227.3,215.6,5748219,3.53%
26-Sep-23,216.55,205.85,217.9,205.55,4963007,6.05%
25-Sep-23,204.2,216.85,216.9,202.8,4224660,-5.33%
22-Sep-23,215.7,213.5,218.85,210.05,2133466,1.22%
21-Sep-23,213.1,219.2,220.2,211.8,3587595,-2.76%
20-Sep-23,219.15,228,228.9,217.2,3122634,-4.45%
18-Sep-23,229.35,231,234.2,228,1566395,0.31%
15-Sep-23,228.65,228.95,240.05,227.05,7666817,0.73%
14-Sep-23,227,226.8,233.7,224.25,2358415,1.66%
13-Sep-23,223.3,229.25,231,214.15,3023626,-2.53%
12-Sep-23,229.1,248.5,248.5,220,2564654,-7.42%
11-Sep-23,247.45,247.6,249,243,2191918,0.39%
08-Sep-23,246.5,243.6,249.9,242.05,1846291,1.69%
07-Sep-23,242.4,242.15,244.8,239.7,2466712,0.64%
06-Sep-23,240.85,245.05,249.95,234,2598249,-0.74%
05-Sep-23,242.65,252.1,255.9,241,3349412,-3.27%
04-Sep-23,250.85,247.5,261.6,247.05,4749580,2.18%
01-Sep-23,245.5,255.95,261.9,242.65,6446769,-2.50%
31-Aug-23,251.8,233.8,261,233.5,12652177,8.16%
30-Aug-23,232.8,230,234.45,229.35,3524214,2.17%
29-Aug-23,227.85,222.25,229.85,222.25,5728456,3.29%
28-Aug-23,220.6,214,222.85,214,3833749,4.55%
25-Aug-23,211,216,217.6,210.05,1738138,-2.65%
24-Aug-23,216.75,222.5,224,216.2,1815997,-2.58%
23-Aug-23,222.5,225.5,227,221.4,2720524,-0.49%
22-Aug-23,223.6,221.35,226.35,215.5,5627528,1.71%
21-Aug-23,219.85,216,227,210.6,4994560,2.45%
18-Aug-23,214.6,222.5,222.5,211.05,4346093,-3.66%
17-Aug-23,222.75,223.75,228.35,217.05,11898690,-0.02%
16-Aug-23,222.8,207.7,225,204.7,18590171,6.70%
14-Aug-23,208.8,202.3,211.15,194.05,10405291,3.16%
11-Aug-23,202.4,182.35,204.95,182.05,23808053,11.52%
10-Aug-23,181.5,185.9,186.7,178.5,3083265,-0.60%
09-Aug-23,182.6,177.65,189,177.65,8345363,2.79%
08-Aug-23,177.65,175.3,179.7,171.7,1411140,1.89%
07-Aug-23,174.35,171.7,176,170.35,1287160,2.20%
04-Aug-23,170.6,171.3,173.25,169,693006,0.09%
03-Aug-23,170.45,166,173,164.2,1613804,1.31%
02-Aug-23,168.25,172.55,173.05,162.65,1290121,-2.49%
01-Aug-23,172.55,175.7,175.8,171.4,1310903,-1.23%
31-Jul-23,174.7,175.75,176.9,174,984248,-0.31%
28-Jul-23,175.25,175.25,177.7,174,1321521,-0.26%
27-Jul-23,175.7,173.1,176.95,173.05,1662491,0.80%
26-Jul-23,174.3,173.9,175,172.45,1114571,0.03%
25-Jul-23,174.25,173.75,176.5,172,2295348,0.84%
24-Jul-23,172.8,174.8,174.8,170.35,1750139,-0.72%
21-Jul-23,174.05,170.5,175.5,168,4768332,1.87%
20-Jul-23,170.85,173.55,174.4,170.1,3375360,-1.10%
19-Jul-23,172.75,174.45,177.7,170.1,5962791,-0.86%
18-Jul-23,174.25,182.25,182.3,171,7832169,-3.73%
17-Jul-23,181,183.9,187.5,179.1,13001344,-0.90%
14-Jul-23,182.65,176.25,184.2,175.1,18929192,5.36%
13-Jul-23,173.35,180.75,182.7,170.5,14880566,-3.48%
12-Jul-23,179.6,177.6,184.35,177.05,27263371,3.10%
11-Jul-23,174.2,164.9,175.9,164.25,23760974,6.35%
10-Jul-23,163.8,163.75,165,157.2,9240089,0.77%
07-Jul-23,162.55,158,166.5,157.7,42109534,5.65%
06-Jul-23,153.85,148.9,154.9,147.3,7038245,3.64%
05-Jul-23,148.45,147.9,149.5,146.3,4481338,0.95%
04-Jul-23,147.05,150,150.5,140.5,7829385,-2.26%
03-Jul-23,150.45,147.05,152.8,145.65,11776920,2.31%
30-Jun-23,147.05,141.7,148.6,139.5,10312196,3.59%
28-Jun-23,141.95,136.25,143.75,135.55,14513250,4.64%
27-Jun-23,135.65,130.85,136.95,130,6259305,4.19%
26-Jun-23,130.2,127.35,130.9,127.15,4186141,2.84%
23-Jun-23,126.6,123.5,127.7,123.5,8273467,2.93%
22-Jun-23,123,128.2,128.35,121.5,5317492,-4.39%
21-Jun-23,128.65,128.5,129.7,125.8,5610434,0.59%
20-Jun-23,127.9,133,133.45,126.8,8357824,-3.73%
19-Jun-23,132.85,134,137.6,130.25,26050078,1.33%
16-Jun-23,131.1,119.1,134.9,119.1,56810999,14.80%
15-Jun-23,114.2,113,117.45,112.25,13066200,1.42%
14-Jun-23,112.6,114.9,115.75,112.35,3236712,-1.92%
13-Jun-23,114.8,109.9,115.45,109.45,4961518,4.98%
12-Jun-23,109.35,111.45,111.65,109,1351654,-1.49%
09-Jun-23,111,112.7,113.3,110.6,1462452,-0.76%
08-Jun-23,111.85,110.6,113.65,110.55,3950315,1.18%
07-Jun-23,110.55,111.5,112.4,110.1,1409830,-0.50%
06-Jun-23,111.1,111.6,111.6,108.8,2040365,-0.09%
05-Jun-23,111.2,112.5,113.35,110.35,3226338,-1.29%
02-Jun-23,112.65,109,114.6,109,9728071,3.63%
01-Jun-23,108.7,105.65,109.65,104.9,3924920,2.89%
31-May-23,105.65,105.35,106,104.8,1777379,0.28%
30-May-23,105.35,105.9,106.5,105,706250,-0.33%
29-May-23,105.7,106.5,106.5,105.3,790306,0.05%
26-May-23,105.65,105.9,106.7,105.15,717468,0.43%
25-May-23,105.2,106.3,106.45,104.6,956755,-0.85%
24-May-23,106.1,106.4,107.7,105.8,1534036,0.05%
23-May-23,106.05,107.55,107.8,105.6,1188180,-0.89%
22-May-23,107,105.6,108.9,105.55,3680720,2.10%
19-May-23,104.8,106.95,107.15,104.15,1572073,-1.83%
18-May-23,106.75,107.9,108.2,106.25,1273510,-0.37%
17-May-23,107.15,109,109.4,106.35,1725503,-1.11%
16-May-23,108.35,107,109.7,106.7,3528657,1.69%
15-May-23,106.55,109,111.4,104,10032283,-1.84%
12-May-23,108.55,106.5,109.8,106.1,5366359,1.97%
11-May-23,106.45,105.45,106.6,105.2,1674733,1.48%
10-May-23,104.9,105.5,106.5,104.35,1241314,-0.24%
09-May-23,105.15,104.9,107.45,104.65,1879585,0.24%
08-May-23,104.9,105.25,105.9,104.3,1334845,0.10%
05-May-23,104.8,105.65,107.3,104.15,2441480,-0.80%
04-May-23,105.65,106.5,107,105,3382269,0.57%
03-May-23,105.05,105.85,107.25,104.6,2905981,-0.52%
02-May-23,105.6,103.65,106.5,102.75,4239996,2.82%
28-Apr-23,102.7,102.2,107.2,102.05,6799696,0.98%
27-Apr-23,101.7,101.35,102.15,100.95,1180737,0.35%
26-Apr-23,101.35,103.15,103.5,101.1,1777834,-1.75%
25-Apr-23,103.15,103.45,104.9,102.25,1524312,-0.05%
24-Apr-23,103.2,103.95,104.1,103,843083,0.10%
21-Apr-23,103.1,104.85,104.85,102.35,1286065,0.19%
20-Apr-23,102.9,103,104.3,102.55,1346022,0.29%
19-Apr-23,102.6,103.95,104.2,102.3,1312875,-0.87%
18-Apr-23,103.5,103.95,104.55,103.25,1357031,0.05%
17-Apr-23,103.45,104.4,104.45,103,1596510,-0.77%
13-Apr-23,104.25,103.9,106.2,103.3,2997070,0.82%
12-Apr-23,103.4,104.5,104.65,103,1714607,-0.62%
11-Apr-23,104.05,104.7,105.05,103.75,1739733,0.05%
10-Apr-23,104,104.85,105.45,103.5,2034271,-0.29%
06-Apr-23,104.3,106.55,107,104,2774723,-1.70%
05-Apr-23,106.1,106,107.6,104.85,3680136,0.33%
03-Apr-23,105.75,106.5,106.7,103.5,5722604,0.38%
31-Mar-23,105.35,110.2,110.8,105,11408564,-4.31%
29-Mar-23,110.1,108,110.95,105.65,6995799,2.75%
28-Mar-23,107.15,112,112,105.6,47341344,-9.69%
27-Mar-23,118.65,117.5,122.4,113.25,4588226,1.76%
24-Mar-23,116.6,118.25,119.65,115.35,2145212,-0.89%
23-Mar-23,117.65,117.2,119.25,116.1,1589780,-0.76%
22-Mar-23,118.55,118.35,120.1,116.6,2738601,0.85%
21-Mar-23,117.55,119.45,119.45,117,1935891,-0.80%
20-Mar-23,118.5,120.95,124.6,117.85,8960307,-0.84%
17-Mar-23,119.5,109,122.5,108.55,20034019,9.68%
16-Mar-23,108.95,111.45,111.45,108.2,1482266,-1.58%
15-Mar-23,110.7,109.4,111.95,108.5,2363569,2.59%
14-Mar-23,107.9,109.7,111.7,107,3966578,0.19%
13-Mar-23,107.7,116.35,116.7,106.8,7242001,-7.47%
10-Mar-23,116.4,117.25,119.3,115.85,1674290,-2.10%
09-Mar-23,118.9,117.45,123.3,117.35,4434720,1.49%
08-Mar-23,117.15,116.6,117.95,115.05,1225072,-0.17%
06-Mar-23,117.35,117.9,118.8,116.5,1425239,0.26%
03-Mar-23,117.05,117.25,119,116.2,1677545,0.39%
02-Mar-23,116.6,115.4,117.25,114.05,1348387,1.04%
01-Mar-23,115.4,114.3,116.5,113.6,2163429,1.54%
28-Feb-23,113.65,115.4,117.5,112.5,1754955,-1.47%
27-Feb-23,115.35,117.3,119.3,114.8,2023539,-2.70%
24-Feb-23,118.55,119.3,120.8,117.05,1752546,0.21%
23-Feb-23,118.3,117.4,119,115.95,1985888,0.25%
22-Feb-23,118,115.3,119.15,114.35,3356984,0.94%
21-Feb-23,116.9,119,119.85,115.5,3401943,-1.47%
20-Feb-23,118.65,111.25,119.85,110.35,6713121,6.75%
17-Feb-23,111.15,110.8,111.7,109.95,1081194,0.36%
16-Feb-23,110.75,110.2,111.95,109.75,1880672,0.91%
15-Feb-23,109.75,106.95,113,106.55,4737610,4.28%
14-Feb-23,105.25,108.25,108.45,103.5,3620495,-2.23%
13-Feb-23,107.65,113.9,114.95,105,3577470,-5.28%
10-Feb-23,113.65,113,116.3,111.5,1951198,-0.09%
09-Feb-23,113.75,117,117.4,113.35,1651480,-2.90%
08-Feb-23,117.15,118.2,119.85,116.3,2506620,-0.47%
07-Feb-23,117.7,122,122,116.3,4096400,-1.83%
06-Feb-23,119.9,113.95,120.75,113.5,4516688,5.22%
03-Feb-23,113.95,111.45,115,111.1,3910365,2.98%
02-Feb-23,110.65,112,115,110.05,2568059,-1.56%
01-Feb-23,112.4,119.3,119.3,109.5,4738212,-4.71%
31-Jan-23,117.95,106,119.25,104.25,12448242,12.33%
30-Jan-23,105,110.9,111.95,103.05,3079125,-5.41%
27-Jan-23,111,117.15,117.15,105.6,4617836,-4.60%
25-Jan-23,116.35,118.9,119.35,114.2,2094736,-2.14%
24-Jan-23,118.9,119.6,120.45,118.2,922365,-0.59%
23-Jan-23,119.6,119.9,120.9,118.5,1066390,0.25%
20-Jan-23,119.3,119.5,120.75,118.45,1110487,-0.25%
19-Jan-23,119.6,118.2,121.1,118.2,1576048,0.50%
18-Jan-23,119,121.05,122.2,118.5,2125159,-1.33%
17-Jan-23,120.6,121.15,122.75,119.7,1543635,-0.50%
16-Jan-23,121.2,123.7,123.7,120.65,1748002,-1.50%
13-Jan-23,123.05,119.4,123.9,118.5,4743171,3.58%
12-Jan-23,118.8,119.8,119.8,117.75,2248181,-0.42%
11-Jan-23,119.3,121.25,121.35,117.2,3861722,-1.28%
10-Jan-23,120.85,125.2,125.8,119.75,3424211,-3.47%
09-Jan-23,125.2,124.75,127.6,123.5,6691289,3.99%
06-Jan-23,120.4,123.1,123.5,118.6,3182421,-2.19%
05-Jan-23,123.1,121.45,124.2,119.5,3911591,1.90%
04-Jan-23,120.8,125.3,126,118.25,4098252,-3.13%
03-Jan-23,124.7,125.6,127,123.5,2287722,-0.32%
02-Jan-23,125.1,126.6,127.7,124,3324015,-1.15%
30-Dec-22,126.55,128,128.7,125.6,3659381,0.04%
29-Dec-22,126.5,132.8,134.2,125.15,8410119,-3.55%
28-Dec-22,131.15,123.9,133,123.55,12084101,5.77%
27-Dec-22,124,125,125.7,120.7,6715085,1.85%
26-Dec-22,121.75,108,124.35,106.9,10976444,13.05%
23-Dec-22,107.7,121.95,124,104.65,8232069,-12.19%
22-Dec-22,122.65,124.3,126.05,117.7,8231183,-0.81%
21-Dec-22,123.65,131,131.05,122.65,7066417,-5.65%
20-Dec-22,131.05,128.9,131.8,127.55,7813644,1.43%
19-Dec-22,129.2,127.25,130,123.6,8068881,2.99%
16-Dec-22,125.45,119,127.9,119,18589084,5.46%
15-Dec-22,118.95,118.7,122,117.15,3398250,0.21%
14-Dec-22,118.7,120.1,121.3,116.6,3807738,-0.42%
13-Dec-22,119.2,120.8,122.95,117.5,7540373,0.17%
12-Dec-22,119,112,120,111.35,10268098,7.55%
09-Dec-22,110.65,108.75,112,108.5,5120737,2.64%
08-Dec-22,107.8,110.7,110.7,107,2971015,-1.87%
07-Dec-22,109.85,113.5,113.8,108.65,4496577,-3.26%
06-Dec-22,113.55,115.2,115.4,112.3,4803825,-1.69%
05-Dec-22,115.5,110.95,116.4,110.75,12499766,5.24%
02-Dec-22,109.75,105.9,110.65,104.5,6867433,3.49%
01-Dec-22,106.05,106.95,106.95,104.35,3268207,0.14%
30-Nov-22,105.9,100,109.1,100,22588468,7.02%
29-Nov-22,98.95,99.9,101.2,98.25,1075669,-0.90%
28-Nov-22,99.85,99.45,101.3,99,1785912,-0.30%
25-Nov-22,100.15,99.25,101,97.55,2326912,1.21%
24-Nov-22,98.95,100.1,100.9,97.4,3469494,0.25%
23-Nov-22,98.7,91.95,99.8,91.65,8776915,8.22%
22-Nov-22,91.2,96,96.45,90.3,4361399,-5.00%
21-Nov-22,96,99,99.5,95.75,1844862,-2.54%
18-Nov-22,98.5,101.5,101.7,97.9,2281185,-2.09%
17-Nov-22,100.6,101,102,100.15,1433341,-0.74%
16-Nov-22,101.35,103,103.4,101,1533605,-1.94%
15-Nov-22,103.35,102.8,104.25,102.55,1156362,0.54%
14-Nov-22,102.8,103.6,103.9,101.55,1656094,-0.63%
11-Nov-22,103.45,105,105.35,102.5,2403396,0.63%
10-Nov-22,102.8,106.85,109.4,100.35,9214947,-4.19%
09-Nov-22,107.3,106.1,109.55,104.5,5728242,1.90%
07-Nov-22,105.3,105.5,106,104.1,2593516,0.81%
04-Nov-22,104.45,102,105.25,101.85,4400551,3.01%
03-Nov-22,101.4,101.5,102.25,101,1485168,-0.39%
02-Nov-22,101.8,102.5,103.35,101.05,1973158,-0.20%
01-Nov-22,102,103.3,103.3,100.7,2921976,-0.49%
31-Oct-22,102.5,105.7,106.45,102,3497589,-2.05%
28-Oct-22,104.65,102.8,105.7,102.5,7006246,1.80%
27-Oct-22,102.8,100.45,104.05,100.2,4327761,2.70%
25-Oct-22,100.1,103.65,103.8,99.55,4049530,-2.86%
24-Oct-22,103.05,101.85,103.75,101.55,2140559,3.00%
21-Oct-22,100.05,104.9,105.2,99.5,6382838,-4.26%
20-Oct-22,104.5,104.9,105.35,104.25,2889733,-0.81%
19-Oct-22,105.35,108.05,108.3,104.8,6134291,-2.18%
18-Oct-22,107.7,105,108.7,104.3,12007927,3.71%
17-Oct-22,103.85,103.5,105,101.6,5835504,0.68%
14-Oct-22,103.15,102.9,105.4,101.5,13053826,2.13%
13-Oct-22,101,96.8,103.8,96.1,18262099,4.83%
12-Oct-22,96.35,98.7,99.25,94.5,5855614,-1.28%
11-Oct-22,97.6,102.2,103,97,4694240,-4.08%
10-Oct-22,101.75,100.2,103.35,99.6,9027012,0.00%
07-Oct-22,101.75,101.7,104.65,99.6,25057038,2.26%
06-Oct-22,99.5,101.6,101.8,98.5,5349504,-0.70%
04-Oct-22,100.2,96.25,103,94.75,15329000,6.31%
03-Oct-22,94.25,96.9,97,93.6,2409104,-2.13%
30-Sep-22,96.3,95.5,97.3,94.25,4447955,1.48%
29-Sep-22,94.9,95.95,97.8,93.05,3908108,0.11%
28-Sep-22,94.8,95.3,99.3,94,9052399,-1.96%
27-Sep-22,96.7,90.75,97.7,86.8,9094696,8.35%
26-Sep-22,89.25,92.7,93,85.8,3509626,-4.19%
23-Sep-22,93.15,95.5,95.65,91.85,3024413,-0.64%
22-Sep-22,93.75,94.35,96,91.55,3227593,0.11%
21-Sep-22,93.65,96.15,97.45,92.5,3143324,-3.25%
20-Sep-22,96.8,98.5,100,96.25,5922030,-0.92%
19-Sep-22,97.7,95.1,98.45,93.25,7307054,3.61%
16-Sep-22,94.3,97.7,100.5,93.25,10394750,-3.18%
15-Sep-22,97.4,94.1,101.4,92.7,28343707,6.04%
14-Sep-22,91.85,81.9,93.75,81.5,17250461,9.93%
13-Sep-22,83.55,81.6,84.95,81.6,2967675,2.39%
12-Sep-22,81.6,82.9,83.55,81.05,983855,-1.03%
09-Sep-22,82.45,84.8,84.9,81.4,1716231,-0.66%
08-Sep-22,83,82.9,83.75,82.2,1856604,0.97%
07-Sep-22,82.2,80.45,82.85,80,2246960,1.48%
06-Sep-22,81,83,83.45,80.5,1594766,-1.94%
05-Sep-22,82.6,84.65,85.5,82.1,2444958,-2.59%
02-Sep-22,84.8,84.6,85.8,83.9,3988803,1.19%
01-Sep-22,83.8,81.6,85.25,81,7053833,2.63%
30-Aug-22,81.65,78.25,84.2,78.25,10721838,5.63%
29-Aug-22,77.3,78.1,78.7,77,2318315,-2.77%
26-Aug-22,79.5,82,82.4,78.55,4128275,-2.45%
25-Aug-22,81.5,80.65,82.7,80.6,6240568,1.81%
24-Aug-22,80.05,77.45,82.85,77,17794960,3.49%
23-Aug-22,77.35,69.8,78,69.75,14778331,10.11%
22-Aug-22,70.25,70.5,70.8,69.75,666533,0.36%
19-Aug-22,70,70.8,71.5,69.75,1511227,-1.13%
18-Aug-22,70.8,70.8,72.9,70.6,1444890,0.43%
17-Aug-22,70.5,70.75,71.1,70,781193,0.36%
16-Aug-22,70.25,69.9,71.4,69.5,957353,0.43%
12-Aug-22,69.95,70.35,71.65,69.1,1170144,-0.14%
11-Aug-22,70.05,70.5,70.85,69.35,1089653,1.16%
10-Aug-22,69.25,71,71.3,69,916155,-3.01%
08-Aug-22,71.4,72,72,70.35,1347086,0.28%
05-Aug-22,71.2,71.6,73.35,70.35,5278841,1.28%
04-Aug-22,70.3,67,72.35,67,11590096,5.71%
03-Aug-22,66.5,66,66.8,65.5,566955,0.83%
02-Aug-22,65.95,65.75,66.8,65.4,791241,0.53%
01-Aug-22,65.6,65.05,66.1,65,688121,0.85%
29-Jul-22,65.05,65.8,66.45,64.6,450671,-0.61%
28-Jul-22,65.45,65.95,66.3,65.1,458110,-0.38%
27-Jul-22,65.7,64.05,66.25,64.05,625181,2.02%
26-Jul-22,64.4,65.1,65.25,63.85,249754,-1.00%
25-Jul-22,65.05,64.8,66.3,64.55,1001791,0.31%
22-Jul-22,64.85,64.9,65.2,64.3,769894,-0.08%
21-Jul-22,64.9,65.5,65.95,64.7,760020,-0.76%
20-Jul-22,65.4,66.5,66.8,65.1,494229,-0.23%
19-Jul-22,65.55,65.35,66.2,65.15,623992,0.31%
18-Jul-22,65.35,66.35,66.7,64.8,892548,-1.36%
15-Jul-22,66.25,66,67,65.65,1431294,0.91%
14-Jul-22,65.65,63.9,67.1,63.9,4454143,2.74%
13-Jul-22,63.9,63.75,64.9,63.5,611846,0.47%
12-Jul-22,63.6,64,65.25,63,942860,-0.24%
11-Jul-22,63.75,62.95,64.25,62.35,1256568,1.27%
08-Jul-22,62.95,64,64.25,62.5,426126,-1.10%
07-Jul-22,63.65,63.5,65,62.5,2440165,4.00%
06-Jul-22,61.2,61.2,61.75,61,192572,0.00%
05-Jul-22,61.2,61.15,61.85,60.75,306264,0.00%
04-Jul-22,61.2,61,62.15,60.25,385143,-0.33%
01-Jul-22,61.4,58.5,61.8,58.05,501257,2.50%
30-Jun-22,59.9,60.3,61.6,59.65,188721,-1.07%
29-Jun-22,60.55,59.95,61.95,59.3,378956,0.17%
28-Jun-22,60.45,58.8,61,58,664986,3.42%
27-Jun-22,58.45,58.95,59.5,58,192699,0.17%
24-Jun-22,58.35,58.6,58.95,57.9,164065,0.09%
23-Jun-22,58.3,58.3,58.85,57.65,230465,0.78%
22-Jun-22,57.85,57.7,59.2,57.05,406778,1.40%
21-Jun-22,57.05,57.15,58.05,56.05,340891,2.15%
20-Jun-22,55.85,57.5,57.85,55.05,378244,-2.70%
17-Jun-22,57.4,58.2,58.2,56.05,393636,-1.03%
16-Jun-22,58,59.35,59.35,57.55,297861,-0.94%
15-Jun-22,58.55,58.3,59.4,58.3,200073,0.43%
14-Jun-22,58.3,58.95,59.35,58,207522,-0.51%
13-Jun-22,58.6,59,59.75,58.3,245287,-2.25%
10-Jun-22,59.95,59.8,60.8,59.6,235315,-0.83%
09-Jun-22,60.45,60,60.85,59.7,153599,0.67%
08-Jun-22,60.05,60.9,60.95,59.8,366577,-0.41%
07-Jun-22,60.3,60.55,61.4,60,351697,-0.66%
06-Jun-22,60.7,60.35,61.2,60.05,269171,0.33%
03-Jun-22,60.5,61,61.9,60.05,294890,-1.14%
02-Jun-22,61.2,60.5,61.75,60.2,405365,0.91%
01-Jun-22,60.65,60.2,61.4,60.2,259851,0.83%
31-May-22,60.15,59.8,60.8,59.1,424241,1.26%
30-May-22,59.4,59.45,59.75,59,395617,1.80%
27-May-22,58.35,59,59.5,57.4,443877,-0.77%
26-May-22,58.8,59.4,59.65,57,523012,0.00%
25-May-22,58.8,60.45,60.65,58.05,350694,-1.84%
24-May-22,59.9,61.1,61.55,58.55,285750,-1.80%
23-May-22,61,62.15,63.1,60.2,1429637,-1.61%
20-May-22,62,61.35,63.1,61.15,1612998,1.56%
19-May-22,61.05,60.9,61.75,60.45,630356,-2.09%
18-May-22,62.35,63.25,63.75,62.05,739796,-1.89%
17-May-22,63.55,63.15,64.3,62.45,1134935,0.16%
16-May-22,63.45,62.55,64.1,60.7,1643188,2.84%
13-May-22,61.7,62.95,63.4,58.85,2245479,-0.24%
12-May-22,61.85,61.3,66.25,59.5,5799208,0.65%
11-May-22,61.45,59.35,67.7,55.15,2526128,5.13%
10-May-22,58.45,59.3,60.3,58,421754,-1.43%
09-May-22,59.3,60,60,58.75,384754,-1.50%
06-May-22,60.2,59.4,61.5,58.3,564404,-0.41%
05-May-22,60.45,60.7,61.5,60.2,344826,0.08%
04-May-22,60.4,61.1,61.75,60.1,760085,-0.33%
02-May-22,60.6,60.35,61.8,60.35,509294,-0.49%
29-Apr-22,60.9,62.25,62.5,60.7,325871,-1.30%
28-Apr-22,61.7,62.2,62.85,61.45,383496,-0.80%
27-Apr-22,62.2,63,63.2,62.05,479314,-1.58%
26-Apr-22,63.2,62.95,63.75,62.45,417059,2.02%
25-Apr-22,61.95,62.8,62.8,61.55,426185,-1.90%
22-Apr-22,63.15,63.4,64.25,62.9,347322,-1.56%
21-Apr-22,64.15,63.9,64.8,63.6,461748,1.74%
20-Apr-22,63.05,63,64.95,62.8,828967,0.40%
19-Apr-22,62.8,64.6,64.85,61.5,414094,-1.88%
18-Apr-22,64,65.45,65.45,63.85,584317,-2.44%
13-Apr-22,65.6,64.6,66.4,64.55,756829,1.71%
12-Apr-22,64.5,65.15,65.45,64.35,551039,-1.68%
11-Apr-22,65.6,66.25,66.9,65.4,588932,-0.91%
08-Apr-22,66.2,66.5,67,65.6,848713,0.15%
07-Apr-22,66.1,66.3,67.05,64.5,1496782,-0.30%
06-Apr-22,66.3,64.15,66.95,63.75,1645905,3.03%
05-Apr-22,64.35,65.5,65.8,63.9,1238490,-0.23%
04-Apr-22,64.5,62.1,64.9,61.8,2283216,4.20%
01-Apr-22,61.9,59.7,62.8,59.15,1571336,5.36%
31-Mar-22,58.75,61,61.25,57.7,2185831,-3.61%
30-Mar-22,60.95,61,61.7,60.55,844773,0.25%
29-Mar-22,60.8,59.05,61.4,59.05,1551398,2.96%
28-Mar-22,59.05,59.5,60.25,58.7,898157,-0.92%
25-Mar-22,59.6,60.5,60.55,59.5,519793,-0.08%
24-Mar-22,59.65,60,60.55,59.5,732190,-1.00%
23-Mar-22,60.25,61.7,61.7,60,714843,-1.63%
22-Mar-22,61.25,60.5,62,60.4,618761,0.57%
21-Mar-22,60.9,61.4,61.8,60.75,537777,-0.41%
17-Mar-22,61.15,61.2,62.2,61,895668,0.74%
16-Mar-22,60.7,60.7,61.2,60.55,271658,0.75%
15-Mar-22,60.25,60.5,61.35,60,419794,-0.33%
14-Mar-22,60.45,61.8,62.25,59.8,585437,-1.55%
11-Mar-22,61.4,61.8,62.3,61.1,352527,-0.65%
10-Mar-22,61.8,62.65,64,61.5,720742,0.49%
09-Mar-22,61.5,60.2,62.2,59.9,1076052,2.50%
08-Mar-22,60,60.1,61.4,59.4,786240,-0.17%
07-Mar-22,60.1,60.9,61.6,59.85,1486107,-2.99%
04-Mar-22,61.95,59,63.75,58.5,3161649,3.86%
03-Mar-22,59.65,59.7,60.5,59.3,486538,1.02%
02-Mar-22,59.05,58.95,59.7,58.4,848572,0.17%
28-Feb-22,58.95,59.3,59.4,58.25,667966,-0.84%
25-Feb-22,59.45,56.9,59.9,56.9,1147732,6.26%
24-Feb-22,55.95,57.8,58.2,55.65,1577213,-5.57%
23-Feb-22,59.25,59.65,60.95,59.1,1138404,0.00%
22-Feb-22,59.25,60,60.05,59,1397037,-1.99%
21-Feb-22,60.45,62,62.55,60,938772,-2.97%
18-Feb-22,62.3,62.85,62.9,62.1,457980,-1.03%
17-Feb-22,62.95,64.2,64.2,62.65,450943,-0.87%
16-Feb-22,63.5,63.65,64.5,63.3,578122,0.32%
15-Feb-22,63.3,62.5,64.4,62.3,873748,0.88%
14-Feb-22,62.75,63.25,63.85,62.5,833498,-2.41%
11-Feb-22,64.3,64.7,64.75,64.1,674997,-0.85%
10-Feb-22,64.85,65.5,65.5,64.6,567374,0.00%
09-Feb-22,64.85,65.4,65.6,64.6,806503,-0.23%
08-Feb-22,65,66,66.15,64.55,869311,-1.22%
07-Feb-22,65.8,66.85,67.25,65.35,1148681,-1.57%
04-Feb-22,66.85,68.25,68.75,66.6,1417826,-1.33%
03-Feb-22,67.75,70.05,71.5,67.5,4343392,-2.87%
02-Feb-22,69.75,67.45,70.75,67,2679222,4.49%
01-Feb-22,66.75,67.25,67.7,66,927467,0.30%
31-Jan-22,66.55,67.2,67.45,66.4,412311,0.38%
28-Jan-22,66.3,66.4,67.25,66,602287,0.99%
27-Jan-22,65.65,66.45,66.45,65.2,540528,-0.98%
25-Jan-22,66.3,65.55,66.7,63.4,901327,1.84%
24-Jan-22,65.1,67.5,67.8,64.85,1015692,-3.98%
21-Jan-22,67.8,67.9,68.2,67.2,641849,-0.15%
20-Jan-22,67.9,68.2,69,67.65,983462,-0.07%
19-Jan-22,67.95,68.75,69.1,67.75,678845,-1.16%
18-Jan-22,68.75,70,70.2,68.3,626355,-1.36%
17-Jan-22,69.7,70.05,70.5,69.4,837030,-0.29%
14-Jan-22,69.9,69.7,70.4,69.4,1133903,0.07%
13-Jan-22,69.85,70,70.8,69,776934,0.00%
12-Jan-22,69.85,70.65,71.55,69.35,1041897,-0.36%
11-Jan-22,70.1,71.15,71.8,70,1073623,-1.96%
10-Jan-22,71.5,72.35,72.35,71,922307,-0.07%
07-Jan-22,71.55,74,74.9,71.1,2835155,-0.42%
06-Jan-22,71.85,71.65,73.9,71.25,1273468,-1.71%
05-Jan-22,73.1,71.6,75.9,70.05,5008147,3.10%
04-Jan-22,70.9,68.45,71.9,68.1,1846950,3.88%
03-Jan-22,68.25,68.75,68.9,68,557353,-0.29%
31-Dec-21,68.45,66.95,68.9,66.95,777625,2.47%
30-Dec-21,66.8,67.4,67.45,66.6,364153,-0.45%
29-Dec-21,67.1,67.45,68,66.9,425196,-0.81%
28-Dec-21,67.65,67.35,68.6,67.35,508037,0.59%
27-Dec-21,67.25,66.95,68.35,66.5,492504,-0.74%
24-Dec-21,67.75,68.05,68.65,66.8,547612,0.30%
23-Dec-21,67.55,68,68.25,67.2,379276,-0.07%
22-Dec-21,67.6,67.8,68.15,67.1,341851,0.52%
21-Dec-21,67.25,67.7,68.2,67.05,538810,0.82%
20-Dec-21,66.7,67.9,67.9,64.7,1216604,-2.27%
17-Dec-21,68.25,69.9,70.15,67.75,1054141,-2.92%
16-Dec-21,70.3,69.3,71.5,68.1,1364036,1.44%
15-Dec-21,69.3,69.5,70.25,68.7,539363,-0.72%
14-Dec-21,69.8,69.9,70.8,69.45,482990,-0.92%
13-Dec-21,70.45,71.8,72.55,70.1,763279,-1.81%
10-Dec-21,71.75,70.25,72.15,70.1,1084269,1.77%
09-Dec-21,70.5,69,71.2,68.55,980726,2.62%
08-Dec-21,68.7,68.3,69.15,68.3,526127,1.25%
07-Dec-21,67.85,68.45,68.7,67,584583,0.22%
06-Dec-21,67.7,69.3,70.8,67.3,932923,-2.17%
03-Dec-21,69.2,69,70.4,67.05,1360164,1.76%
02-Dec-21,68,69,69.2,67.65,469526,0.15%
01-Dec-21,67.9,67.7,68.5,67,447120,1.27%
30-Nov-21,67.05,67.6,69.3,66.5,937471,0.98%
29-Nov-21,66.4,67.4,68,64.45,1123298,-1.48%
26-Nov-21,67.4,69.95,70.6,67,1397409,-4.73%
25-Nov-21,70.75,71,72,70.25,430214,-0.98%
24-Nov-21,71.45,70.1,72.75,70.1,1013630,1.93%
23-Nov-21,70.1,69,70.5,68,1027655,2.34%
22-Nov-21,68.5,73.5,73.75,68.1,1408933,-5.97%
18-Nov-21,72.85,74.95,75,72.05,1065707,-2.35%
17-Nov-21,74.6,75,75.85,74.2,868825,-1.00%
16-Nov-21,75.35,75.8,76.6,75.15,797993,-0.59%
15-Nov-21,75.8,78.55,78.55,75.2,1744959,-2.88%
12-Nov-21,78.05,80.4,80.5,77.25,1430120,-2.25%
11-Nov-21,79.85,81.9,82.45,79.5,2821262,-2.02%
10-Nov-21,81.5,78.25,83.6,78,10337151,3.62%
09-Nov-21,78.65,78.3,79.8,78,1554141,0.45%
08-Nov-21,78.3,78,78.7,77.25,1521242,0.38%
04-Nov-21,78,78.45,79.1,77.7,572607,0.58%
03-Nov-21,77.55,78.6,79.3,77.25,2388363,-0.51%
02-Nov-21,77.95,77.8,79.5,77.65,2138948,1.70%
01-Nov-21,76.65,76.3,77.55,76.3,870108,0.52%
29-Oct-21,76.25,76.25,78.15,75.65,1947467,-0.39%
28-Oct-21,76.55,77.7,78.4,76,2121676,0.39%
27-Oct-21,76.25,76,78.6,75.4,3410455,0.59%
26-Oct-21,75.8,74.55,76,74.15,914208,2.23%
25-Oct-21,74.15,75.4,75.95,72,1283955,-1.66%
22-Oct-21,75.4,76.75,77.35,74.8,1743376,-0.26%
21-Oct-21,75.6,75.4,79.3,75.05,3135469,0.73%
20-Oct-21,75.05,75.65,76.7,74.55,1358479,-0.60%
19-Oct-21,75.5,78,78.65,75,1767147,-3.14%
18-Oct-21,77.95,79.5,80.5,77.65,2828462,-1.08%
14-Oct-21,78.8,78.65,80.85,78.1,3033952,1.03%
13-Oct-21,78,79.65,80.25,77.85,2240618,-1.27%
12-Oct-21,79,77.95,80.3,77.85,2382805,1.22%
11-Oct-21,78.05,78.5,80.4,77,3677288,0.06%
08-Oct-21,78,80.9,81.85,77.3,4768071,-2.44%
07-Oct-21,79.95,76,80.55,75.35,16086688,13.32%
06-Oct-21,70.55,72.3,72.5,70.2,1064338,-2.42%
05-Oct-21,72.3,73.1,73.4,72.2,690812,-1.50%
04-Oct-21,73.4,74.1,74.95,73.1,948110,-0.14%
01-Oct-21,73.5,72.8,74.15,72,1633264,0.82%
30-Sep-21,72.9,70.85,74.2,70.4,2689149,4.07%
29-Sep-21,70.05,68.95,70.5,68.1,604182,1.45%
28-Sep-21,69.05,69.4,69.75,68.5,674544,-0.07%
27-Sep-21,69.1,70.4,70.8,68.5,573795,-0.58%
24-Sep-21,69.5,70.65,70.65,68.75,860080,-0.57%
23-Sep-21,69.9,71.3,73,69.05,1506590,-1.06%
22-Sep-21,70.65,68.05,72,68.05,1579783,4.05%
21-Sep-21,67.9,69.65,69.65,67,1366605,-2.51%
20-Sep-21,69.65,70.1,71.65,69.05,1045261,-3.13%
17-Sep-21,71.9,73.3,73.35,70.25,1764057,-1.03%
16-Sep-21,72.65,72.5,74.4,71.65,2872057,1.89%
15-Sep-21,71.3,67.1,72.2,67,4500779,6.98%
14-Sep-21,66.65,66.7,66.9,66.25,617145,1.29%
13-Sep-21,65.8,66.65,67.05,65.7,695057,-0.23%
09-Sep-21,65.95,67,67.25,65.6,702325,-1.49%
08-Sep-21,66.95,68,68,66.6,743322,-0.45%
07-Sep-21,67.25,67.7,68.5,66.25,1297910,0.90%
06-Sep-21,66.65,66.1,67.9,66.1,962796,0.68%
03-Sep-21,66.2,65.65,67.3,64.5,2683374,1.92%
02-Sep-21,64.95,66,66.5,64.75,1403621,-2.04%
01-Sep-21,66.3,67.4,67.85,65.85,898242,-1.19%
31-Aug-21,67.1,63.55,69.25,63.15,3789051,6.59%
30-Aug-21,62.95,63.7,63.7,62.7,892859,0.08%
27-Aug-21,62.9,62.95,63.35,62.5,351021,-0.08%
26-Aug-21,62.95,63.7,63.7,62.7,423669,-0.55%
25-Aug-21,63.3,62.8,63.7,62.5,677773,1.61%
24-Aug-21,62.3,62.35,62.85,61.8,571981,0.40%
23-Aug-21,62.05,62.05,63.75,61.5,1129181,0.40%
20-Aug-21,61.8,62.5,62.5,61,1016543,-1.67%
18-Aug-21,62.85,63.55,64.65,62.6,961663,-1.80%
17-Aug-21,64,65.6,66.15,63.8,1229952,-1.54%
16-Aug-21,65,66,66.15,64.85,684069,-1.66%
13-Aug-21,66.1,67.1,67.45,66,1012263,-1.49%
12-Aug-21,67.1,68.15,68.15,66.6,1196316,0.15%
11-Aug-21,67,66,67.35,63.75,3075150,1.52%
10-Aug-21,66,67.35,67.5,64.85,3626336,-1.27%
09-Aug-21,66.85,68,68.5,66.5,2722708,0.00%
06-Aug-21,66.85,71.05,71.45,66.1,11092950,-5.65%
05-Aug-21,70.85,72.8,72.8,70.45,953982,-2.14%
04-Aug-21,72.4,74.55,75.3,72.3,1136730,-2.56%
03-Aug-21,74.3,72.2,75.7,71.8,4097464,3.55%
02-Aug-21,71.75,72.15,72.35,71.1,1081486,1.13%
30-Jul-21,70.95,71,71.4,70.35,1017106,0.00%
29-Jul-21,70.95,70.85,71.6,70.75,769212,0.14%
28-Jul-21,70.85,72.05,72.35,70.4,1056740,-1.67%
27-Jul-21,72.05,72.15,73.1,71,1862309,-0.07%
26-Jul-21,72.1,71.5,74.15,71.3,1255438,-0.28%
23-Jul-21,72.3,73.8,73.95,72.1,667563,-1.36%
22-Jul-21,73.3,73.3,74.35,73,896398,1.24%
20-Jul-21,72.4,72.35,74.5,70.3,1503996,-0.55%
19-Jul-21,72.8,74.95,74.95,72.25,1578263,-2.93%
16-Jul-21,75,75,75.9,74.8,854839,-0.13%
15-Jul-21,75.1,76.35,76.5,74.5,2133637,-1.25%
14-Jul-21,76.05,76.1,77.35,75.85,1734193,-0.59%
13-Jul-21,76.5,77.05,77.5,76,2483478,-0.20%
12-Jul-21,76.65,78.25,78.35,76.55,1260750,-1.10%
09-Jul-21,77.5,77.4,78.15,77.05,927960,-0.58%
08-Jul-21,77.95,79,79.3,77.65,2116905,0.58%
07-Jul-21,77.5,78,79.6,77.1,2372762,1.04%
06-Jul-21,76.7,77,78.65,76.3,1320043,-0.39%
05-Jul-21,77,79.5,79.5,76.6,2033534,-1.35%
02-Jul-21,78.05,76.4,78.8,76.35,1246799,2.23%
01-Jul-21,76.35,78.2,78.3,74.8,1564595,-2.43%
30-Jun-21,78.25,77.2,78.8,77.05,1510378,1.03%
29-Jun-21,77.45,78.05,79.1,77.2,928364,-1.78%
28-Jun-21,78.85,79.9,80.6,78.5,880358,-0.44%
25-Jun-21,79.2,80.1,80.1,78.6,1068780,-0.69%
24-Jun-21,79.75,80.5,81.3,79.5,1775776,-1.36%
23-Jun-21,80.85,82.1,82.25,80.1,1254806,-0.80%
22-Jun-21,81.5,81.25,83.15,80.95,2739458,2.07%
21-Jun-21,79.85,77.5,81.4,77.3,2034688,-0.81%
18-Jun-21,80.5,82.15,82.6,76,3070198,-1.71%
17-Jun-21,81.9,82.75,84.8,81.5,3029064,0.12%
16-Jun-21,81.8,84,84.5,81.5,2821152,-1.74%
15-Jun-21,83.25,83.8,85.65,82.85,2155056,-0.54%
14-Jun-21,83.7,85.3,85.35,80.1,3921589,-1.76%
11-Jun-21,85.2,86.55,87.1,84.3,2646097,-1.27%
10-Jun-21,86.3,87,88.25,85.85,5456977,1.05%
09-Jun-21,85.4,83.15,89.75,82.3,15698948,4.66%
08-Jun-21,81.6,83.75,84.5,79.25,4806090,-1.92%
07-Jun-21,83.2,82.45,84.65,82.05,7670757,2.91%
04-Jun-21,80.85,72.25,82.65,72.2,23826899,13.71%
03-Jun-21,71.1,70.75,71.6,70.1,3959414,1.21%
02-Jun-21,70.25,69.3,70.8,68.1,4229691,3.38%
01-Jun-21,67.95,67,69.2,67,3204915,1.72%
31-May-21,66.8,68,68.2,66.6,2315437,-1.62%
28-May-21,67.9,69.8,70,67.5,4577224,-0.88%
27-May-21,68.5,71.8,72.7,68.15,7219130,-3.79%
26-May-21,71.2,69,72.4,69,8567087,4.94%
25-May-21,67.85,64,68.4,63.5,12120772,7.70%
24-May-21,63,62.05,63.65,61.7,3276413,1.78%
21-May-21,61.9,61.1,64,59.85,6130052,3.00%
20-May-21,60.1,61.7,61.9,59.8,2434240,-1.80%
19-May-21,61.2,61.25,61.6,60.85,1122948,-0.08%
18-May-21,61.25,60.75,61.45,60.75,1192298,0.82%
17-May-21,60.75,61.2,61.7,60.3,1084150,-0.08%
14-May-21,60.8,63,63.95,60.2,2581690,-2.49%
12-May-21,62.35,64.45,64.9,61.8,2592651,-1.97%
11-May-21,63.6,61.5,64.9,61,4982475,3.41%
10-May-21,61.5,59.4,62,59.2,3883522,4.59%
07-May-21,58.8,57,59.65,56.3,4763134,3.70%
06-May-21,56.7,58.45,58.8,56.6,2238052,-2.41%
05-May-21,58.1,58.5,59.5,58,1580604,-0.26%
04-May-21,58.25,58.65,60.7,58.1,2298017,-0.68%
03-May-21,58.65,59.7,59.7,58.55,1696511,-2.09%
30-Apr-21,59.9,61,61.2,59.75,2347572,-2.20%
29-Apr-21,61.25,62,62.85,61.1,1938409,-0.65%
28-Apr-21,61.65,61.55,62.9,60.6,4057145,0.41%
27-Apr-21,61.4,64,64.8,61.2,3532919,-3.84%
26-Apr-21,63.85,65.9,67,63.75,2193105,-2.67%
23-Apr-21,65.6,66.6,66.7,65.5,1823091,-1.65%
22-Apr-21,66.7,67,67.15,66.4,851612,-0.67%
20-Apr-21,67.15,67.2,68.35,66.8,797720,0.45%
19-Apr-21,66.85,67.8,67.8,65.7,1228866,-2.98%
16-Apr-21,68.9,69,69.7,68.8,909629,-0.14%
15-Apr-21,69,69,69.85,68.55,896321,-0.43%
13-Apr-21,69.3,69,69.85,68.05,1439847,1.39%
12-Apr-21,68.35,70.9,70.9,68,2042113,-3.73%
09-Apr-21,71,73,73.1,70.45,2357516,-2.54%
08-Apr-21,72.85,71.9,75,71.4,4824848,4.22%
07-Apr-21,69.9,70.55,70.9,69.8,1625067,-0.64%
06-Apr-21,70.35,70.3,71.25,69.1,2379469,0.64%
05-Apr-21,69.9,71.5,71.5,68.55,2399032,-2.10%
01-Apr-21,71.4,68.6,72.75,68.2,7403570,4.85%
31-Mar-21,68.1,71.75,71.75,67.65,4659613,-3.88%
30-Mar-21,70.85,75.95,77.9,69.65,11092972,-5.78%
