Trend,Start Date,End Date,Profit
DOWN,2010-01-21,2010-01-21,0.0
DOWN,2010-01-21,2010-01-27,761.3199999999997
DOWN,2010-01-27,2010-01-29,-68.13999999999942
UP,2010-01-29,2010-02-02,-194.51999999999862
DOWN,2010-02-02,2010-02-03,-332.60999999999876
UP,2010-02-03,2010-02-05,-705.119999999999
DOWN,2010-02-05,2010-02-09,-251.25
UP,2010-02-09,2010-02-10,-120.01000000000022
DOWN,2010-02-10,2010-02-11,-230.42000000000007
UP,2010-02-11,2010-02-15,-114.23999999999978
DOWN,2010-02-15,2010-02-17,-390.5599999999995
UP,2010-02-17,2010-02-19,-237.28000000000065
DOWN,2010-02-19,2010-02-23,-94.69000000000051
UP,2010-02-23,2010-02-25,-32.11999999999898
DOWN,2010-02-25,2010-03-03,-745.8099999999977
UP,2010-03-03,2010-03-04,-28.30999999999767
DOWN,2010-03-04,2010-03-08,-130.89999999999782
UP,2010-03-08,2010-03-09,-50.05999999999767
DOWN,2010-03-09,2010-03-11,-115.41999999999825
UP,2010-03-11,2010-03-15,-2.969999999997526
DOWN,2010-03-15,2010-03-19,-413.23999999999796
UP,2010-03-19,2010-03-22,-167.65999999999985
DOWN,2010-03-22,2010-03-29,-300.77999999999884
UP,2010-03-29,2010-03-31,-183.5799999999981
DOWN,2010-03-31,2010-04-07,-442.25
UP,2010-04-07,2010-04-08,-255.61999999999898
DOWN,2010-04-08,2010-04-09,-218.73999999999796
UP,2010-04-09,2010-04-19,-532.4599999999991
DOWN,2010-04-19,2010-04-26,-344.59999999999854
UP,2010-04-26,2010-04-28,-365.1999999999971
DOWN,2010-04-28,2010-04-30,-178.62999999999738
UP,2010-04-30,2010-05-07,-789.5999999999985
DOWN,2010-05-07,2010-05-10,-561.4399999999987
UP,2010-05-10,2010-05-11,-189.02000000000044
DOWN,2010-05-11,2010-05-13,-124.34000000000015
UP,2010-05-13,2010-05-17,-430.3099999999977
DOWN,2010-05-17,2010-05-18,-40.19999999999709
UP,2010-05-18,2010-05-19,-467.2699999999968
DOWN,2010-05-19,2010-05-20,-111.18999999999869
UP,2010-05-20,2010-05-21,-74.06999999999971
DOWN,2010-05-21,2010-05-24,-23.93999999999869
UP,2010-05-24,2010-05-25,-447.0699999999997
DOWN,2010-05-25,2010-05-31,-922.1500000000015
UP,2010-05-31,2010-06-01,-372.6000000000022
DOWN,2010-06-01,2010-06-04,-545.6599999999999
UP,2010-06-04,2010-06-08,-500.59000000000015
DOWN,2010-06-08,2010-06-17,-999.5900000000001
UP,2010-06-17,2010-06-18,-45.86999999999898
DOWN,2010-06-18,2010-06-21,-305.72999999999956
UP,2010-06-21,2010-06-22,-126.86000000000058
DOWN,2010-06-22,2010-06-23,-6.25
UP,2010-06-23,2010-06-25,-181.40999999999985
DOWN,2010-06-25,2010-06-28,-199.72999999999956
UP,2010-06-28,2010-06-29,-240.16999999999825
DOWN,2010-06-29,2010-06-30,-166.8100000000013
UP,2010-06-30,2010-07-05,-259.46000000000276
DOWN,2010-07-05,2010-07-06,-173.04000000000087
UP,2010-07-06,2010-07-07,-143.45000000000073
DOWN,2010-07-07,2010-07-13,-514.8700000000026
UP,2010-07-13,2010-07-15,-76.44000000000233
DOWN,2010-07-15,2010-07-16,-46.36000000000058
UP,2010-07-16,2010-07-20,-77.68000000000029
DOWN,2010-07-20,2010-07-23,-252.84000000000015
UP,2010-07-23,2010-07-26,-110.93000000000029
DOWN,2010-07-26,2010-07-27,-57.56000000000131
UP,2010-07-27,2010-07-28,-120.2400000000016
DOWN,2010-07-28,2010-07-29,-34.63000000000102
UP,2010-07-29,2010-07-30,-123.70999999999913
DOWN,2010-07-30,2010-08-04,-349.1499999999978
UP,2010-08-04,2010-08-06,-73.44999999999709
DOWN,2010-08-06,2010-08-09,-143.5099999999984
UP,2010-08-09,2010-08-11,-217.3100000000013
DOWN,2010-08-11,2010-08-13,-96.84000000000015
UP,2010-08-13,2010-08-17,-118.18000000000029
DOWN,2010-08-17,2010-08-19,-406.09000000000015
UP,2010-08-19,2010-08-20,-53.11999999999898
DOWN,2010-08-20,2010-08-23,-7.529999999998836
UP,2010-08-23,2010-08-25,-229.70999999999913
DOWN,2010-08-25,2010-08-26,-46.70999999999913
UP,2010-08-26,2010-08-27,-227.9399999999987
DOWN,2010-08-27,2010-08-30,-33.70000000000073
UP,2010-08-30,2010-08-31,-60.9900000000016
DOWN,2010-08-31,2010-09-02,-267.1900000000023
UP,2010-09-02,2010-09-03,-16.88000000000102
DOWN,2010-09-03,2010-09-15,-1280.6800000000003
UP,2010-09-15,2010-09-16,-84.61999999999898
DOWN,2010-09-16,2010-09-21,-584.0599999999977
UP,2010-09-21,2010-09-23,-140.54000000000087
DOWN,2010-09-23,2010-09-27,-256.3700000000026
UP,2010-09-27,2010-09-29,-161.04000000000087
DOWN,2010-09-29,2010-10-04,-519.3899999999994
UP,2010-10-04,2010-10-05,-68.02000000000044
DOWN,2010-10-05,2010-10-06,-135.37000000000262
UP,2010-10-06,2010-10-08,-292.82000000000335
DOWN,2010-10-08,2010-10-11,-89.63000000000102
UP,2010-10-11,2010-10-12,-136.54999999999927
DOWN,2010-10-12,2010-10-13,-484.5400000000009
UP,2010-10-13,2010-10-15,-562.8300000000017
DOWN,2010-10-15,2010-10-18,-43.840000000000146
UP,2010-10-18,2010-10-20,-296.73999999999796
DOWN,2010-10-20,2010-10-21,-388.4300000000003
UP,2010-10-21,2010-10-22,-94.72000000000116
DOWN,2010-10-22,2010-10-25,-137.2599999999984
UP,2010-10-25,2010-10-28,-362.0799999999981
DOWN,2010-10-28,2010-11-01,-414.59000000000015
UP,2010-11-01,2010-11-02,-9.940000000002328
DOWN,2010-11-02,2010-11-05,-659.2700000000004
UP,2010-11-05,2010-11-08,-152.5799999999981
DOWN,2010-11-08,2010-11-09,-80.09999999999854
UP,2010-11-09,2010-11-12,-775.5900000000001
DOWN,2010-11-12,2010-11-15,-152.79999999999927
UP,2010-11-15,2010-11-16,-444.5499999999993
DOWN,2010-11-16,2010-11-18,-65.5
UP,2010-11-18,2010-11-19,-345.2000000000007
DOWN,2010-11-19,2010-11-22,-372.15000000000146
UP,2010-11-22,2010-11-26,-820.9799999999996
DOWN,2010-11-26,2010-12-02,-856.0900000000001
UP,2010-12-02,2010-12-03,-25.770000000000437
DOWN,2010-12-03,2010-12-06,-14.380000000001019
UP,2010-12-06,2010-12-09,-738.9500000000007
DOWN,2010-12-09,2010-12-14,-556.8299999999981
UP,2010-12-14,2010-12-15,-151.41999999999825
DOWN,2010-12-15,2010-12-21,-412.5499999999993
UP,2010-12-21,2010-12-23,-77.43999999999869
DOWN,2010-12-23,2010-12-24,-90.77999999999884
UP,2010-12-24,2010-12-28,-48.2400000000016
DOWN,2010-12-28,2011-01-03,-535.630000000001
UP,2011-01-03,2011-01-11,-1364.7099999999991
DOWN,2011-01-11,2011-01-12,-337.7599999999984
UP,2011-01-12,2011-01-14,-673.6599999999999
DOWN,2011-01-14,2011-01-18,-231.61000000000058
UP,2011-01-18,2011-01-19,-113.72999999999956
DOWN,2011-01-19,2011-01-20,-68.22000000000116
UP,2011-01-20,2011-01-21,-39.01000000000204
DOWN,2011-01-21,2011-01-24,-143.75
UP,2011-01-24,2011-02-01,-1129.0599999999977
DOWN,2011-02-01,2011-02-03,-427.09000000000015
UP,2011-02-03,2011-02-04,-441.15999999999985
DOWN,2011-02-04,2011-02-07,-29.039999999997235
UP,2011-02-07,2011-02-10,-574.1499999999978
DOWN,2011-02-10,2011-02-17,-1043.7799999999988
UP,2011-02-17,2011-02-18,-295.2999999999993
DOWN,2011-02-18,2011-02-21,-226.79000000000087
UP,2011-02-21,2011-02-24,-805.9000000000015
DOWN,2011-02-24,2011-03-03,-857.3499999999985
UP,2011-03-03,2011-03-07,-267.09000000000015
DOWN,2011-03-07,2011-03-09,-247.28000000000247
UP,2011-03-09,2011-03-11,-295.8600000000006
DOWN,2011-03-11,2011-03-14,-265.3899999999994
UP,2011-03-14,2011-03-15,-271.84000000000015
DOWN,2011-03-15,2011-03-16,-191.04999999999927
UP,2011-03-16,2011-03-21,-519.6399999999994
DOWN,2011-03-21,2011-03-31,-1606.170000000002
UP,2011-03-31,2011-04-01,-24.830000000001746
DOWN,2011-04-01,2011-04-04,-281.34000000000015
UP,2011-04-04,2011-04-11,-439.1899999999987
DOWN,2011-04-11,2011-04-13,-434.3199999999997
UP,2011-04-13,2011-04-18,-605.6900000000023
DOWN,2011-04-18,2011-04-21,-511.0600000000013
UP,2011-04-21,2011-05-05,-1391.6499999999978
DOWN,2011-05-05,2011-05-09,-318.3799999999974
UP,2011-05-09,2011-05-10,-16.18999999999869
DOWN,2011-05-10,2011-05-11,-72.18999999999869
UP,2011-05-11,2011-05-12,-249.16999999999825
DOWN,2011-05-12,2011-05-13,-195.48999999999796
UP,2011-05-13,2011-05-18,-445.0799999999981
DOWN,2011-05-18,2011-05-20,-239.88999999999942
UP,2011-05-20,2011-05-23,-332.7599999999984
DOWN,2011-05-23,2011-05-24,-18.639999999999418
UP,2011-05-24,2011-05-25,-164.72999999999956
DOWN,2011-05-25,2011-05-27,-418.85999999999694
UP,2011-05-27,2011-05-30,-34.039999999997235
DOWN,2011-05-30,2011-06-01,-376.75
UP,2011-06-01,2011-06-03,-232.33000000000175
DOWN,2011-06-03,2011-06-07,-119.13999999999942
UP,2011-06-07,2011-06-13,-229.59000000000015
DOWN,2011-06-13,2011-06-14,-42.63000000000102
UP,2011-06-14,2011-06-20,-802.0299999999988
DOWN,2011-06-20,2011-06-21,-53.669999999998254
UP,2011-06-21,2011-06-22,-9.669999999998254
DOWN,2011-06-22,2011-06-30,-1295.239999999998
UP,2011-06-30,2011-07-01,-83.06999999999971
DOWN,2011-07-01,2011-07-04,-51.68000000000029
UP,2011-07-04,2011-07-06,-87.5099999999984
DOWN,2011-07-06,2011-07-07,-351.3299999999981
UP,2011-07-07,2011-07-12,-666.6800000000003
DOWN,2011-07-12,2011-07-14,-206.58000000000175
UP,2011-07-14,2011-07-18,-111.15999999999985
DOWN,2011-07-18,2011-07-19,-146.8299999999981
UP,2011-07-19,2011-07-21,-217.6800000000003
DOWN,2011-07-21,2011-07-25,-435.1000000000022
UP,2011-07-25,2011-07-29,-674.0900000000001
DOWN,2011-07-29,2011-08-01,-117.13000000000102
UP,2011-08-01,2011-08-09,-1456.420000000002
DOWN,2011-08-09,2011-08-10,-272.59999999999854
UP,2011-08-10,2011-08-16,-399.5699999999997
DOWN,2011-08-16,2011-08-17,-109.86000000000058
UP,2011-08-17,2011-08-19,-699.1299999999992
DOWN,2011-08-19,2011-08-23,-356.8000000000011
UP,2011-08-23,2011-08-26,-649.6400000000012
DOWN,2011-08-26,2011-09-02,-972.6299999999992
UP,2011-09-02,2011-09-05,-108.12999999999738
DOWN,2011-09-05,2011-09-08,-452.2099999999991
UP,2011-09-08,2011-09-13,-698.1000000000022
DOWN,2011-09-13,2011-09-16,-466.39000000000306
UP,2011-09-16,2011-09-19,-188.4800000000032
DOWN,2011-09-19,2011-09-20,-353.9300000000003
UP,2011-09-20,2011-09-26,-1048.1799999999985
DOWN,2011-09-26,2011-09-27,-472.9299999999985
UP,2011-09-27,2011-09-28,-78.0099999999984
DOWN,2011-09-28,2011-09-29,-252.04999999999927
UP,2011-09-29,2011-10-05,-905.6599999999999
DOWN,2011-10-05,2011-10-10,-764.8199999999997
UP,2011-10-10,2011-10-11,-20.7599999999984
DOWN,2011-10-11,2011-10-12,-421.91999999999825
UP,2011-10-12,2011-10-13,-74.47000000000116
DOWN,2011-10-13,2011-10-14,-198.77000000000044
UP,2011-10-14,2011-10-18,-334.3999999999978
DOWN,2011-10-18,2011-10-19,-337.0499999999993
UP,2011-10-19,2011-10-21,-299.7000000000007
DOWN,2011-10-21,2011-10-28,-1019.1599999999999
UP,2011-10-28,2011-11-02,-339.9500000000007
DOWN,2011-11-02,2011-11-08,-104.68000000000029
UP,2011-11-08,2011-11-21,-1623.4299999999985
DOWN,2011-11-21,2011-11-22,-119.31999999999971
UP,2011-11-22,2011-11-23,-365.4500000000007
DOWN,2011-11-23,2011-11-24,-158.52000000000044
UP,2011-11-24,2011-11-25,-163.0599999999995
DOWN,2011-11-25,2011-11-28,-471.6999999999989
UP,2011-11-28,2011-11-29,-158.78999999999905
DOWN,2011-11-29,2011-12-02,-838.4900000000016
UP,2011-12-02,2011-12-05,-41.5
DOWN,2011-12-05,2011-12-07,-71.72999999999956
UP,2011-12-07,2011-12-12,-1006.710000000001
DOWN,2011-12-12,2011-12-13,-132.15999999999985
UP,2011-12-13,2011-12-20,-827.4300000000003
DOWN,2011-12-20,2011-12-22,-638.2800000000007
UP,2011-12-22,2011-12-23,-74.65999999999985
DOWN,2011-12-23,2011-12-26,-232.04999999999927
UP,2011-12-26,2011-12-30,-515.8299999999999
DOWN,2011-12-30,2012-01-03,-484.4400000000005
UP,2012-01-03,2012-01-05,-82.28000000000065
DOWN,2012-01-05,2012-01-06,-10.649999999999636
UP,2012-01-06,2012-01-09,-53.01000000000022
DOWN,2012-01-09,2012-01-11,-361.14000000000124
UP,2012-01-11,2012-01-12,-138.35000000000036
DOWN,2012-01-12,2012-01-17,-428.53999999999905
UP,2012-01-17,2012-01-18,-14.579999999998108
DOWN,2012-01-18,2012-01-27,-782.5099999999984
UP,2012-01-27,2012-01-30,-370.6800000000003
DOWN,2012-01-30,2012-02-06,-844.010000000002
UP,2012-02-06,2012-02-07,-84.86000000000058
DOWN,2012-02-07,2012-02-09,-208.29999999999927
UP,2012-02-09,2012-02-10,-82.06000000000131
DOWN,2012-02-10,2012-02-15,-453.72000000000116
UP,2012-02-15,2012-02-16,-48.419999999998254
DOWN,2012-02-16,2012-02-21,-274.619999999999
UP,2012-02-21,2012-02-27,-982.8600000000006
DOWN,2012-02-27,2012-02-29,-306.9300000000003
UP,2012-02-29,2012-03-01,-168.70999999999913
DOWN,2012-03-01,2012-03-03,-53.02000000000044
UP,2012-03-03,2012-03-07,-491.47000000000116
DOWN,2012-03-07,2012-03-14,-773.7799999999988
UP,2012-03-14,2012-03-19,-645.9300000000003
DOWN,2012-03-19,2012-03-21,-328.34000000000015
UP,2012-03-21,2012-03-22,-405.23999999999796
DOWN,2012-03-22,2012-03-23,-165.27000000000044
UP,2012-03-23,2012-03-26,-308.96000000000276
DOWN,2012-03-26,2012-03-27,-204.58000000000175
UP,2012-03-27,2012-03-29,-198.75
DOWN,2012-03-29,2012-04-03,-538.8099999999977
UP,2012-04-03,2012-04-09,-375.27999999999884
DOWN,2012-04-09,2012-04-10,-21.700000000000728
UP,2012-04-10,2012-04-11,-44.43999999999869
DOWN,2012-04-11,2012-04-12,-133.21999999999753
UP,2012-04-12,2012-04-13,-238.11000000000058
DOWN,2012-04-13,2012-04-19,-409.2000000000007
UP,2012-04-19,2012-04-23,-407.02999999999884
DOWN,2012-04-23,2012-04-24,-110.61000000000058
UP,2012-04-24,2012-04-26,-76.62000000000262
DOWN,2012-04-26,2012-04-30,-188.14000000000306
UP,2012-04-30,2012-05-04,-487.72999999999956
DOWN,2012-05-04,2012-05-07,-81.62999999999738
UP,2012-05-07,2012-05-14,-696.869999999999
DOWN,2012-05-14,2012-05-15,-112.40999999999985
UP,2012-05-15,2012-05-16,-298.15999999999985
DOWN,2012-05-16,2012-05-21,-153.17000000000007
UP,2012-05-21,2012-05-23,-235.15999999999985
DOWN,2012-05-23,2012-05-24,-274.1999999999989
UP,2012-05-24,2012-05-25,-4.479999999999563
DOWN,2012-05-25,2012-05-29,-220.76000000000204
UP,2012-05-29,2012-06-01,-473.4200000000019
DOWN,2012-06-01,2012-06-08,-753.7099999999991
UP,2012-06-08,2012-06-11,-50.86000000000058
DOWN,2012-06-11,2012-06-13,-212.5
UP,2012-06-13,2012-06-14,-202.62999999999738
DOWN,2012-06-14,2012-06-15,-271.9500000000007
UP,2012-06-15,2012-06-18,-244.0
DOWN,2012-06-18,2012-06-21,-326.72999999999956
UP,2012-06-21,2012-06-25,-150.40000000000146
DOWN,2012-06-25,2012-06-29,-547.8199999999997
UP,2012-06-29,2012-07-02,-31.0
DOWN,2012-07-02,2012-07-05,-139.6899999999987
UP,2012-07-05,2012-07-09,-146.6899999999987
DOWN,2012-07-09,2012-07-10,-226.36999999999898
UP,2012-07-10,2012-07-16,-515.0399999999972
DOWN,2012-07-16,2012-07-19,-175.53999999999724
UP,2012-07-19,2012-07-23,-401.5
DOWN,2012-07-23,2012-07-24,-40.7300000000032
UP,2012-07-24,2012-07-26,-278.26000000000204
DOWN,2012-07-26,2012-08-01,-617.5600000000013
UP,2012-08-01,2012-08-03,-59.45000000000073
DOWN,2012-08-03,2012-08-07,-403.84999999999854
UP,2012-08-07,2012-08-10,-44.039999999997235
DOWN,2012-08-10,2012-08-14,-170.45999999999913
UP,2012-08-14,2012-08-16,-70.9900000000016
DOWN,2012-08-16,2012-08-21,-228.04999999999927
UP,2012-08-21,2012-08-22,-38.39999999999782
DOWN,2012-08-22,2012-08-23,-3.360000000000582
UP,2012-08-23,2012-08-29,-359.40999999999985
DOWN,2012-08-29,2012-08-30,-50.82999999999811
UP,2012-08-30,2012-09-03,-157.23999999999796
DOWN,2012-09-03,2012-09-04,-56.469999999997526
UP,2012-09-04,2012-09-05,-127.52999999999884
DOWN,2012-09-05,2012-09-17,-1228.9700000000012
UP,2012-09-17,2012-09-20,-193.0600000000013
DOWN,2012-09-20,2012-09-21,-403.58000000000175
UP,2012-09-21,2012-09-24,-79.4900000000016
DOWN,2012-09-24,2012-09-25,-21.06999999999971
UP,2012-09-25,2012-09-27,-114.90999999999985
DOWN,2012-09-27,2012-10-04,-478.65000000000146
UP,2012-10-04,2012-10-08,-349.1700000000019
DOWN,2012-10-08,2012-10-09,-84.38000000000102
UP,2012-10-09,2012-10-10,-162.26000000000204
DOWN,2012-10-10,2012-10-11,-173.65000000000146
UP,2012-10-11,2012-10-12,-129.5699999999997
DOWN,2012-10-12,2012-10-15,-38.36999999999898
UP,2012-10-15,2012-10-16,-135.84999999999854
DOWN,2012-10-16,2012-10-18,-214.22999999999956
UP,2012-10-18,2012-10-19,-109.61999999999898
DOWN,2012-10-19,2012-10-22,-111.12999999999738
UP,2012-10-22,2012-10-23,-83.41999999999825
DOWN,2012-10-23,2012-10-25,-48.61000000000058
UP,2012-10-25,2012-10-26,-133.29000000000087
DOWN,2012-10-26,2012-10-29,-10.479999999999563
UP,2012-10-29,2012-10-30,-204.97000000000116
DOWN,2012-10-30,2012-11-07,-471.5600000000013
UP,2012-11-07,2012-11-16,-593.0400000000009
DOWN,2012-11-16,2012-11-19,-29.63000000000102
UP,2012-11-19,2012-11-20,-9.680000000000291
DOWN,2012-11-20,2012-11-22,-188.02000000000044
UP,2012-11-22,2012-11-23,-10.770000000000437
DOWN,2012-11-23,2012-11-30,-833.3300000000017
UP,2012-11-30,2012-12-03,-34.580000000001746
DOWN,2012-12-03,2012-12-06,-181.47999999999956
UP,2012-12-06,2012-12-13,-257.5400000000009
DOWN,2012-12-13,2012-12-14,-87.9900000000016
UP,2012-12-14,2012-12-17,-72.83000000000175
DOWN,2012-12-17,2012-12-19,-231.58000000000175
UP,2012-12-19,2012-12-21,-234.0
DOWN,2012-12-21,2012-12-26,-175.45999999999913
UP,2012-12-26,2012-12-27,-93.65999999999985
DOWN,2012-12-27,2012-12-28,-121.04000000000087
UP,2012-12-28,2012-12-31,-18.13000000000102
DOWN,2012-12-31,2013-01-04,-357.3700000000026
UP,2013-01-04,2013-01-07,-92.66000000000349
DOWN,2013-01-07,2013-01-08,-51.10000000000218
UP,2013-01-08,2013-01-10,-78.97000000000116
DOWN,2013-01-10,2013-01-15,-323.27000000000044
UP,2013-01-15,2013-01-16,-169.1899999999987
DOWN,2013-01-16,2013-01-21,-284.1899999999987
UP,2013-01-21,2013-01-22,-120.25
DOWN,2013-01-22,2013-01-23,-45.04000000000087
UP,2013-01-23,2013-01-24,-102.83000000000175
DOWN,2013-01-24,2013-01-25,-179.75
UP,2013-01-25,2013-01-29,-112.62999999999738
DOWN,2013-01-29,2013-01-30,-14.099999999998545
UP,2013-01-30,2013-02-11,-544.4300000000003
DOWN,2013-02-11,2013-02-13,-147.51000000000204
UP,2013-02-13,2013-02-15,-139.9300000000003
DOWN,2013-02-15,2013-02-20,-174.59999999999854
UP,2013-02-20,2013-02-22,-325.7400000000016
DOWN,2013-02-22,2013-02-25,-14.680000000000291
UP,2013-02-25,2013-02-26,-316.5499999999993
DOWN,2013-02-26,2013-02-27,-137.27000000000044
UP,2013-02-27,2013-02-28,-290.869999999999
DOWN,2013-02-28,2013-03-01,-56.97999999999956
UP,2013-03-01,2013-03-04,-40.56000000000131
DOWN,2013-03-04,2013-03-08,-805.2700000000004
UP,2013-03-08,2013-03-13,-320.6800000000003
DOWN,2013-03-13,2013-03-14,-207.88999999999942
UP,2013-03-14,2013-03-25,-889.0200000000004
DOWN,2013-03-25,2013-04-02,-359.5300000000025
UP,2013-04-02,2013-04-09,-814.4700000000012
DOWN,2013-04-09,2013-04-11,-315.72000000000116
UP,2013-04-11,2013-04-12,-299.6399999999994
DOWN,2013-04-12,2013-04-16,-502.369999999999
UP,2013-04-16,2013-04-17,-13.770000000000437
DOWN,2013-04-17,2013-04-25,-675.6899999999987
UP,2013-04-25,2013-04-26,-120.12999999999738
DOWN,2013-04-26,2013-05-02,-449.0499999999993
UP,2013-05-02,2013-05-03,-160.13000000000102
DOWN,2013-05-03,2013-05-08,-414.5400000000009
UP,2013-05-08,2013-05-09,-51.13999999999942
DOWN,2013-05-09,2013-05-11,-183.27999999999884
UP,2013-05-11,2013-05-13,-430.65000000000146
DOWN,2013-05-13,2013-05-17,-594.4500000000007
UP,2013-05-17,2013-05-23,-611.7899999999972
DOWN,2013-05-23,2013-05-28,-486.48999999999796
UP,2013-05-28,2013-05-29,-13.180000000000291
DOWN,2013-05-29,2013-05-30,-67.76000000000204
UP,2013-05-30,2013-06-04,-669.6200000000026
DOWN,2013-06-04,2013-06-05,-22.44000000000233
UP,2013-06-05,2013-06-07,-138.9900000000016
DOWN,2013-06-07,2013-06-10,-11.840000000000146
UP,2013-06-10,2013-06-13,-613.9099999999999
DOWN,2013-06-13,2013-06-17,-498.7099999999991
UP,2013-06-17,2013-06-18,-102.59000000000015
DOWN,2013-06-18,2013-06-19,-22.42000000000189
UP,2013-06-19,2013-06-20,-526.4099999999999
DOWN,2013-06-20,2013-06-21,-54.95000000000073
UP,2013-06-21,2013-06-24,-233.35000000000218
DOWN,2013-06-24,2013-06-25,-88.26000000000204
UP,2013-06-25,2013-06-26,-77.03000000000247
DOWN,2013-06-26,2013-07-01,-1025.2700000000004
UP,2013-07-01,2013-07-03,-399.630000000001
DOWN,2013-07-03,2013-07-05,-318.0600000000013
UP,2013-07-05,2013-07-08,-171.04999999999927
DOWN,2013-07-08,2013-07-09,-114.70999999999913
UP,2013-07-09,2013-07-10,-145.36000000000058
DOWN,2013-07-10,2013-07-15,-740.3600000000006
UP,2013-07-15,2013-07-16,-183.25
DOWN,2013-07-16,2013-07-23,-450.90000000000146
UP,2013-07-23,2013-08-02,-1138.1100000000006
DOWN,2013-08-02,2013-08-05,-18.239999999997963
UP,2013-08-05,2013-08-07,-517.3799999999974
DOWN,2013-08-07,2013-08-14,-702.7099999999991
UP,2013-08-14,2013-08-21,-1461.6800000000003
DOWN,2013-08-21,2013-08-26,-652.2200000000012
UP,2013-08-26,2013-08-27,-590.0499999999993
DOWN,2013-08-27,2013-09-02,-918.0499999999993
UP,2013-09-02,2013-09-03,-651.4700000000012
DOWN,2013-09-03,2013-09-06,-54408.76999999999
UP,2013-09-06,2013-09-10,-52646.34
DOWN,2013-09-10,2013-09-11,-0.3600000000005821
UP,2013-09-11,2013-09-13,-264.6900000000023
DOWN,2013-09-13,2013-09-19,-913.880000000001
UP,2013-09-19,2013-09-23,-745.6800000000003
DOWN,2013-09-23,2013-09-24,-19.25
UP,2013-09-24,2013-09-25,-63.969999999997526
DOWN,2013-09-25,2013-09-26,-37.609999999996944
UP,2013-09-26,2013-09-30,-514.0799999999981
DOWN,2013-09-30,2013-10-04,-536.1800000000003
UP,2013-10-04,2013-10-07,-20.850000000002183
DOWN,2013-10-07,2013-10-14,-712.4400000000023
UP,2013-10-14,2013-10-17,-192.03000000000247
DOWN,2013-10-17,2013-10-21,-478.380000000001
UP,2013-10-21,2013-10-28,-323.6100000000006
DOWN,2013-10-28,2013-11-03,-669.0800000000017
UP,2013-11-03,2013-11-13,-1044.9599999999991
DOWN,2013-11-13,2013-11-19,-696.4199999999983
UP,2013-11-19,2013-11-22,-673.4300000000003
DOWN,2013-11-22,2013-11-25,-387.6900000000023
UP,2013-11-25,2013-11-27,-184.82000000000335
DOWN,2013-11-27,2013-12-02,-477.75
UP,2013-12-02,2013-12-04,-189.29999999999927
DOWN,2013-12-04,2013-12-09,-617.7099999999991
UP,2013-12-09,2013-12-17,-714.2799999999988
DOWN,2013-12-17,2013-12-18,-247.72000000000116
UP,2013-12-18,2013-12-19,-151.2400000000016
DOWN,2013-12-19,2013-12-23,-392.40999999999985
UP,2013-12-23,2013-12-24,-68.31999999999971
DOWN,2013-12-24,2013-12-27,-160.87000000000262
UP,2013-12-27,2013-12-30,-50.57000000000335
DOWN,2013-12-30,2013-12-31,-27.67000000000189
UP,2013-12-31,2014-01-07,-477.4399999999987
DOWN,2014-01-07,2014-01-08,-36.13999999999942
UP,2014-01-08,2014-01-09,-16.010000000002037
DOWN,2014-01-09,2014-01-13,-420.84000000000015
UP,2014-01-13,2014-01-14,-101.32999999999811
DOWN,2014-01-14,2014-01-15,-256.6100000000006
UP,2014-01-15,2014-01-17,-225.87000000000262
DOWN,2014-01-17,2014-01-23,-310.0400000000009
UP,2014-01-23,2014-01-30,-875.4099999999999
DOWN,2014-01-30,2014-01-31,-15.599999999998545
UP,2014-01-31,2014-02-03,-304.59000000000015
DOWN,2014-02-03,2014-02-07,-167.3000000000029
UP,2014-02-07,2014-02-10,-42.29000000000087
DOWN,2014-02-10,2014-02-12,-114.22000000000116
UP,2014-02-12,2014-02-13,-255.14000000000306
DOWN,2014-02-13,2014-02-19,-529.6200000000026
UP,2014-02-19,2014-02-20,-186.33000000000175
DOWN,2014-02-20,2014-02-28,-583.4799999999996
UP,2014-02-28,2014-03-03,-173.46999999999753
DOWN,2014-03-03,2014-03-10,-988.1800000000003
UP,2014-03-10,2014-03-11,-108.41000000000349
DOWN,2014-03-11,2014-03-12,-29.80000000000291
UP,2014-03-12,2014-03-13,-81.61000000000058
DOWN,2014-03-13,2014-03-19,-58.25
UP,2014-03-19,2014-03-20,-92.77000000000044
DOWN,2014-03-20,2014-03-24,-315.3899999999994
UP,2014-03-24,2014-03-25,-0.27000000000043656
DOWN,2014-03-25,2014-04-02,-496.2800000000025
UP,2014-04-02,2014-04-07,-208.04000000000087
DOWN,2014-04-07,2014-04-10,-371.880000000001
UP,2014-04-10,2014-04-16,-438.1000000000022
DOWN,2014-04-16,2014-04-21,-487.6000000000022
UP,2014-04-21,2014-04-22,-6.460000000002765
DOWN,2014-04-22,2014-04-23,-118.17000000000189
UP,2014-04-23,2014-05-02,-472.65000000000146
DOWN,2014-05-02,2014-05-06,-104.52999999999884
UP,2014-05-06,2014-05-07,-184.5199999999968
DOWN,2014-05-07,2014-05-13,-1547.329999999998
UP,2014-05-13,2014-05-14,-56.11000000000058
DOWN,2014-05-14,2014-05-20,-561.760000000002
UP,2014-05-20,2014-05-21,-78.86000000000058
DOWN,2014-05-21,2014-05-26,-418.8600000000006
UP,2014-05-26,2014-05-27,-167.37000000000262
DOWN,2014-05-27,2014-05-28,-6.580000000001746
UP,2014-05-28,2014-05-30,-338.75
DOWN,2014-05-30,2014-06-03,-641.25
UP,2014-06-03,2014-06-04,-52.7599999999984
DOWN,2014-06-04,2014-06-10,-777.859999999997
UP,2014-06-10,2014-06-11,-109.79999999999927
DOWN,2014-06-11,2014-06-12,-102.31999999999971
UP,2014-06-12,2014-06-16,-385.72999999999956
DOWN,2014-06-16,2014-06-17,-330.7099999999991
UP,2014-06-17,2014-06-23,-489.869999999999
DOWN,2014-06-23,2014-06-24,-337.58000000000175
UP,2014-06-24,2014-06-26,-306.2300000000032
DOWN,2014-06-26,2014-07-02,-778.5400000000009
UP,2014-07-02,2014-07-03,-17.459999999999127
DOWN,2014-07-03,2014-07-07,-276.33000000000175
UP,2014-07-07,2014-07-14,-1093.1000000000022
DOWN,2014-07-14,2014-07-24,-1264.869999999999
UP,2014-07-24,2014-07-28,-280.619999999999
DOWN,2014-07-28,2014-07-30,-96.18999999999869
UP,2014-07-30,2014-08-01,-606.5799999999981
DOWN,2014-08-01,2014-08-05,-427.16999999999825
UP,2014-08-05,2014-08-08,-578.869999999999
DOWN,2014-08-08,2014-08-19,-1091.5299999999988
UP,2014-08-19,2014-08-20,-106.37999999999738
DOWN,2014-08-20,2014-09-03,-825.6499999999978
UP,2014-09-03,2014-09-05,-113.23999999999796
DOWN,2014-09-05,2014-09-08,-293.1499999999978
UP,2014-09-08,2014-09-11,-323.97999999999956
DOWN,2014-09-11,2014-09-12,-65.17000000000189
UP,2014-09-12,2014-09-16,-568.5300000000025
DOWN,2014-09-16,2014-09-18,-619.7000000000007
UP,2014-09-18,2014-09-19,-21.790000000000873
DOWN,2014-09-19,2014-09-22,-116.32000000000335
UP,2014-09-22,2014-09-25,-738.380000000001
DOWN,2014-09-25,2014-09-26,-157.95999999999913
UP,2014-09-26,2014-09-29,-29.209999999999127
DOWN,2014-09-29,2014-09-30,-33.39999999999782
UP,2014-09-30,2014-10-08,-383.7199999999975
DOWN,2014-10-08,2014-10-09,-390.48999999999796
UP,2014-10-09,2014-10-10,-339.8999999999978
DOWN,2014-10-10,2014-10-13,-86.68999999999869
UP,2014-10-13,2014-10-16,-384.72999999999956
DOWN,2014-10-16,2014-10-23,-851.7099999999991
UP,2014-10-23,2014-10-27,-98.14999999999782
DOWN,2014-10-27,2014-10-31,-1112.9300000000003
UP,2014-10-31,2014-11-03,-5.450000000000728
DOWN,2014-11-03,2014-11-05,-55.5
UP,2014-11-05,2014-11-07,-47.25
DOWN,2014-11-07,2014-11-12,-140.27000000000044
UP,2014-11-12,2014-11-13,-68.26000000000204
DOWN,2014-11-13,2014-11-17,-237.2400000000016
UP,2014-11-17,2014-11-19,-145.03000000000247
DOWN,2014-11-19,2014-11-24,-466.6900000000023
UP,2014-11-24,2014-11-25,-161.4900000000016
DOWN,2014-11-25,2014-11-28,-355.9400000000023
UP,2014-11-28,2014-12-03,-251.28000000000247
DOWN,2014-12-03,2014-12-04,-120.11000000000058
UP,2014-12-04,2014-12-09,-765.8100000000013
DOWN,2014-12-09,2014-12-10,-34.090000000000146
UP,2014-12-10,2014-12-17,-1120.9699999999975
DOWN,2014-12-17,2014-12-22,-991.6599999999999
UP,2014-12-22,2014-12-24,-493.1800000000003
DOWN,2014-12-24,2015-01-02,-679.2900000000009
UP,2015-01-02,2015-01-07,-979.0800000000017
DOWN,2015-01-07,2015-01-12,-676.4500000000007
UP,2015-01-12,2015-01-14,-238.45000000000073
DOWN,2015-01-14,2015-01-27,-2224.220000000001
UP,2015-01-27,2015-01-28,-11.860000000000582
DOWN,2015-01-28,2015-01-29,-122.59000000000015
UP,2015-01-29,2015-02-09,-1454.380000000001
DOWN,2015-02-09,2015-02-19,-1234.880000000001
UP,2015-02-19,2015-02-23,-487.15999999999985
DOWN,2015-02-23,2015-02-25,-32.88000000000102
UP,2015-02-25,2015-02-26,-261.34000000000015
DOWN,2015-02-26,2015-03-03,-847.0799999999981
UP,2015-03-03,2015-03-04,-213.0
DOWN,2015-03-04,2015-03-05,-68.22000000000116
UP,2015-03-05,2015-03-11,-789.7800000000025
DOWN,2015-03-11,2015-03-12,-271.2400000000016
UP,2015-03-12,2015-03-16,-492.7000000000007
DOWN,2015-03-16,2015-03-17,-298.6700000000019
UP,2015-03-17,2015-03-26,-1278.7999999999993
DOWN,2015-03-26,2015-03-30,-518.2799999999988
UP,2015-03-30,2015-03-31,-18.36999999999898
DOWN,2015-03-31,2015-04-09,-927.7199999999975
UP,2015-04-09,2015-04-10,-5.829999999998108
DOWN,2015-04-10,2015-04-13,-165.05999999999767
UP,2015-04-13,2015-04-21,-1368.3999999999978
DOWN,2015-04-21,2015-04-22,-214.09000000000015
UP,2015-04-22,2015-04-27,-713.1399999999994
DOWN,2015-04-27,2015-04-28,-219.38999999999942
UP,2015-04-28,2015-04-30,-385.0699999999997
DOWN,2015-04-30,2015-05-04,-479.27999999999884
UP,2015-05-04,2015-05-07,-891.4799999999996
DOWN,2015-05-07,2015-05-11,-908.1899999999987
UP,2015-05-11,2015-05-12,-629.8199999999997
DOWN,2015-05-12,2015-05-13,-373.619999999999
UP,2015-05-13,2015-05-14,-45.039999999997235
DOWN,2015-05-14,2015-05-18,-481.23999999999796
UP,2015-05-18,2015-05-19,-41.77000000000044
DOWN,2015-05-19,2015-05-20,-191.6800000000003
UP,2015-05-20,2015-05-21,-27.860000000000582
DOWN,2015-05-21,2015-05-22,-148.15000000000146
UP,2015-05-22,2015-05-26,-426.09000000000015
DOWN,2015-05-26,2015-05-27,-33.25
UP,2015-05-27,2015-05-28,-57.95000000000073
DOWN,2015-05-28,2015-06-01,-342.2800000000025
UP,2015-06-01,2015-06-09,-1367.7400000000016
DOWN,2015-06-09,2015-06-10,-359.25
UP,2015-06-10,2015-06-11,-469.52000000000044
DOWN,2015-06-11,2015-06-23,-1433.3899999999994
UP,2015-06-23,2015-06-24,-74.70000000000073
DOWN,2015-06-24,2015-06-25,-166.3000000000029
UP,2015-06-25,2015-06-29,-250.8199999999997
DOWN,2015-06-29,2015-07-01,-375.7199999999975
UP,2015-07-01,2015-07-02,-75.06999999999971
DOWN,2015-07-02,2015-07-06,-262.9599999999991
UP,2015-07-06,2015-07-09,-635.0999999999985
DOWN,2015-07-09,2015-07-13,-387.52999999999884
UP,2015-07-13,2015-07-14,-28.289999999997235
DOWN,2015-07-14,2015-07-17,-530.4099999999999
UP,2015-07-17,2015-07-21,-281.1700000000019
DOWN,2015-07-21,2015-07-22,-322.7900000000009
UP,2015-07-22,2015-07-28,-1045.7000000000007
DOWN,2015-07-28,2015-08-03,-727.8300000000017
UP,2015-08-03,2015-08-04,-115.13000000000102
DOWN,2015-08-04,2015-08-06,-226.20000000000073
UP,2015-08-06,2015-08-12,-785.8700000000026
DOWN,2015-08-12,2015-08-14,-555.0500000000029
UP,2015-08-14,2015-08-18,-235.77000000000044
DOWN,2015-08-18,2015-08-19,-100.09999999999854
UP,2015-08-19,2015-08-24,-2190.079999999998
DOWN,2015-08-24,2015-08-25,-290.8199999999997
UP,2015-08-25,2015-08-26,-317.72000000000116
DOWN,2015-08-26,2015-08-28,-677.7200000000012
UP,2015-08-28,2015-09-02,-938.8199999999997
DOWN,2015-09-02,2015-09-03,-311.2199999999975
UP,2015-09-03,2015-09-07,-870.9699999999975
DOWN,2015-09-07,2015-09-09,-825.7700000000004
UP,2015-09-09,2015-09-11,-109.37000000000262
DOWN,2015-09-11,2015-09-14,-246.4900000000016
UP,2015-09-14,2015-09-15,-150.77000000000044
DOWN,2015-09-15,2015-09-18,-512.9799999999996
UP,2015-09-18,2015-09-22,-567.0699999999997
DOWN,2015-09-22,2015-09-24,-211.65999999999985
UP,2015-09-24,2015-09-28,-246.65999999999985
DOWN,2015-09-28,2015-10-07,-1419.0099999999984
UP,2015-10-07,2015-10-08,-190.03999999999724
DOWN,2015-10-08,2015-10-09,-233.6999999999971
UP,2015-10-09,2015-10-14,-299.84999999999854
DOWN,2015-10-14,2015-10-19,-585.2599999999984
UP,2015-10-19,2015-10-21,-77.2599999999984
DOWN,2015-10-21,2015-10-23,-183.15000000000146
UP,2015-10-23,2015-11-02,-911.6599999999999
DOWN,2015-11-02,2015-11-03,-31.43999999999869
UP,2015-11-03,2015-11-10,-847.3300000000017
DOWN,2015-11-10,2015-11-11,-123.69000000000233
UP,2015-11-11,2015-11-13,-256.4200000000019
DOWN,2015-11-13,2015-11-17,-253.94000000000233
UP,2015-11-17,2015-11-18,-381.9500000000007
DOWN,2015-11-18,2015-11-20,-385.97000000000116
UP,2015-11-20,2015-11-24,-92.75
DOWN,2015-11-24,2015-12-01,-393.66999999999825
UP,2015-12-01,2015-12-09,-1133.3600000000006
DOWN,2015-12-09,2015-12-10,-216.27000000000044
UP,2015-12-10,2015-12-11,-207.88999999999942
DOWN,2015-12-11,2015-12-17,-759.3499999999985
UP,2015-12-17,2015-12-18,-284.5599999999977
DOWN,2015-12-18,2015-12-21,-216.6800000000003
UP,2015-12-21,2015-12-22,-145.25
DOWN,2015-12-22,2015-12-23,-259.6499999999978
UP,2015-12-23,2015-12-24,-11.590000000000146
DOWN,2015-12-24,2015-12-29,-240.77000000000044
UP,2015-12-29,2015-12-30,-119.45000000000073
DOWN,2015-12-30,2016-01-01,-200.87000000000262
UP,2016-01-01,2016-01-07,-1309.0699999999997
DOWN,2016-01-07,2016-01-08,-82.5
UP,2016-01-08,2016-01-12,-252.3000000000029
DOWN,2016-01-12,2016-01-13,-172.08000000000175
UP,2016-01-13,2016-01-18,-665.7400000000016
DOWN,2016-01-18,2016-01-19,-291.47000000000116
UP,2016-01-19,2016-01-21,-517.630000000001
DOWN,2016-01-21,2016-01-27,-530.1800000000003
UP,2016-01-27,2016-01-28,-22.81999999999971
DOWN,2016-01-28,2016-01-29,-401.119999999999
UP,2016-01-29,2016-02-03,-647.369999999999
DOWN,2016-02-03,2016-02-05,-393.65000000000146
UP,2016-02-05,2016-02-11,-1665.1399999999994
DOWN,2016-02-11,2016-02-15,-602.2899999999972
UP,2016-02-15,2016-02-16,-362.1499999999978
DOWN,2016-02-16,2016-02-22,-596.8199999999997
UP,2016-02-22,2016-02-25,-812.7900000000009
DOWN,2016-02-25,2016-02-26,-178.29999999999927
UP,2016-02-26,2016-02-29,-152.29999999999927
DOWN,2016-02-29,2016-03-09,-1791.9599999999991
UP,2016-03-09,2016-03-10,-170.61999999999898
DOWN,2016-03-10,2016-03-14,-180.9399999999987
UP,2016-03-14,2016-03-15,-253.11000000000058
DOWN,2016-03-15,2016-03-16,-131.3100000000013
UP,2016-03-16,2016-03-17,-5.110000000000582
DOWN,2016-03-17,2016-03-23,-660.1900000000023
UP,2016-03-23,2016-03-29,-437.1000000000022
DOWN,2016-03-29,2016-03-31,-441.40000000000146
UP,2016-03-31,2016-04-01,-72.22000000000116
DOWN,2016-04-01,2016-04-04,-130.01000000000204
UP,2016-04-04,2016-04-05,-516.0600000000013
DOWN,2016-04-05,2016-04-06,-17.040000000000873
UP,2016-04-06,2016-04-08,-226.79000000000087
DOWN,2016-04-08,2016-04-21,-1206.5400000000009
UP,2016-04-21,2016-04-25,-201.45000000000073
DOWN,2016-04-25,2016-04-27,-385.1899999999987
UP,2016-04-27,2016-04-28,-461.02000000000044
DOWN,2016-04-28,2016-04-29,-3.5200000000004366
UP,2016-04-29,2016-05-04,-504.8899999999994
DOWN,2016-05-04,2016-05-05,-160.47999999999956
UP,2016-05-05,2016-05-06,-33.70999999999913
DOWN,2016-05-06,2016-05-10,-544.0299999999988
UP,2016-05-10,2016-05-11,-175.5099999999984
DOWN,2016-05-11,2016-05-12,-193.20000000000073
UP,2016-05-12,2016-05-13,-300.65000000000146
DOWN,2016-05-13,2016-05-17,-284.0400000000009
UP,2016-05-17,2016-05-23,-543.25
DOWN,2016-05-23,2016-05-30,-1495.239999999998
UP,2016-05-30,2016-05-31,-57.63999999999942
DOWN,2016-05-31,2016-06-02,-175.1800000000003
UP,2016-06-02,2016-06-06,-65.68999999999869
DOWN,2016-06-06,2016-06-08,-243.20999999999913
UP,2016-06-08,2016-06-14,-624.9500000000007
DOWN,2016-06-14,2016-06-15,-330.630000000001
UP,2016-06-15,2016-06-16,-200.88000000000102
DOWN,2016-06-16,2016-06-20,-341.4599999999991
UP,2016-06-20,2016-06-22,-101.2699999999968
DOWN,2016-06-22,2016-06-23,-236.5699999999997
UP,2016-06-23,2016-06-24,-604.510000000002
DOWN,2016-06-24,2016-07-04,-881.0499999999993
UP,2016-07-04,2016-07-05,-111.88999999999942
DOWN,2016-07-05,2016-07-07,-34.62000000000262
UP,2016-07-07,2016-07-08,-74.59000000000015
DOWN,2016-07-08,2016-07-14,-815.2099999999991
UP,2016-07-14,2016-07-18,-195.45000000000073
DOWN,2016-07-18,2016-07-20,-169.22999999999956
UP,2016-07-20,2016-07-21,-205.36999999999898
DOWN,2016-07-21,2016-07-25,-384.8199999999997
UP,2016-07-25,2016-07-26,-118.81999999999971
DOWN,2016-07-26,2016-07-28,-232.09999999999854
UP,2016-07-28,2016-08-03,-511.1100000000006
DOWN,2016-08-03,2016-08-08,-485.0600000000013
UP,2016-08-08,2016-08-10,-407.6899999999987
DOWN,2016-08-10,2016-08-12,-377.52000000000044
UP,2016-08-12,2016-08-17,-147.03000000000247
DOWN,2016-08-17,2016-08-18,-118.06999999999971
UP,2016-08-18,2016-08-22,-137.89999999999782
DOWN,2016-08-22,2016-08-24,-74.39999999999782
UP,2016-08-24,2016-08-26,-277.6899999999987
DOWN,2016-08-26,2016-08-31,-669.9199999999983
UP,2016-08-31,2016-09-01,-28.68999999999869
DOWN,2016-09-01,2016-09-06,-554.5400000000009
UP,2016-09-06,2016-09-07,-51.659999999999854
DOWN,2016-09-07,2016-09-08,-118.91999999999825
UP,2016-09-08,2016-09-12,-691.739999999998
DOWN,2016-09-12,2016-09-19,-280.9599999999991
UP,2016-09-19,2016-09-21,-127.08000000000175
DOWN,2016-09-21,2016-09-22,-265.71000000000276
UP,2016-09-22,2016-09-27,-549.4300000000003
DOWN,2016-09-27,2016-09-28,-69.11000000000058
UP,2016-09-28,2016-09-29,-465.2800000000025
DOWN,2016-09-29,2016-10-04,-507.02000000000044
UP,2016-10-04,2016-10-07,-273.40999999999985
DOWN,2016-10-07,2016-10-10,-21.200000000000728
UP,2016-10-10,2016-10-13,-439.22999999999956
DOWN,2016-10-13,2016-10-14,-30.489999999997963
UP,2016-10-14,2016-10-17,-143.62999999999738
DOWN,2016-10-17,2016-10-18,-520.9099999999999
UP,2016-10-18,2016-10-19,-66.51000000000204
DOWN,2016-10-19,2016-10-20,-145.47000000000116
UP,2016-10-20,2016-10-21,-52.659999999999854
DOWN,2016-10-21,2016-10-24,-101.90000000000146
UP,2016-10-24,2016-10-26,-342.57000000000335
DOWN,2016-10-26,2016-10-28,-105.0
UP,2016-10-28,2016-11-04,-667.359999999997
DOWN,2016-11-04,2016-11-08,-316.98999999999796
UP,2016-11-08,2016-11-09,-338.6100000000006
DOWN,2016-11-09,2016-11-10,-265.15000000000146
UP,2016-11-10,2016-11-21,-1752.5400000000009
DOWN,2016-11-21,2016-11-23,-286.6700000000019
UP,2016-11-23,2016-11-24,-191.64000000000306
DOWN,2016-11-24,2016-11-30,-792.640000000003
UP,2016-11-30,2016-12-02,-422.15000000000146
DOWN,2016-12-02,2016-12-06,-162.09999999999854
UP,2016-12-06,2016-12-07,-155.88999999999942
DOWN,2016-12-07,2016-12-09,-510.3100000000013
UP,2016-12-09,2016-12-12,-231.9399999999987
DOWN,2016-12-12,2016-12-13,-182.5799999999981
UP,2016-12-13,2016-12-22,-718.2200000000012
DOWN,2016-12-22,2016-12-23,-61.10000000000218
UP,2016-12-23,2016-12-26,-233.60000000000218
DOWN,2016-12-26,2016-12-27,-406.34000000000015
UP,2016-12-27,2016-12-28,-2.7599999999983993
DOWN,2016-12-28,2016-12-30,-415.77999999999884
UP,2016-12-30,2017-01-02,-31.0099999999984
DOWN,2017-01-02,2017-01-03,-47.79000000000087
UP,2017-01-03,2017-01-04,-10.110000000000582
DOWN,2017-01-04,2017-01-05,-245.11000000000058
UP,2017-01-05,2017-01-09,-151.69000000000233
DOWN,2017-01-09,2017-01-12,-520.6100000000006
UP,2017-01-12,2017-01-13,-9.099999999998545
DOWN,2017-01-13,2017-01-16,-50.109999999996944
UP,2017-01-16,2017-01-17,-52.5099999999984
DOWN,2017-01-17,2017-01-19,-72.93999999999869
UP,2017-01-19,2017-01-20,-274.09999999999854
DOWN,2017-01-20,2017-01-27,-847.9599999999991
UP,2017-01-27,2017-01-31,-226.5
DOWN,2017-01-31,2017-02-06,-783.3199999999997
UP,2017-02-06,2017-02-08,-149.36000000000058
DOWN,2017-02-08,2017-02-13,-61.70000000000073
UP,2017-02-13,2017-02-15,-196.05999999999767
DOWN,2017-02-15,2017-02-23,-737.4099999999999
UP,2017-02-23,2017-02-28,-149.65000000000146
DOWN,2017-02-28,2017-03-01,-241.1700000000019
UP,2017-03-01,2017-03-03,-152.04000000000087
DOWN,2017-03-03,2017-03-06,-215.73999999999796
UP,2017-03-06,2017-03-08,-146.25
DOWN,2017-03-08,2017-03-14,-540.6900000000023
UP,2017-03-14,2017-03-15,-44.52000000000044
DOWN,2017-03-15,2017-03-17,-250.88000000000102
UP,2017-03-17,2017-03-22,-481.3100000000013
DOWN,2017-03-22,2017-03-24,-253.72000000000116
UP,2017-03-24,2017-03-27,-184.25
DOWN,2017-03-27,2017-03-30,-410.2699999999968
UP,2017-03-30,2017-03-31,-26.919999999998254
DOWN,2017-03-31,2017-04-05,-353.7400000000016
UP,2017-04-05,2017-04-10,-398.5
DOWN,2017-04-10,2017-04-11,-212.60999999999694
UP,2017-04-11,2017-04-18,-469.25
DOWN,2017-04-18,2017-04-20,-103.29000000000087
UP,2017-04-20,2017-04-21,-57.090000000000146
DOWN,2017-04-21,2017-04-26,-768.0499999999993
UP,2017-04-26,2017-04-28,-214.9499999999971
DOWN,2017-04-28,2017-05-02,-2.779999999998836
UP,2017-05-02,2017-05-03,-26.38000000000102
DOWN,2017-05-03,2017-05-04,-231.40999999999985
UP,2017-05-04,2017-05-05,-267.40999999999985
DOWN,2017-05-05,2017-05-11,-392.1800000000003
UP,2017-05-11,2017-05-12,-62.82999999999811
DOWN,2017-05-12,2017-05-17,-470.619999999999
UP,2017-05-17,2017-05-18,-223.97999999999956
DOWN,2017-05-18,2017-05-22,-136.1800000000003
UP,2017-05-22,2017-05-24,-269.33000000000175
DOWN,2017-05-24,2017-05-30,-857.760000000002
UP,2017-05-30,2017-06-01,-21.81000000000131
DOWN,2017-06-01,2017-06-05,-171.90000000000146
UP,2017-06-05,2017-06-06,-118.93000000000029
DOWN,2017-06-06,2017-06-07,-80.71999999999753
UP,2017-06-07,2017-06-08,-57.919999999998254
DOWN,2017-06-08,2017-06-09,-48.70000000000073
UP,2017-06-09,2017-06-12,-166.36000000000058
DOWN,2017-06-12,2017-06-14,-60.20999999999913
UP,2017-06-14,2017-06-16,-99.5099999999984
DOWN,2017-06-16,2017-06-19,-255.16999999999825
UP,2017-06-19,2017-06-21,-27.93000000000029
DOWN,2017-06-21,2017-06-22,-7.100000000002183
UP,2017-06-22,2017-06-28,-456.4200000000019
DOWN,2017-06-28,2017-07-03,-387.2999999999993
UP,2017-07-03,2017-07-04,-11.829999999998108
DOWN,2017-07-04,2017-07-06,-159.54999999999927
UP,2017-07-06,2017-07-07,-8.709999999999127
DOWN,2017-07-07,2017-07-13,-676.75
UP,2017-07-13,2017-07-14,-16.63000000000102
DOWN,2017-07-14,2017-07-17,-54.029999999998836
UP,2017-07-17,2017-07-18,-363.78999999999724
DOWN,2017-07-18,2017-07-19,-244.35999999999694
UP,2017-07-19,2017-07-20,-50.94999999999709
DOWN,2017-07-20,2017-07-24,-341.4699999999975
UP,2017-07-24,2017-07-25,-17.599999999998545
DOWN,2017-07-25,2017-07-27,-155.02999999999884
UP,2017-07-27,2017-07-28,-73.41999999999825
DOWN,2017-07-28,2017-08-01,-265.28999999999724
UP,2017-08-01,2017-08-03,-337.28999999999724
DOWN,2017-08-03,2017-08-04,-87.52999999999884
UP,2017-08-04,2017-08-11,-1111.8199999999997
DOWN,2017-08-11,2017-08-17,-581.869999999999
UP,2017-08-17,2017-08-21,-536.6100000000006
DOWN,2017-08-21,2017-08-28,-491.97000000000116
UP,2017-08-28,2017-08-29,-362.4300000000003
DOWN,2017-08-29,2017-09-01,-503.84000000000015
UP,2017-09-01,2017-09-04,-189.97999999999956
DOWN,2017-09-04,2017-09-05,-107.29999999999927
UP,2017-09-05,2017-09-06,-147.5799999999981
DOWN,2017-09-06,2017-09-18,-761.7899999999972
UP,2017-09-18,2017-09-27,-1263.949999999997
DOWN,2017-09-27,2017-10-04,-511.8999999999978
UP,2017-10-04,2017-10-05,-79.68000000000029
DOWN,2017-10-05,2017-10-10,-332.380000000001
UP,2017-10-10,2017-10-11,-90.41999999999825
DOWN,2017-10-11,2017-10-16,-799.6499999999978
UP,2017-10-16,2017-10-19,-243.6800000000003
DOWN,2017-10-19,2017-10-30,-876.2000000000044
UP,2017-10-30,2017-10-31,-53.03000000000611
DOWN,2017-10-31,2017-11-01,-387.1399999999994
UP,2017-11-01,2017-11-02,-27.049999999995634
DOWN,2017-11-02,2017-11-06,-157.97000000000116
UP,2017-11-06,2017-11-08,-512.3800000000047
DOWN,2017-11-08,2017-11-10,-95.75
UP,2017-11-10,2017-11-15,-554.119999999999
DOWN,2017-11-15,2017-11-27,-964.0000000000036
UP,2017-11-27,2017-12-01,-891.5
DOWN,2017-12-01,2017-12-04,-36.779999999998836
UP,2017-12-04,2017-12-06,-272.5400000000009
DOWN,2017-12-06,2017-12-11,-858.6100000000006
UP,2017-12-11,2017-12-13,-402.75
DOWN,2017-12-13,2017-12-19,-783.6999999999971
UP,2017-12-19,2017-12-21,-80.45999999999913
DOWN,2017-12-21,2017-12-26,-254.33000000000175
UP,2017-12-26,2017-12-28,-162.58000000000175
DOWN,2017-12-28,2017-12-29,-208.8000000000029
UP,2017-12-29,2018-01-03,-263.45000000000437
DOWN,2018-01-03,2018-01-09,-649.810000000005
UP,2018-01-09,2018-01-10,-10.12000000000262
DOWN,2018-01-10,2018-01-15,-410.4400000000023
UP,2018-01-15,2018-01-16,-72.45999999999913
DOWN,2018-01-16,2018-01-24,-1390.5899999999965
UP,2018-01-24,2018-01-25,-111.19999999999709
DOWN,2018-01-25,2018-01-29,-232.80999999999767
UP,2018-01-29,2018-02-07,-2200.540000000001
DOWN,2018-02-07,2018-02-08,-330.45000000000437
UP,2018-02-08,2018-02-09,-407.40000000000146
DOWN,2018-02-09,2018-02-12,-294.7099999999991
UP,2018-02-12,2018-02-14,-144.52000000000407
DOWN,2018-02-14,2018-02-15,-141.52000000000407
UP,2018-02-15,2018-02-20,-593.8800000000047
DOWN,2018-02-20,2018-02-21,-141.27000000000407
UP,2018-02-21,2018-02-22,-25.360000000000582
DOWN,2018-02-22,2018-02-26,-626.25
UP,2018-02-26,2018-03-07,-1412.6600000000035
DOWN,2018-03-07,2018-03-08,-318.4800000000032
UP,2018-03-08,2018-03-09,-44.43000000000029
DOWN,2018-03-09,2018-03-12,-610.8000000000029
UP,2018-03-12,2018-03-19,-994.8199999999997
DOWN,2018-03-19,2018-03-21,-213.05999999999767
UP,2018-03-21,2018-03-23,-539.6399999999994
DOWN,2018-03-23,2018-03-27,-577.8499999999985
UP,2018-03-27,2018-03-28,-205.70999999999913
DOWN,2018-03-28,2018-04-03,-401.9499999999971
UP,2018-04-03,2018-04-04,-351.5599999999977
DOWN,2018-04-04,2018-04-17,-1375.989999999998
UP,2018-04-17,2018-04-18,-63.37999999999738
DOWN,2018-04-18,2018-04-19,-95.61000000000058
UP,2018-04-19,2018-04-20,-11.709999999999127
DOWN,2018-04-20,2018-04-24,-201.05999999999767
UP,2018-04-24,2018-04-25,-115.37000000000262
DOWN,2018-04-25,2018-05-02,-675.1500000000015
UP,2018-05-02,2018-05-04,-261.0400000000009
DOWN,2018-05-04,2018-05-09,-403.97000000000116
UP,2018-05-09,2018-05-10,-73.08000000000175
DOWN,2018-05-10,2018-05-14,-310.4400000000023
UP,2018-05-14,2018-05-21,-940.5800000000017
DOWN,2018-05-21,2018-05-22,-35.11000000000058
UP,2018-05-22,2018-05-23,-306.32999999999447
DOWN,2018-05-23,2018-05-28,-820.5699999999997
UP,2018-05-28,2018-05-30,-259.3700000000026
DOWN,2018-05-30,2018-05-31,-416.2699999999968
UP,2018-05-31,2018-06-05,-419.16999999999825
DOWN,2018-06-05,2018-06-07,-559.8700000000026
UP,2018-06-07,2018-06-08,-19.410000000003492
DOWN,2018-06-08,2018-06-13,-295.49000000000524
UP,2018-06-13,2018-06-14,-139.34000000000378
DOWN,2018-06-14,2018-06-15,-22.31999999999971
UP,2018-06-15,2018-06-19,-335.40000000000146
DOWN,2018-06-19,2018-06-20,-260.5900000000038
UP,2018-06-20,2018-06-21,-114.94000000000233
DOWN,2018-06-21,2018-06-22,-257.2099999999991
UP,2018-06-22,2018-06-25,-219.25
DOWN,2018-06-25,2018-06-26,-19.69000000000233
UP,2018-06-26,2018-06-28,-452.40000000000146
DOWN,2018-06-28,2018-06-29,-385.8400000000038
UP,2018-06-29,2018-07-02,-159.0699999999997
DOWN,2018-07-02,2018-07-04,-380.98999999999796
UP,2018-07-04,2018-07-05,-70.84999999999854
DOWN,2018-07-05,2018-07-12,-973.8600000000006
UP,2018-07-12,2018-07-16,-224.6400000000067
DOWN,2018-07-16,2018-07-17,-196.19000000000233
UP,2018-07-17,2018-07-19,-168.72999999999593
DOWN,2018-07-19,2018-07-31,-1255.3499999999985
UP,2018-07-31,2018-08-02,-441.41999999999825
DOWN,2018-08-02,2018-08-06,-526.7299999999959
UP,2018-08-06,2018-08-07,-26.089999999996508
DOWN,2018-08-07,2018-08-09,-358.5699999999997
UP,2018-08-09,2018-08-13,-379.47000000000116
DOWN,2018-08-13,2018-08-14,-207.09999999999854
UP,2018-08-14,2018-08-16,-188.44000000000233
DOWN,2018-08-16,2018-08-23,-673.2000000000044
UP,2018-08-23,2018-08-24,-84.95999999999913
DOWN,2018-08-24,2018-08-28,-644.8299999999945
UP,2018-08-28,2018-09-05,-878.3199999999997
DOWN,2018-09-05,2018-09-07,-371.51000000000204
UP,2018-09-07,2018-09-11,-976.6900000000023
DOWN,2018-09-11,2018-09-14,-677.510000000002
UP,2018-09-14,2018-09-24,-1785.6200000000026
DOWN,2018-09-24,2018-09-25,-347.0400000000009
UP,2018-09-25,2018-09-28,-424.91999999999825
DOWN,2018-09-28,2018-10-01,-299.0
UP,2018-10-01,2018-10-05,-2149.1500000000015
DOWN,2018-10-05,2018-10-08,-97.38999999999942
UP,2018-10-08,2018-10-09,-174.90999999999622
DOWN,2018-10-09,2018-10-10,-461.41999999999825
UP,2018-10-10,2018-10-11,-759.739999999998
DOWN,2018-10-11,2018-10-16,-1161.3300000000017
UP,2018-10-16,2018-10-23,-1315.25
DOWN,2018-10-23,2018-10-24,-186.72999999999593
UP,2018-10-24,2018-10-26,-684.6500000000015
DOWN,2018-10-26,2018-10-29,-718.0900000000038
UP,2018-10-29,2018-10-30,-176.27000000000407
DOWN,2018-10-30,2018-10-31,-550.9200000000055
UP,2018-10-31,2018-11-01,-10.080000000001746
DOWN,2018-11-01,2018-11-02,-579.6800000000003
UP,2018-11-02,2018-11-05,-60.7300000000032
DOWN,2018-11-05,2018-11-07,-286.76000000000204
UP,2018-11-07,2018-11-12,-424.6900000000023
DOWN,2018-11-12,2018-11-13,-331.5
UP,2018-11-13,2018-11-14,-2.5
DOWN,2018-11-14,2018-11-19,-632.8899999999994
UP,2018-11-19,2018-11-22,-793.8600000000006
DOWN,2018-11-22,2018-12-03,-1259.9800000000032
UP,2018-12-03,2018-12-06,-928.8700000000026
DOWN,2018-12-06,2018-12-07,-361.1200000000026
UP,2018-12-07,2018-12-10,-713.5299999999988
DOWN,2018-12-10,2018-12-19,-1524.6100000000006
UP,2018-12-19,2018-12-24,-1014.1800000000003
DOWN,2018-12-24,2018-12-28,-606.5699999999997
UP,2018-12-28,2018-12-31,-8.389999999999418
DOWN,2018-12-31,2019-01-01,-186.23999999999796
UP,2019-01-01,2019-01-03,-740.8600000000006
DOWN,2019-01-03,2019-01-09,-699.2000000000044
UP,2019-01-09,2019-01-14,-359.3500000000058
DOWN,2019-01-14,2019-01-21,-725.4000000000015
UP,2019-01-21,2019-01-23,-470.48999999999796
DOWN,2019-01-23,2019-01-24,-86.62999999999738
UP,2019-01-24,2019-01-30,-603.8499999999985
DOWN,2019-01-30,2019-02-06,-1383.9800000000032
UP,2019-02-06,2019-02-19,-1622.6200000000026
DOWN,2019-02-19,2019-02-21,-545.739999999998
UP,2019-02-21,2019-02-22,-26.869999999995343
DOWN,2019-02-22,2019-02-25,-341.8999999999942
UP,2019-02-25,2019-02-28,-345.93999999999505
DOWN,2019-02-28,2019-03-07,-857.9799999999959
UP,2019-03-07,2019-03-08,-53.98999999999796
DOWN,2019-03-08,2019-03-20,-1715.3199999999997
UP,2019-03-20,2019-03-25,-577.8399999999965
DOWN,2019-03-25,2019-03-26,-424.5
UP,2019-03-26,2019-03-27,-100.53000000000611
DOWN,2019-03-27,2019-04-02,-923.7700000000041
UP,2019-04-02,2019-04-04,-371.9300000000003
DOWN,2019-04-04,2019-04-05,-177.51000000000204
UP,2019-04-05,2019-04-08,-161.70000000000437
DOWN,2019-04-08,2019-04-09,-238.69000000000233
UP,2019-04-09,2019-04-10,-353.8700000000026
DOWN,2019-04-10,2019-04-16,-690.2900000000009
UP,2019-04-16,2019-04-23,-710.760000000002
DOWN,2019-04-23,2019-04-24,-489.8000000000029
UP,2019-04-24,2019-04-25,-323.8199999999997
DOWN,2019-04-25,2019-04-26,-336.47000000000116
UP,2019-04-26,2019-05-13,-1976.510000000002
DOWN,2019-05-13,2019-05-14,-227.70999999999913
UP,2019-05-14,2019-05-15,-203.65000000000146
DOWN,2019-05-15,2019-05-20,-2237.790000000001
UP,2019-05-20,2019-05-21,-382.86999999999534
DOWN,2019-05-21,2019-05-22,-140.40999999999622
UP,2019-05-22,2019-05-23,-298.8199999999997
DOWN,2019-05-23,2019-05-28,-938.3400000000038
UP,2019-05-28,2019-05-29,-247.6800000000003
DOWN,2019-05-29,2019-05-30,-329.91999999999825
UP,2019-05-30,2019-05-31,-117.77000000000407
DOWN,2019-05-31,2019-06-03,-553.4200000000055
UP,2019-06-03,2019-06-06,-737.9000000000015
DOWN,2019-06-06,2019-06-11,-420.73999999999796
UP,2019-06-11,2019-06-17,-989.6699999999983
DOWN,2019-06-17,2019-06-20,-640.8399999999965
UP,2019-06-20,2019-06-24,-478.66999999999825
DOWN,2019-06-24,2019-06-26,-469.1200000000026
UP,2019-06-26,2019-06-28,-197.44000000000233
DOWN,2019-06-28,2019-07-04,-513.4199999999983
UP,2019-07-04,2019-07-08,-1187.489999999998
DOWN,2019-07-08,2019-07-09,-10.25
UP,2019-07-09,2019-07-10,-173.77999999999884
DOWN,2019-07-10,2019-07-11,-266.0699999999997
UP,2019-07-11,2019-07-12,-86.87999999999738
DOWN,2019-07-12,2019-07-17,-479.4099999999962
UP,2019-07-17,2019-07-25,-1384.6599999999962
DOWN,2019-07-25,2019-07-26,-51.80999999999767
UP,2019-07-26,2019-07-30,-485.5500000000029
DOWN,2019-07-30,2019-07-31,-83.88000000000466
UP,2019-07-31,2019-08-01,-462.8000000000029
DOWN,2019-08-01,2019-08-02,-99.90000000000146
UP,2019-08-02,2019-08-05,-418.38000000000466
DOWN,2019-08-05,2019-08-06,-277.01000000000204
UP,2019-08-06,2019-08-07,-286.34999999999854
DOWN,2019-08-07,2019-08-09,-891.4100000000035
UP,2019-08-09,2019-08-13,-623.75
DOWN,2019-08-13,2019-08-19,-444.32999999999447
UP,2019-08-19,2019-08-22,-929.5599999999977
DOWN,2019-08-22,2019-08-27,-1168.3399999999965
UP,2019-08-27,2019-08-29,-572.3399999999965
DOWN,2019-08-29,2019-08-30,-263.8600000000006
UP,2019-08-30,2019-09-03,-769.8799999999974
DOWN,2019-09-03,2019-09-04,-161.82999999999447
UP,2019-09-04,2019-09-05,-80.31999999999971
DOWN,2019-09-05,2019-09-11,-626.4000000000015
UP,2019-09-11,2019-09-12,-166.54000000000087
DOWN,2019-09-12,2019-09-13,-280.7099999999991
UP,2019-09-13,2019-09-17,-903.9000000000015
DOWN,2019-09-17,2019-09-18,-82.79000000000087
UP,2019-09-18,2019-09-19,-470.4099999999962
DOWN,2019-09-19,2019-09-24,-3003.6699999999983
UP,2019-09-24,2019-09-25,-503.6200000000026
DOWN,2019-09-25,2019-09-26,-396.22000000000116
UP,2019-09-26,2019-10-07,-1457.7599999999948
DOWN,2019-10-07,2019-10-09,-645.9699999999939
UP,2019-10-09,2019-10-10,-297.54999999999563
DOWN,2019-10-10,2019-10-18,-1417.979999999996
UP,2019-10-18,2019-10-22,-334.5400000000009
DOWN,2019-10-22,2019-10-23,-94.99000000000524
UP,2019-10-23,2019-10-24,-38.44000000000233
DOWN,2019-10-24,2019-11-04,-1281.5699999999997
UP,2019-11-04,2019-11-05,-53.729999999995925
DOWN,2019-11-05,2019-11-07,-405.50999999999476
UP,2019-11-07,2019-11-08,-330.1299999999974
DOWN,2019-11-08,2019-11-11,-21.470000000001164
UP,2019-11-11,2019-11-13,-229.02000000000407
DOWN,2019-11-13,2019-11-15,-240.63000000000466
UP,2019-11-15,2019-11-18,-72.5
DOWN,2019-11-18,2019-11-20,-367.4499999999971
UP,2019-11-20,2019-11-22,-292.2299999999959
DOWN,2019-11-22,2019-11-25,-529.8199999999997
UP,2019-11-25,2019-11-26,-67.93000000000029
DOWN,2019-11-26,2019-11-28,-308.86999999999534
UP,2019-11-28,2019-11-29,-336.3600000000006
DOWN,2019-11-29,2019-12-02,-8.360000000000582
UP,2019-12-02,2019-12-03,-126.72000000000116
DOWN,2019-12-03,2019-12-04,-174.84000000000378
UP,2019-12-04,2019-12-06,-405.1399999999994
DOWN,2019-12-06,2019-12-09,-42.279999999998836
UP,2019-12-09,2019-12-10,-247.5500000000029
DOWN,2019-12-10,2019-12-13,-769.8300000000017
UP,2019-12-13,2019-12-16,-70.98999999999796
DOWN,2019-12-16,2019-12-20,-742.8199999999997
UP,2019-12-20,2019-12-26,-517.7799999999988
DOWN,2019-12-26,2019-12-27,-411.3799999999974
UP,2019-12-27,2019-12-31,-321.40000000000146
DOWN,2019-12-31,2020-01-02,-372.90000000000146
UP,2020-01-02,2020-01-06,-950.010000000002
DOWN,2020-01-06,2020-01-07,-192.84000000000378
UP,2020-01-07,2020-01-08,-51.7300000000032
DOWN,2020-01-08,2020-01-14,-1134.8899999999994
UP,2020-01-14,2020-01-15,-79.89999999999418
DOWN,2020-01-15,2020-01-17,-72.63999999999942
UP,2020-01-17,2020-01-22,-829.9900000000052
DOWN,2020-01-22,2020-01-24,-497.81000000000495
UP,2020-01-24,2020-01-28,-646.3300000000017
DOWN,2020-01-28,2020-01-29,-231.8000000000029
UP,2020-01-29,2020-02-01,-1463.1300000000047
DOWN,2020-02-01,2020-02-06,-1570.5
UP,2020-02-06,2020-02-10,-326.4099999999962
DOWN,2020-02-10,2020-02-12,-586.2799999999988
UP,2020-02-12,2020-02-18,-671.5200000000041
DOWN,2020-02-18,2020-02-19,-428.6200000000026
UP,2020-02-19,2020-03-02,-3178.980000000003
DOWN,2020-03-02,2020-03-03,-479.6800000000003
UP,2020-03-03,2020-03-04,-214.2199999999939
DOWN,2020-03-04,2020-03-05,-61.12999999999738
UP,2020-03-05,2020-03-09,-2835.6600000000035
DOWN,2020-03-09,2020-03-11,-62.450000000004366
UP,2020-03-11,2020-03-12,-2919.260000000002
DOWN,2020-03-12,2020-03-13,-1325.3400000000038
UP,2020-03-13,2020-03-19,-5815.250000000004
DOWN,2020-03-19,2020-03-20,-1627.7299999999996
UP,2020-03-20,2020-03-23,-3934.7199999999975
DOWN,2020-03-23,2020-03-26,-3965.529999999999
UP,2020-03-26,2020-03-30,-1506.4500000000007
DOWN,2020-03-30,2020-03-31,-1028.170000000002
UP,2020-03-31,2020-04-03,-1877.5400000000009
DOWN,2020-04-03,2020-04-07,-2476.2599999999984
UP,2020-04-07,2020-04-08,-173.25
DOWN,2020-04-08,2020-04-09,-1265.6599999999999
UP,2020-04-09,2020-04-15,-779.8099999999977
DOWN,2020-04-15,2020-04-20,-1268.1899999999987
UP,2020-04-20,2020-04-21,-1011.2900000000009
DOWN,2020-04-21,2020-04-23,-1226.3700000000026
UP,2020-04-23,2020-04-24,-535.8600000000006
DOWN,2020-04-24,2020-04-30,-2390.4000000000015
UP,2020-04-30,2020-05-05,-2264.110000000004
DOWN,2020-05-05,2020-05-06,-232.2400000000016
UP,2020-05-06,2020-05-07,-242.36999999999898
DOWN,2020-05-07,2020-05-08,-199.3199999999997
UP,2020-05-08,2020-05-12,-271.58000000000175
DOWN,2020-05-12,2020-05-13,-637.4900000000016
UP,2020-05-13,2020-05-18,-1979.630000000001
DOWN,2020-05-18,2020-05-21,-903.9200000000019
UP,2020-05-21,2020-05-26,-323.6000000000022
DOWN,2020-05-26,2020-06-03,-3500.2400000000016
UP,2020-06-03,2020-06-04,-128.84000000000378
DOWN,2020-06-04,2020-06-08,-389.88000000000466
UP,2020-06-08,2020-06-09,-413.8899999999994
DOWN,2020-06-09,2020-06-10,-290.3600000000006
UP,2020-06-10,2020-06-11,-708.6800000000003
DOWN,2020-06-11,2020-06-12,-242.5199999999968
UP,2020-06-12,2020-06-15,-552.0899999999965
DOWN,2020-06-15,2020-06-16,-376.41999999999825
UP,2020-06-16,2020-06-17,-97.30000000000291
DOWN,2020-06-17,2020-06-23,-1922.510000000002
UP,2020-06-23,2020-06-25,-588.3300000000017
DOWN,2020-06-25,2020-06-26,-329.16999999999825
UP,2020-06-26,2020-06-30,-255.4699999999939
DOWN,2020-06-30,2020-07-07,-1758.719999999994
UP,2020-07-07,2020-07-08,-345.50999999999476
DOWN,2020-07-08,2020-07-09,-408.6800000000003
UP,2020-07-09,2020-07-10,-143.36000000000058
DOWN,2020-07-10,2020-07-13,-99.36000000000058
UP,2020-07-13,2020-07-14,-660.6300000000047
DOWN,2020-07-14,2020-07-21,-1897.270000000004
UP,2020-07-21,2020-07-22,-58.81000000000495
DOWN,2020-07-22,2020-07-23,-268.95000000000437
UP,2020-07-23,2020-07-27,-205.73999999999796
DOWN,2020-07-27,2020-07-28,-558.2199999999939
UP,2020-07-28,2020-08-03,-1553.3499999999985
DOWN,2020-08-03,2020-08-04,-748.310000000005
UP,2020-08-04,2020-08-05,-24.580000000001746
DOWN,2020-08-05,2020-08-11,-743.6800000000003
UP,2020-08-11,2020-08-14,-529.6700000000055
DOWN,2020-08-14,2020-08-19,-737.4500000000044
UP,2020-08-19,2020-08-20,-394.40000000000146
DOWN,2020-08-20,2020-08-28,-1246.9199999999983
UP,2020-08-28,2020-08-31,-839.0199999999968
DOWN,2020-08-31,2020-09-02,-457.73999999999796
UP,2020-09-02,2020-09-04,-728.8499999999985
DOWN,2020-09-04,2020-09-07,-60.05000000000291
UP,2020-09-07,2020-09-09,-223.31000000000495
DOWN,2020-09-09,2020-09-11,-660.6300000000047
UP,2020-09-11,2020-09-14,-97.92000000000553
DOWN,2020-09-14,2020-09-16,-546.2200000000012
UP,2020-09-16,2020-09-24,-2749.25
DOWN,2020-09-24,2020-09-28,-1428.0299999999988
UP,2020-09-28,2020-09-29,-8.409999999996217
DOWN,2020-09-29,2020-10-14,-2821.519999999997
UP,2020-10-14,2020-10-15,-1066.3299999999945
DOWN,2020-10-15,2020-10-21,-978.8999999999942
UP,2020-10-21,2020-10-22,-148.8199999999997
DOWN,2020-10-22,2020-10-23,-127.01000000000204
UP,2020-10-23,2020-10-26,-540.0
DOWN,2020-10-26,2020-10-27,-376.59999999999854
UP,2020-10-27,2020-10-30,-908.0299999999988
DOWN,2020-10-30,2020-11-11,-3979.5999999999985
UP,2020-11-11,2020-11-12,-236.47999999999593
DOWN,2020-11-12,2020-11-18,-822.8600000000006
UP,2020-11-18,2020-11-19,-580.0900000000038
DOWN,2020-11-19,2020-11-24,-923.0599999999977
UP,2020-11-24,2020-11-25,-694.9199999999983
DOWN,2020-11-25,2020-11-26,-431.6399999999994
UP,2020-11-26,2020-11-27,-110.0199999999968
DOWN,2020-11-27,2020-12-01,-505.72000000000116
UP,2020-12-01,2020-12-02,-37.400000000001455
DOWN,2020-12-02,2020-12-09,-1485.4599999999991
UP,2020-12-09,2020-12-10,-143.62000000000262
DOWN,2020-12-10,2020-12-18,-1000.810000000005
UP,2020-12-18,2020-12-21,-1406.7300000000032
DOWN,2020-12-21,2021-01-05,-2883.8199999999997
UP,2021-01-05,2021-01-07,-344.4599999999991
DOWN,2021-01-07,2021-01-12,-1423.7900000000009
UP,2021-01-12,2021-01-13,-24.790000000000873
DOWN,2021-01-13,2021-01-14,-91.84000000000378
UP,2021-01-14,2021-01-18,-1019.8900000000067
DOWN,2021-01-18,2021-01-20,-1227.8500000000058
UP,2021-01-20,2021-01-29,-3506.350000000006
DOWN,2021-01-29,2021-02-08,-5063.0
UP,2021-02-08,2021-02-10,-39.37999999999738
DOWN,2021-02-10,2021-02-15,-844.739999999998
UP,2021-02-15,2021-02-22,-2409.8099999999977
DOWN,2021-02-22,2021-02-25,-1294.989999999998
UP,2021-02-25,2021-02-26,-1939.3199999999997
DOWN,2021-02-26,2021-03-03,-2344.6600000000035
UP,2021-03-03,2021-03-05,-1039.3300000000017
DOWN,2021-03-05,2021-03-10,-874.1900000000023
UP,2021-03-10,2021-03-18,-2062.9900000000052
DOWN,2021-03-18,2021-03-19,-641.7200000000012
UP,2021-03-19,2021-03-22,-86.94999999999709
DOWN,2021-03-22,2021-03-23,-280.15000000000146
UP,2021-03-23,2021-03-25,-1611.3199999999997
DOWN,2021-03-25,2021-03-30,-1696.4599999999991
UP,2021-03-30,2021-03-31,-627.4300000000003
DOWN,2021-03-31,2021-04-01,-520.6800000000003
UP,2021-04-01,2021-04-05,-870.510000000002
DOWN,2021-04-05,2021-04-08,-586.8899999999994
UP,2021-04-08,2021-04-12,-1862.8300000000017
DOWN,2021-04-12,2021-04-16,-948.6500000000015
UP,2021-04-16,2021-04-20,-1126.229999999996
DOWN,2021-04-20,2021-04-22,-374.86999999999534
UP,2021-04-22,2021-04-23,-202.22000000000116
DOWN,2021-04-23,2021-04-29,-1887.4900000000052
UP,2021-04-29,2021-05-04,-1512.4300000000003
DOWN,2021-05-04,2021-05-10,-1248.9000000000015
UP,2021-05-10,2021-05-12,-811.6100000000006
DOWN,2021-05-12,2021-05-18,-1502.5299999999988
UP,2021-05-18,2021-05-20,-628.4700000000012
DOWN,2021-05-20,2021-05-24,-1087.0400000000009
UP,2021-05-24,2021-05-25,-14.37000000000262
DOWN,2021-05-25,2021-05-31,-1299.9100000000035
UP,2021-05-31,2021-06-02,-87.95999999999913
DOWN,2021-06-02,2021-06-03,-382.9499999999971
UP,2021-06-03,2021-06-04,-132.37999999999738
DOWN,2021-06-04,2021-06-07,-228.45999999999913
UP,2021-06-07,2021-06-09,-386.8700000000026
DOWN,2021-06-09,2021-06-15,-831.4100000000035
UP,2021-06-15,2021-06-17,-449.72000000000116
DOWN,2021-06-17,2021-06-22,-265.3799999999974
UP,2021-06-22,2021-06-23,-282.6299999999974
DOWN,2021-06-23,2021-06-25,-618.9599999999991
UP,2021-06-25,2021-07-01,-606.4400000000023
DOWN,2021-07-01,2021-07-05,-561.4000000000015
UP,2021-07-05,2021-07-06,-18.81999999999971
DOWN,2021-07-06,2021-07-07,-193.58000000000175
UP,2021-07-07,2021-07-12,-682.0699999999997
DOWN,2021-07-12,2021-07-15,-786.1599999999962
UP,2021-07-15,2021-07-20,-960.3399999999965
DOWN,2021-07-20,2021-07-23,-777.2900000000009
UP,2021-07-23,2021-07-28,-532.0900000000038
DOWN,2021-07-28,2021-07-29,-209.36000000000058
UP,2021-07-29,2021-07-30,-66.2300000000032
DOWN,2021-07-30,2021-08-05,-1906.0
UP,2021-08-05,2021-08-06,-215.11999999999534
DOWN,2021-08-06,2021-08-10,-276.9400000000023
UP,2021-08-10,2021-08-11,-28.7300000000032
DOWN,2021-08-11,2021-08-17,-1266.3399999999965
UP,2021-08-17,2021-08-20,-462.9499999999971
DOWN,2021-08-20,2021-08-24,-629.6600000000035
UP,2021-08-24,2021-08-25,-14.770000000004075
DOWN,2021-08-25,2021-08-31,-1608.1800000000003
UP,2021-08-31,2021-09-01,-214.1800000000003
DOWN,2021-09-01,2021-09-06,-958.7000000000044
UP,2021-09-06,2021-09-08,-46.650000000001455
DOWN,2021-09-08,2021-09-09,-54.80999999999767
UP,2021-09-09,2021-09-13,-127.30999999999767
DOWN,2021-09-13,2021-09-16,-963.4000000000015
UP,2021-09-16,2021-09-20,-650.2300000000032
DOWN,2021-09-20,2021-09-21,-514.3399999999965
UP,2021-09-21,2021-09-22,-77.93999999999505
DOWN,2021-09-22,2021-09-27,-1150.5499999999956
UP,2021-09-27,2021-10-01,-1312.2999999999956
DOWN,2021-10-01,2021-10-05,-979.2999999999956
UP,2021-10-05,2021-10-06,-555.1499999999942
DOWN,2021-10-06,2021-10-18,-2575.8599999999933
UP,2021-10-18,2021-10-22,-943.9699999999939
DOWN,2021-10-22,2021-10-26,-528.6399999999994
UP,2021-10-26,2021-10-29,-2043.3300000000017
DOWN,2021-10-29,2021-11-01,-831.5299999999988
UP,2021-11-01,2021-11-03,-366.5400000000009
DOWN,2021-11-03,2021-11-08,-773.6900000000023
UP,2021-11-08,2021-11-11,-625.9199999999983
DOWN,2021-11-11,2021-11-15,-799.0199999999968
UP,2021-11-15,2021-11-22,-2252.8199999999997
DOWN,2021-11-22,2021-11-23,-198.44000000000233
UP,2021-11-23,2021-11-24,-323.3400000000038
DOWN,2021-11-24,2021-11-25,-454.09999999999854
UP,2021-11-25,2021-11-26,-1687.939999999995
DOWN,2021-11-26,2021-11-29,-153.4300000000003
UP,2021-11-29,2021-11-30,-195.70999999999913
DOWN,2021-11-30,2021-12-02,-1396.4199999999983
UP,2021-12-02,2021-12-06,-1714.1500000000015
DOWN,2021-12-06,2021-12-09,-2059.989999999998
UP,2021-12-09,2021-12-15,-1019.0999999999985
DOWN,2021-12-15,2021-12-16,-113.11000000000058
UP,2021-12-16,2021-12-20,-2079.1299999999974
DOWN,2021-12-20,2021-12-23,-1493.2699999999968
UP,2021-12-23,2021-12-24,-190.97000000000116
DOWN,2021-12-24,2021-12-28,-773.1700000000055
UP,2021-12-28,2021-12-30,-103.16000000000349
DOWN,2021-12-30,2022-01-05,-2428.8300000000017
UP,2022-01-05,2022-01-06,-621.310000000005
DOWN,2022-01-06,2022-01-13,-1633.4600000000064
UP,2022-01-13,2022-01-14,-12.270000000004075
DOWN,2022-01-14,2022-01-17,-85.88000000000466
UP,2022-01-17,2022-01-24,-3817.4000000000015
DOWN,2022-01-24,2022-01-25,-366.6399999999994
UP,2022-01-25,2022-01-28,-657.9199999999983
DOWN,2022-01-28,2022-02-02,-2358.0999999999985
UP,2022-02-02,2022-02-07,-1937.1399999999994
DOWN,2022-02-07,2022-02-10,-1304.8399999999965
UP,2022-02-10,2022-02-14,-2520.1900000000023
DOWN,2022-02-14,2022-02-15,-1736.2100000000064
UP,2022-02-15,2022-02-24,-3612.1399999999994
DOWN,2022-02-24,2022-02-28,-1717.3699999999953
UP,2022-02-28,2022-03-07,-3404.529999999999
DOWN,2022-03-07,2022-03-14,-3643.269999999997
UP,2022-03-14,2022-03-15,-709.1699999999983
DOWN,2022-03-15,2022-03-17,-2087.0800000000017
UP,2022-03-17,2022-03-21,-571.4400000000023
DOWN,2022-03-21,2022-03-22,-696.810000000005
UP,2022-03-22,2022-03-25,-627.1000000000058
DOWN,2022-03-25,2022-03-30,-1321.7900000000009
UP,2022-03-30,2022-03-31,-115.47999999999593
DOWN,2022-03-31,2022-04-04,-2043.229999999996
UP,2022-04-04,2022-04-07,-1576.7900000000009
DOWN,2022-04-07,2022-04-08,-412.2300000000032
UP,2022-04-08,2022-04-19,-2984.029999999999
DOWN,2022-04-19,2022-04-21,-1448.5299999999988
UP,2022-04-21,2022-04-25,-1331.7900000000009
DOWN,2022-04-25,2022-04-26,-776.7200000000012
UP,2022-04-26,2022-04-27,-537.2200000000012
DOWN,2022-04-27,2022-04-28,-701.6699999999983
UP,2022-04-28,2022-05-04,-1852.0299999999988
DOWN,2022-05-04,2022-05-05,-33.200000000004366
UP,2022-05-05,2022-05-13,-2908.6100000000006
DOWN,2022-05-13,2022-05-17,-1524.8499999999985
UP,2022-05-17,2022-05-19,-1526.239999999998
DOWN,2022-05-19,2022-05-20,-1534.1599999999962
UP,2022-05-20,2022-05-25,-577.1299999999974
DOWN,2022-05-25,2022-05-30,-2176.479999999996
UP,2022-05-30,2022-06-01,-544.5699999999997
DOWN,2022-06-01,2022-06-02,-436.9400000000023
UP,2022-06-02,2022-06-08,-925.6200000000026
DOWN,2022-06-08,2022-06-09,-427.7900000000009
UP,2022-06-09,2022-06-17,-3959.8600000000006
DOWN,2022-06-17,2022-06-21,-1171.6500000000015
UP,2022-06-21,2022-06-22,-709.5400000000009
DOWN,2022-06-22,2022-06-28,-1354.9199999999983
UP,2022-06-28,2022-07-01,-269.5199999999968
DOWN,2022-07-01,2022-07-04,-326.8399999999965
UP,2022-07-04,2022-07-05,-100.41999999999825
DOWN,2022-07-05,2022-07-08,-1347.489999999998
UP,2022-07-08,2022-07-14,-1065.689999999995
DOWN,2022-07-14,2022-07-22,-2656.0800000000017
UP,2022-07-22,2022-07-26,-803.7400000000052
DOWN,2022-07-26,2022-08-03,-3082.040000000001
UP,2022-08-03,2022-08-04,-51.729999999995925
DOWN,2022-08-04,2022-08-08,-554.2699999999968
UP,2022-08-08,2022-08-10,-35.779999999998836
DOWN,2022-08-10,2022-08-18,-1480.7099999999991
UP,2022-08-18,2022-08-22,-1524.1299999999974
DOWN,2022-08-22,2022-08-24,-311.5599999999977
UP,2022-08-24,2022-08-25,-310.7099999999991
DOWN,2022-08-25,2022-08-26,-59.150000000001455
UP,2022-08-26,2022-08-29,-861.25
DOWN,2022-08-29,2022-08-30,-1564.449999999997
UP,2022-08-30,2022-09-01,-770.4800000000032
DOWN,2022-09-01,2022-09-05,-479.3900000000067
UP,2022-09-05,2022-09-07,-217.0699999999997
DOWN,2022-09-07,2022-09-13,-1542.1699999999983
UP,2022-09-13,2022-09-16,-1730.2900000000009
DOWN,2022-09-16,2022-09-20,-878.9499999999971
UP,2022-09-20,2022-09-29,-3309.779999999999
DOWN,2022-09-29,2022-09-30,-1016.9599999999991
UP,2022-09-30,2022-10-03,-638.1100000000006
DOWN,2022-10-03,2022-10-06,-1433.2900000000009
UP,2022-10-06,2022-10-11,-1074.7799999999988
DOWN,2022-10-11,2022-10-12,-478.5900000000038
UP,2022-10-12,2022-10-13,-390.58000000000175
DOWN,2022-10-13,2022-10-24,-2596.3300000000017
UP,2022-10-24,2022-10-25,-287.70000000000437
DOWN,2022-10-25,2022-11-01,-1577.3899999999994
UP,2022-11-01,2022-11-03,-284.93999999999505
DOWN,2022-11-03,2022-11-07,-348.73999999999796
UP,2022-11-07,2022-11-10,-571.4500000000044
DOWN,2022-11-10,2022-11-11,-1181.3400000000038
UP,2022-11-11,2022-11-14,-170.88999999999942
DOWN,2022-11-14,2022-11-16,-356.5699999999997
UP,2022-11-16,2022-11-21,-835.8800000000047
DOWN,2022-11-21,2022-12-01,-2139.350000000006
UP,2022-12-01,2022-12-07,-873.510000000002
DOWN,2022-12-07,2022-12-08,-160.0
UP,2022-12-08,2022-12-12,-440.1100000000006
DOWN,2022-12-12,2022-12-14,-547.3400000000038
UP,2022-12-14,2022-12-16,-1340.1000000000058
DOWN,2022-12-16,2022-12-19,-468.38000000000466
UP,2022-12-19,2022-12-23,-1960.9000000000015
DOWN,2022-12-23,2022-12-27,-1082.1399999999994
UP,2022-12-27,2022-12-28,-17.150000000001455
DOWN,2022-12-28,2022-12-29,-223.59999999999854
UP,2022-12-29,2022-12-30,-293.1399999999994
DOWN,2022-12-30,2023-01-03,-453.4599999999991
UP,2023-01-03,2023-01-06,-1393.8299999999945
DOWN,2023-01-06,2023-01-09,-846.939999999995
UP,2023-01-09,2023-01-12,-789.2799999999988
DOWN,2023-01-12,2023-01-13,-303.15000000000146
UP,2023-01-13,2023-01-16,-168.20999999999913
DOWN,2023-01-16,2023-01-18,-952.7699999999968
UP,2023-01-18,2023-01-20,-423.97000000000116
DOWN,2023-01-20,2023-01-24,-356.9800000000032
UP,2023-01-24,2023-01-27,-1647.8499999999985
DOWN,2023-01-27,2023-02-03,-1510.979999999996
UP,2023-02-03,2023-02-07,-555.8399999999965
DOWN,2023-02-07,2023-02-09,-520.1800000000003
UP,2023-02-09,2023-02-13,-374.38000000000466
DOWN,2023-02-13,2023-02-16,-887.6700000000055
UP,2023-02-16,2023-02-28,-2357.3899999999994
DOWN,2023-02-28,2023-03-01,-448.9599999999991
UP,2023-03-01,2023-03-02,-501.7300000000032
DOWN,2023-03-02,2023-03-08,-1438.739999999998
UP,2023-03-08,2023-03-15,-2792.189999999995
DOWN,2023-03-15,2023-03-17,-434.0
UP,2023-03-17,2023-03-20,-360.95000000000437
DOWN,2023-03-20,2023-03-22,-585.6399999999994
UP,2023-03-22,2023-03-24,-687.489999999998
DOWN,2023-03-24,2023-03-27,-126.76000000000204
UP,2023-03-27,2023-03-28,-40.13999999999942
DOWN,2023-03-28,2023-04-13,-2817.279999999999
UP,2023-04-13,2023-04-19,-863.1999999999971
DOWN,2023-04-19,2023-05-02,-1786.9099999999962
UP,2023-05-02,2023-05-03,-161.40999999999622
DOWN,2023-05-03,2023-05-04,-555.9499999999971
UP,2023-05-04,2023-05-05,-694.9599999999991
DOWN,2023-05-05,2023-05-08,-709.9599999999991
UP,2023-05-08,2023-05-09,-2.9199999999982538
DOWN,2023-05-09,2023-05-10,-178.86999999999534
UP,2023-05-10,2023-05-11,-35.68000000000029
DOWN,2023-05-11,2023-05-15,-441.1900000000023
UP,2023-05-15,2023-05-18,-913.9700000000012
DOWN,2023-05-18,2023-05-23,-550.0500000000029
UP,2023-05-23,2023-05-24,-208.01000000000204
DOWN,2023-05-24,2023-05-30,-1195.3499999999985
UP,2023-05-30,2023-06-01,-540.5899999999965
DOWN,2023-06-01,2023-06-07,-714.4199999999983
UP,2023-06-07,2023-06-09,-517.3300000000017
DOWN,2023-06-09,2023-06-14,-602.8800000000047
UP,2023-06-14,2023-06-15,-310.88000000000466
DOWN,2023-06-15,2023-06-16,-466.95000000000437
UP,2023-06-16,2023-06-19,-216.27999999999884
DOWN,2023-06-19,2023-06-21,-354.84999999999854
UP,2023-06-21,2023-06-26,-553.1500000000015
DOWN,2023-06-26,2023-07-04,-2509.050000000003
UP,2023-07-04,2023-07-05,-33.01000000000204
DOWN,2023-07-05,2023-07-06,-339.59999999999854
UP,2023-07-06,2023-07-07,-505.1900000000023
DOWN,2023-07-07,2023-07-11,-337.3899999999994
UP,2023-07-11,2023-07-12,-223.93999999999505
DOWN,2023-07-12,2023-07-20,-2177.9999999999927
UP,2023-07-20,2023-07-25,-1216.1899999999878
DOWN,2023-07-25,2023-07-26,-351.4899999999907
UP,2023-07-26,2023-07-28,-547.0
DOWN,2023-07-28,2023-07-31,-367.47000000000116
UP,2023-07-31,2023-08-03,-1286.989999999998
DOWN,2023-08-03,2023-08-07,-480.5699999999997
DOWN,2023-08-07,2023-08-09,-274.5599999999977
UP,2023-08-09,2023-08-11,-673.1599999999962
DOWN,2023-08-11,2023-08-16,-216.7699999999968
UP,2023-08-16,2023-08-18,-590.7599999999948
DOWN,2023-08-18,2023-08-23,-484.6399999999994
UP,2023-08-23,2023-08-25,-546.7900000000009
DOWN,2023-08-25,2023-08-30,-200.73999999999796
UP,2023-08-30,2023-08-31,-255.8399999999965
DOWN,2023-08-31,2023-09-15,-3007.220000000001
UP,2023-09-15,2023-09-22,-1829.4800000000105
DOWN,2023-09-22,2023-09-25,-14.540000000008149
UP,2023-09-25,2023-09-26,-78.22000000000116
DOWN,2023-09-26,2023-09-27,-173.22000000000116
UP,2023-09-27,2023-09-28,-610.3700000000026
DOWN,2023-09-28,2023-09-29,-320.0900000000038
UP,2023-09-29,2023-10-04,-602.3700000000026
DOWN,2023-10-04,2023-10-06,-769.5900000000038
UP,2023-10-06,2023-10-09,-483.24000000000524
DOWN,2023-10-09,2023-10-11,-960.6600000000035
UP,2023-10-11,2023-10-16,-306.1200000000099
DOWN,2023-10-16,2023-10-17,-261.1600000000035
UP,2023-10-17,2023-10-26,-3279.939999999995
DOWN,2023-10-26,2023-10-30,-964.5
UP,2023-10-30,2023-11-01,-521.3199999999997
DOWN,2023-11-01,2023-11-06,-1367.3600000000006
UP,2023-11-06,2023-11-07,-16.290000000000873
DOWN,2023-11-07,2023-11-08,-33.20999999999913
UP,2023-11-08,2023-11-09,-143.4100000000035
DOWN,2023-11-09,2023-11-12,-427.25
UP,2023-11-12,2023-11-13,-325.57999999999447
DOWN,2023-11-13,2023-11-16,-1048.6099999999933
UP,2023-11-16,2023-11-20,-327.33000000000175
DOWN,2023-11-20,2023-11-22,-368.09000000001106
UP,2023-11-22,2023-11-24,-53.20000000001164
DOWN,2023-11-24,2023-12-06,-3683.6900000000023
UP,2023-12-06,2023-12-07,-132.0399999999936
DOWN,2023-12-07,2023-12-11,-406.8399999999965
UP,2023-12-11,2023-12-12,-377.5
DOWN,2023-12-12,2023-12-15,-1932.7200000000012
UP,2023-12-15,2023-12-18,-168.6600000000035
DOWN,2023-12-18,2023-12-19,-122.10000000000582
UP,2023-12-19,2023-12-20,-930.8800000000047
DOWN,2023-12-20,2023-12-28,-1904.070000000007
UP,2023-12-28,2023-12-29,-170.1200000000099
DOWN,2023-12-29,2024-01-01,-31.680000000007567
UP,2024-01-01,2024-01-03,-915.3399999999965
DOWN,2024-01-03,2024-01-05,-669.5499999999884
UP,2024-01-05,2024-01-08,-670.929999999993
DOWN,2024-01-08,2024-01-15,-1972.7200000000012
UP,2024-01-15,2024-01-18,-2141.0800000000017
DOWN,2024-01-18,2024-01-19,-496.36999999999534
UP,2024-01-19,2024-01-23,-1312.679999999993
DOWN,2024-01-23,2024-01-24,-689.7599999999948
UP,2024-01-24,2024-01-25,-359.6399999999994
DOWN,2024-01-25,2024-01-29,-1240.9000000000087
UP,2024-01-29,2024-01-30,-801.6700000000128
DOWN,2024-01-30,2024-01-31,-612.2100000000064
UP,2024-01-31,2024-02-01,-106.80999999999767
DOWN,2024-02-01,2024-02-02,-440.33000000000175
UP,2024-02-02,2024-02-05,-354.2100000000064
DOWN,2024-02-05,2024-02-06,-454.66999999999825
UP,2024-02-06,2024-02-08,-757.6600000000035
DOWN,2024-02-08,2024-02-09,-167.06000000001222
UP,2024-02-09,2024-02-12,-523.0
DOWN,2024-02-12,2024-02-20,-1984.909999999989
UP,2024-02-20,2024-02-21,-434.3099999999977
DOWN,2024-02-21,2024-02-22,-535.1500000000087
UP,2024-02-22,2024-02-26,-368.1100000000006
DOWN,2024-02-26,2024-02-27,-305.0899999999965
UP,2024-02-27,2024-02-28,-790.3399999999965
DOWN,2024-02-28,2024-03-04,-1567.409999999989
UP,2024-03-04,2024-03-05,-195.15999999998894
DOWN,2024-03-05,2024-03-07,-442.25999999999476
UP,2024-03-07,2024-03-11,-616.75
DOWN,2024-03-11,2024-03-12,-165.32000000000698
UP,2024-03-12,2024-03-13,-906.070000000007
DOWN,2024-03-13,2024-03-14,-335.3899999999994
UP,2024-03-14,2024-03-15,-453.8500000000058
DOWN,2024-03-15,2024-03-18,-104.99000000000524
UP,2024-03-18,2024-03-19,-736.3699999999953
DOWN,2024-03-19,2024-03-21,-629.1399999999994
UP,2024-03-21,2024-03-26,-170.88999999999942
DOWN,2024-03-26,2024-04-01,-1544.25
UP,2024-04-01,2024-04-03,-137.72999999999593
DOWN,2024-04-03,2024-04-08,-865.679999999993
UP,2024-04-08,2024-04-09,-58.80000000000291
DOWN,2024-04-09,2024-04-10,-354.4499999999971
UP,2024-04-10,2024-04-18,-2549.159999999989
DOWN,2024-04-18,2024-04-25,-1850.449999999997
UP,2024-04-25,2024-04-26,-609.2799999999988
DOWN,2024-04-26,2024-04-29,-941.1199999999953
UP,2024-04-29,2024-04-30,-188.5
DOWN,2024-04-30,2024-05-02,-128.33000000000175
UP,2024-05-02,2024-05-03,-732.9600000000064
DOWN,2024-05-03,2024-05-06,-17.389999999999418
UP,2024-05-06,2024-05-09,-1491.3699999999953
DOWN,2024-05-09,2024-05-14,-700.4400000000023
UP,2024-05-14,2024-05-15,-117.58000000000175
DOWN,2024-05-15,2024-05-18,-1018.9100000000035
UP,2024-05-18,2024-05-21,-52.63000000000466
DOWN,2024-05-21,2024-05-23,-1464.729999999996
UP,2024-05-23,2024-05-30,-1532.4399999999878
DOWN,2024-05-30,2024-06-03,-2583.179999999993
UP,2024-06-03,2024-06-04,-4389.729999999996
DOWN,2024-06-04,2024-06-07,-4614.309999999998
UP,2024-06-07,2024-06-11,-236.77000000000407
DOWN,2024-06-11,2024-06-20,-1022.3399999999965
UP,2024-06-20,2024-06-21,-269.02999999999884
DOWN,2024-06-21,2024-06-27,-2033.2799999999988
UP,2024-06-27,2024-06-28,-210.4499999999971
DOWN,2024-06-28,2024-07-01,-443.4600000000064
UP,2024-07-01,2024-07-02,-34.74000000000524
DOWN,2024-07-02,2024-07-04,-608.2200000000012
UP,2024-07-04,2024-07-08,-89.2899999999936
DOWN,2024-07-08,2024-07-09,-391.25999999999476
UP,2024-07-09,2024-07-11,-454.3000000000029
DOWN,2024-07-11,2024-07-18,-1446.12000000001
UP,2024-07-18,2024-07-25,-1303.6600000000035
DOWN,2024-07-25,2024-08-01,-1827.75
UP,2024-08-01,2024-08-06,-3274.479999999996
DOWN,2024-08-06,2024-08-07,-874.9399999999878
UP,2024-08-07,2024-08-08,-581.7899999999936
DOWN,2024-08-08,2024-08-09,-819.6900000000023
UP,2024-08-09,2024-08-13,-749.8800000000047
DOWN,2024-08-13,2024-08-16,-1480.8099999999977
UP,2024-08-16,2024-08-19,-12.160000000003492
DOWN,2024-08-19,2024-09-02,-2135.1600000000035
UP,2024-09-02,2024-09-06,-1375.9100000000035
DOWN,2024-09-06,2024-09-10,-737.3600000000006
UP,2024-09-10,2024-09-11,-398.1299999999901
DOWN,2024-09-11,2024-09-12,-1439.550000000003
UP,2024-09-12,2024-09-13,-71.77000000000407
DOWN,2024-09-13,2024-09-17,-188.72000000000116
UP,2024-09-17,2024-09-18,-131.43000000000757
DOWN,2024-09-18,2024-09-23,-1980.3800000000047
UP,2024-09-23,2024-09-24,-14.570000000006985
DOWN,2024-09-24,2024-09-26,-922.0800000000017
UP,2024-09-26,2024-10-07,-4786.119999999995
DOWN,2024-10-07,2024-10-08,-584.8099999999977
UP,2024-10-08,2024-10-09,-167.70999999999185
DOWN,2024-10-09,2024-10-10,-144.30999999999767
UP,2024-10-10,2024-10-11,-230.0500000000029
DOWN,2024-10-11,2024-10-14,-591.6900000000023
UP,2024-10-14,2024-10-17,-966.4400000000023
DOWN,2024-10-17,2024-10-18,-218.13999999999942
UP,2024-10-18,2024-10-25,-1822.4600000000064
DOWN,2024-10-25,2024-10-29,-966.7400000000052
UP,2024-10-29,2024-10-31,-979.9700000000012
DOWN,2024-10-31,2024-11-01,-335.0599999999977
UP,2024-11-01,2024-11-04,-941.8799999999901
DOWN,2024-11-04,2024-11-06,-1595.8899999999994
UP,2024-11-06,2024-11-08,-891.8099999999977
DOWN,2024-11-08,2024-11-11,-9.829999999987194
UP,2024-11-11,2024-11-18,-2157.1399999999994
DOWN,2024-11-18,2024-11-19,-239.3700000000099
UP,2024-11-19,2024-11-21,-422.59000000001106
DOWN,2024-11-21,2024-11-25,-2954.060000000012
UP,2024-11-25,2024-11-26,-105.79000000000815
DOWN,2024-11-26,2024-11-27,-230.02000000000407
UP,2024-11-27,2024-11-28,-1190.3399999999965
DOWN,2024-11-28,2024-12-05,-2722.1199999999953
UP,2024-12-05,2024-12-09,-257.3999999999942
DOWN,2024-12-09,2024-12-11,-17.679999999993015
UP,2024-12-11,2024-12-12,-236.17999999999302
DOWN,2024-12-12,2024-12-13,-843.1599999999889
UP,2024-12-13,2024-12-20,-4091.529999999999
DOWN,2024-12-20,2024-12-23,-498.58000000000175
UP,2024-12-23,2024-12-26,-67.69000000000233
DOWN,2024-12-26,2024-12-27,-226.59000000001106
UP,2024-12-27,2024-12-31,-560.0600000000122
DOWN,2024-12-31,2025-01-02,-1804.7000000000116
UP,2025-01-02,2025-01-06,-1978.7200000000012
DOWN,2025-01-06,2025-01-07,-234.11999999999534
UP,2025-01-07,2025-01-13,-1869.1000000000058
DOWN,2025-01-13,2025-01-16,-712.8100000000122
UP,2025-01-16,2025-01-17,-423.49000000000524
DOWN,2025-01-17,2025-01-20,-454.1100000000006
UP,2025-01-20,2025-01-21,-1235.0800000000017
DOWN,2025-01-21,2025-01-23,-682.0200000000041
UP,2025-01-23,2025-01-27,-1154.2100000000064
DOWN,2025-01-27,2025-02-01,-2139.790000000008
UP,2025-02-01,2025-02-03,-319.22000000000116
DOWN,2025-02-03,2025-02-04,-1397.0699999999924
UP,2025-02-04,2025-02-14,-2644.5999999999913
DOWN,2025-02-14,2025-02-17,-57.64999999999418
UP,2025-02-17,2025-02-24,-1542.449999999997
DOWN,2025-02-24,2025-02-27,-158.01999999998952
UP,2025-02-27,2025-03-04,-1622.5
DOWN,2025-03-04,2025-03-06,-1350.1600000000035
UP,2025-03-06,2025-03-13,-511.179999999993
DOWN,2025-03-13,2025-03-25,-4188.279999999999
UP,2025-03-25,2025-03-26,-728.6900000000023
DOWN,2025-03-26,2025-03-27,-317.929999999993
UP,2025-03-27,2025-04-01,-1581.9199999999983
DOWN,2025-04-01,2025-04-02,-592.9300000000076
UP,2025-04-02,2025-04-07,-3479.540000000008
DOWN,2025-04-07,2025-04-08,-1089.1800000000076
UP,2025-04-08,2025-04-09,-379.93000000000757
DOWN,2025-04-09,2025-04-23,-6269.340000000011
UP,2025-04-23,2025-04-25,-903.9600000000064
DOWN,2025-04-25,2025-04-29,-1075.8500000000058
UP,2025-04-29,2025-04-30,-46.13999999999942
DOWN,2025-04-30,2025-05-05,-554.5999999999913
UP,2025-05-05,2025-05-06,-155.76999999998952
DOWN,2025-05-06,2025-05-07,-105.70999999999185
UP,2025-05-07,2025-05-09,-1292.3099999999977
DOWN,2025-05-09,2025-05-12,-2975.429999999993
UP,2025-05-12,2025-05-13,-1281.679999999993
DOWN,2025-05-13,2025-05-15,-1382.520000000004
UP,2025-05-15,2025-05-16,-200.15000000000873
