Trend,Start Date,End Date,Duration (days),RSI Start,RSI End,Next Start Date,Gap Days
DOWN,2010-01-21,2010-01-21,1,,,2010-01-21,0.0
DOWN,2010-01-21,2010-01-27,7,,,2010-01-27,0.0
DOWN,2010-01-27,2010-01-29,3,,,2010-01-29,0.0
UP,2010-01-29,2010-02-02,5,,,2010-02-02,0.0
DOWN,2010-02-02,2010-02-03,2,,,2010-02-03,0.0
UP,2010-02-03,2010-02-05,3,,,2010-02-05,0.0
DOWN,2010-02-05,2010-02-09,5,,28.19,2010-02-09,0.0
UP,2010-02-09,2010-02-10,2,28.19,26.8,2010-02-10,0.0
DOWN,2010-02-10,2010-02-11,2,26.8,35.7,2010-02-11,0.0
UP,2010-02-11,2010-02-15,5,35.7,35.2,2010-02-15,0.0
DOWN,2010-02-15,2010-02-17,3,35.2,52.55,2010-02-17,0.0
UP,2010-02-17,2010-02-19,3,52.55,46.81,2010-02-19,0.0
DOWN,2010-02-19,2010-02-23,5,46.81,45.11,2010-02-23,0.0
UP,2010-02-23,2010-02-25,3,45.11,65.75,2010-02-25,0.0
DOWN,2010-02-25,2010-03-03,7,65.75,74.37,2010-03-03,0.0
UP,2010-03-03,2010-03-04,2,74.37,78.01,2010-03-04,0.0
DOWN,2010-03-04,2010-03-08,5,78.01,82.06,2010-03-08,0.0
UP,2010-03-08,2010-03-09,2,82.06,77.14,2010-03-09,0.0
DOWN,2010-03-09,2010-03-11,3,77.14,81.5,2010-03-11,0.0
UP,2010-03-11,2010-03-15,5,81.5,90.18,2010-03-15,0.0
DOWN,2010-03-15,2010-03-19,5,90.18,93.8,2010-03-19,0.0
UP,2010-03-19,2010-03-22,4,93.8,78.08,2010-03-22,0.0
DOWN,2010-03-22,2010-03-29,8,78.08,78.98,2010-03-29,0.0
UP,2010-03-29,2010-03-31,3,78.98,68.87,2010-03-31,0.0
DOWN,2010-03-31,2010-04-07,8,68.87,72.76,2010-04-07,0.0
UP,2010-04-07,2010-04-08,2,72.76,57.8,2010-04-08,0.0
DOWN,2010-04-08,2010-04-09,2,57.8,62.71,2010-04-09,0.0
UP,2010-04-09,2010-04-19,11,62.71,42.82,2010-04-19,0.0
DOWN,2010-04-19,2010-04-26,8,42.82,43.13,2010-04-26,0.0
UP,2010-04-26,2010-04-28,3,43.13,32.82,2010-04-28,0.0
DOWN,2010-04-28,2010-04-30,3,32.82,36.82,2010-04-30,0.0
UP,2010-04-30,2010-05-07,8,36.82,31.18,2010-05-07,0.0
DOWN,2010-05-07,2010-05-10,4,31.18,47.02,2010-05-10,0.0
UP,2010-05-10,2010-05-11,2,47.02,42.98,2010-05-11,0.0
DOWN,2010-05-11,2010-05-13,3,42.98,40.52,2010-05-13,0.0
UP,2010-05-13,2010-05-17,5,40.52,33.45,2010-05-17,0.0
DOWN,2010-05-17,2010-05-18,2,33.45,39.1,2010-05-18,0.0
UP,2010-05-18,2010-05-19,2,39.1,29.4,2010-05-19,0.0
DOWN,2010-05-19,2010-05-20,2,29.4,30.85,2010-05-20,0.0
UP,2010-05-20,2010-05-21,2,30.85,32.02,2010-05-21,0.0
DOWN,2010-05-21,2010-05-24,4,32.02,36.03,2010-05-24,0.0
UP,2010-05-24,2010-05-25,2,36.03,30.89,2010-05-25,0.0
DOWN,2010-05-25,2010-05-31,7,30.89,46.27,2010-05-31,0.0
UP,2010-05-31,2010-06-01,2,46.27,39.46,2010-06-01,0.0
DOWN,2010-06-01,2010-06-04,4,39.46,54.7,2010-06-04,0.0
UP,2010-06-04,2010-06-08,5,54.7,53.48,2010-06-08,0.0
DOWN,2010-06-08,2010-06-17,10,53.48,65.07,2010-06-17,0.0
UP,2010-06-17,2010-06-18,2,65.07,62.71,2010-06-18,0.0
DOWN,2010-06-18,2010-06-21,4,62.71,77.21,2010-06-21,0.0
UP,2010-06-21,2010-06-22,2,77.21,71.4,2010-06-22,0.0
DOWN,2010-06-22,2010-06-23,2,71.4,67.63,2010-06-23,0.0
UP,2010-06-23,2010-06-25,3,67.63,71.68,2010-06-25,0.0
DOWN,2010-06-25,2010-06-28,4,71.68,81.02,2010-06-28,0.0
UP,2010-06-28,2010-06-29,2,81.02,71.22,2010-06-29,0.0
DOWN,2010-06-29,2010-06-30,2,71.22,69.79,2010-06-30,0.0
UP,2010-06-30,2010-07-05,6,69.79,50.82,2010-07-05,0.0
DOWN,2010-07-05,2010-07-06,2,50.82,54.08,2010-07-06,0.0
UP,2010-07-06,2010-07-07,2,54.08,46.06,2010-07-07,0.0
DOWN,2010-07-07,2010-07-13,7,46.06,56.12,2010-07-13,0.0
UP,2010-07-13,2010-07-15,3,56.12,59.44,2010-07-15,0.0
DOWN,2010-07-15,2010-07-16,2,59.44,55.6,2010-07-16,0.0
UP,2010-07-16,2010-07-20,5,55.6,56.86,2010-07-20,0.0
DOWN,2010-07-20,2010-07-23,4,56.86,76.84,2010-07-23,0.0
UP,2010-07-23,2010-07-26,4,76.84,66.59,2010-07-26,0.0
DOWN,2010-07-26,2010-07-27,2,66.59,76.68,2010-07-27,0.0
UP,2010-07-27,2010-07-28,2,76.68,64.2,2010-07-28,0.0
DOWN,2010-07-28,2010-07-29,2,64.2,58.53,2010-07-29,0.0
UP,2010-07-29,2010-07-30,2,58.53,46.37,2010-07-30,0.0
DOWN,2010-07-30,2010-08-04,6,46.37,63.13,2010-08-04,0.0
UP,2010-08-04,2010-08-06,3,63.13,59.19,2010-08-06,0.0
DOWN,2010-08-06,2010-08-09,4,59.19,66.17,2010-08-09,0.0
UP,2010-08-09,2010-08-11,3,66.17,48.28,2010-08-11,0.0
DOWN,2010-08-11,2010-08-13,3,48.28,56.04,2010-08-13,0.0
UP,2010-08-13,2010-08-17,5,56.04,53.95,2010-08-17,0.0
DOWN,2010-08-17,2010-08-19,3,53.95,70.88,2010-08-19,0.0
UP,2010-08-19,2010-08-20,2,70.88,62.88,2010-08-20,0.0
DOWN,2010-08-20,2010-08-23,4,62.88,62.08,2010-08-23,0.0
UP,2010-08-23,2010-08-25,3,62.08,50.26,2010-08-25,0.0
DOWN,2010-08-25,2010-08-26,2,50.26,53.12,2010-08-26,0.0
UP,2010-08-26,2010-08-27,2,53.12,39.7,2010-08-27,0.0
DOWN,2010-08-27,2010-08-30,4,39.7,43.14,2010-08-30,0.0
UP,2010-08-30,2010-08-31,2,43.14,46.13,2010-08-31,0.0
DOWN,2010-08-31,2010-09-02,3,46.13,52.46,2010-09-02,0.0
UP,2010-09-02,2010-09-03,2,52.46,56.31,2010-09-03,0.0
DOWN,2010-09-03,2010-09-15,13,56.31,84.19,2010-09-15,0.0
UP,2010-09-15,2010-09-16,2,84.19,80.2,2010-09-16,0.0
DOWN,2010-09-16,2010-09-21,6,80.2,95.46,2010-09-21,0.0
UP,2010-09-21,2010-09-23,3,95.46,88.51,2010-09-23,0.0
DOWN,2010-09-23,2010-09-27,5,88.51,88.78,2010-09-27,0.0
UP,2010-09-27,2010-09-29,3,88.78,81.27,2010-09-29,0.0
DOWN,2010-09-29,2010-10-04,6,81.27,79.69,2010-10-04,0.0
UP,2010-10-04,2010-10-05,2,79.69,74.96,2010-10-05,0.0
DOWN,2010-10-05,2010-10-06,2,74.96,80.18,2010-10-06,0.0
UP,2010-10-06,2010-10-08,3,80.18,60.31,2010-10-08,0.0
DOWN,2010-10-08,2010-10-11,4,60.31,60.17,2010-10-11,0.0
UP,2010-10-11,2010-10-12,2,60.17,57.52,2010-10-12,0.0
DOWN,2010-10-12,2010-10-13,2,57.52,69.29,2010-10-13,0.0
UP,2010-10-13,2010-10-15,3,69.29,50.16,2010-10-15,0.0
DOWN,2010-10-15,2010-10-18,4,50.16,51.29,2010-10-18,0.0
UP,2010-10-18,2010-10-20,3,51.29,46.09,2010-10-20,0.0
DOWN,2010-10-20,2010-10-21,2,46.09,46.35,2010-10-21,0.0
UP,2010-10-21,2010-10-22,2,46.35,44.03,2010-10-22,0.0
DOWN,2010-10-22,2010-10-25,4,44.03,48.04,2010-10-25,0.0
UP,2010-10-25,2010-10-28,4,48.04,44.05,2010-10-28,0.0
DOWN,2010-10-28,2010-11-01,5,44.05,52.73,2010-11-01,0.0
UP,2010-11-01,2010-11-02,2,52.73,42.59,2010-11-02,0.0
DOWN,2010-11-02,2010-11-05,4,42.59,67.69,2010-11-05,0.0
UP,2010-11-05,2010-11-08,4,67.69,68.65,2010-11-08,0.0
DOWN,2010-11-08,2010-11-09,2,68.65,73.06,2010-11-09,0.0
UP,2010-11-09,2010-11-12,4,73.06,47.02,2010-11-12,0.0
DOWN,2010-11-12,2010-11-15,4,47.02,51.75,2010-11-15,0.0
UP,2010-11-15,2010-11-16,2,51.75,47.45,2010-11-16,0.0
DOWN,2010-11-16,2010-11-18,3,47.45,49.81,2010-11-18,0.0
UP,2010-11-18,2010-11-19,2,49.81,42.57,2010-11-19,0.0
DOWN,2010-11-19,2010-11-22,4,42.57,43.49,2010-11-22,0.0
UP,2010-11-22,2010-11-26,5,43.49,20.89,2010-11-26,0.0
DOWN,2010-11-26,2010-12-02,7,20.89,41.45,2010-12-02,0.0
UP,2010-12-02,2010-12-03,2,41.45,46.92,2010-12-03,0.0
DOWN,2010-12-03,2010-12-06,4,46.92,44.42,2010-12-06,0.0
UP,2010-12-06,2010-12-09,4,44.42,43.93,2010-12-09,0.0
DOWN,2010-12-09,2010-12-14,6,43.93,56.75,2010-12-14,0.0
UP,2010-12-14,2010-12-15,2,56.75,56.53,2010-12-15,0.0
DOWN,2010-12-15,2010-12-21,7,56.53,61.37,2010-12-21,0.0
UP,2010-12-21,2010-12-23,3,61.37,49.75,2010-12-23,0.0
DOWN,2010-12-23,2010-12-24,2,49.75,52.61,2010-12-24,0.0
UP,2010-12-24,2010-12-28,5,52.61,52.24,2010-12-28,0.0
DOWN,2010-12-28,2011-01-03,7,52.24,80.53,2011-01-03,0.0
UP,2011-01-03,2011-01-11,9,80.53,30.23,2011-01-11,0.0
DOWN,2011-01-11,2011-01-12,2,30.23,40.56,2011-01-12,0.0
UP,2011-01-12,2011-01-14,3,40.56,29.96,2011-01-14,0.0
DOWN,2011-01-14,2011-01-18,5,29.96,30.02,2011-01-18,0.0
UP,2011-01-18,2011-01-19,2,30.02,25.62,2011-01-19,0.0
DOWN,2011-01-19,2011-01-20,2,25.62,24.27,2011-01-20,0.0
UP,2011-01-20,2011-01-21,2,24.27,22.54,2011-01-21,0.0
DOWN,2011-01-21,2011-01-24,4,22.54,26.85,2011-01-24,0.0
UP,2011-01-24,2011-02-01,9,26.85,28.55,2011-02-01,0.0
DOWN,2011-02-01,2011-02-03,3,28.55,35.18,2011-02-03,0.0
UP,2011-02-03,2011-02-04,2,35.18,33.57,2011-02-04,0.0
DOWN,2011-02-04,2011-02-07,4,33.57,33.75,2011-02-07,0.0
UP,2011-02-07,2011-02-10,4,33.75,21.55,2011-02-10,0.0
DOWN,2011-02-10,2011-02-17,8,21.55,51.92,2011-02-17,0.0
UP,2011-02-17,2011-02-18,2,51.92,48.13,2011-02-18,0.0
DOWN,2011-02-18,2011-02-21,4,48.13,56.85,2011-02-21,0.0
UP,2011-02-21,2011-02-24,4,56.85,43.68,2011-02-24,0.0
DOWN,2011-02-24,2011-03-03,8,43.68,65.9,2011-03-03,0.0
UP,2011-03-03,2011-03-07,5,65.9,50.37,2011-03-07,0.0
DOWN,2011-03-07,2011-03-09,3,50.37,52.91,2011-03-09,0.0
UP,2011-03-09,2011-03-11,3,52.91,49.31,2011-03-11,0.0
DOWN,2011-03-11,2011-03-14,4,49.31,50.02,2011-03-14,0.0
UP,2011-03-14,2011-03-15,2,50.02,47.76,2011-03-15,0.0
DOWN,2011-03-15,2011-03-16,2,47.76,53.07,2011-03-16,0.0
UP,2011-03-16,2011-03-21,6,53.07,50.29,2011-03-21,0.0
DOWN,2011-03-21,2011-03-31,11,50.29,72.27,2011-03-31,0.0
UP,2011-03-31,2011-04-01,2,72.27,68.77,2011-04-01,0.0
DOWN,2011-04-01,2011-04-04,4,68.77,79.24,2011-04-04,0.0
UP,2011-04-04,2011-04-11,8,79.24,78.93,2011-04-11,0.0
DOWN,2011-04-11,2011-04-13,3,78.93,80.82,2011-04-13,0.0
UP,2011-04-13,2011-04-18,6,80.82,55.7,2011-04-18,0.0
DOWN,2011-04-18,2011-04-21,4,55.7,56.36,2011-04-21,0.0
UP,2011-04-21,2011-05-05,15,56.36,20.37,2011-05-05,0.0
DOWN,2011-05-05,2011-05-09,5,20.37,37.34,2011-05-09,0.0
UP,2011-05-09,2011-05-10,2,37.34,36.2,2011-05-10,0.0
DOWN,2011-05-10,2011-05-11,2,36.2,27.04,2011-05-11,0.0
UP,2011-05-11,2011-05-12,2,27.04,19.07,2011-05-12,0.0
DOWN,2011-05-12,2011-05-13,2,19.07,26.34,2011-05-13,0.0
UP,2011-05-13,2011-05-18,6,26.34,24.65,2011-05-18,0.0
DOWN,2011-05-18,2011-05-20,3,24.65,35.54,2011-05-20,0.0
UP,2011-05-20,2011-05-23,4,35.54,37.66,2011-05-23,0.0
DOWN,2011-05-23,2011-05-24,2,37.66,39.35,2011-05-24,0.0
UP,2011-05-24,2011-05-25,2,39.35,41.15,2011-05-25,0.0
DOWN,2011-05-25,2011-05-27,3,41.15,43.9,2011-05-27,0.0
UP,2011-05-27,2011-05-30,4,43.9,43.53,2011-05-30,0.0
DOWN,2011-05-30,2011-06-01,3,43.53,56.13,2011-06-01,0.0
UP,2011-06-01,2011-06-03,3,56.13,50.76,2011-06-03,0.0
DOWN,2011-06-03,2011-06-07,5,50.76,60.57,2011-06-07,0.0
UP,2011-06-07,2011-06-13,7,60.57,58.06,2011-06-13,0.0
DOWN,2011-06-13,2011-06-14,2,58.06,65.87,2011-06-14,0.0
UP,2011-06-14,2011-06-20,7,65.87,17.46,2011-06-20,0.0
DOWN,2011-06-20,2011-06-21,2,17.46,14.56,2011-06-21,0.0
UP,2011-06-21,2011-06-22,2,14.56,15.67,2011-06-22,0.0
DOWN,2011-06-22,2011-06-30,9,15.67,63.09,2011-06-30,0.0
UP,2011-06-30,2011-07-01,2,63.09,60.86,2011-07-01,0.0
DOWN,2011-07-01,2011-07-04,4,60.86,61.02,2011-07-04,0.0
UP,2011-07-04,2011-07-06,3,61.02,67.99,2011-07-06,0.0
DOWN,2011-07-06,2011-07-07,2,67.99,76.3,2011-07-07,0.0
UP,2011-07-07,2011-07-12,6,76.3,66.98,2011-07-12,0.0
DOWN,2011-07-12,2011-07-14,3,66.98,59.2,2011-07-14,0.0
UP,2011-07-14,2011-07-18,5,59.2,50.38,2011-07-18,0.0
DOWN,2011-07-18,2011-07-19,2,50.38,48.92,2011-07-19,0.0
UP,2011-07-19,2011-07-21,3,48.92,41.12,2011-07-21,0.0
DOWN,2011-07-21,2011-07-25,5,41.12,52.94,2011-07-25,0.0
UP,2011-07-25,2011-07-29,5,52.94,37.53,2011-07-29,0.0
DOWN,2011-07-29,2011-08-01,4,37.53,47.45,2011-08-01,0.0
UP,2011-08-01,2011-08-09,9,47.45,20.09,2011-08-09,0.0
DOWN,2011-08-09,2011-08-10,2,20.09,27.91,2011-08-10,0.0
UP,2011-08-10,2011-08-16,7,27.91,15.18,2011-08-16,0.0
DOWN,2011-08-16,2011-08-17,2,15.18,19.28,2011-08-17,0.0
UP,2011-08-17,2011-08-19,3,19.28,16.35,2011-08-19,0.0
DOWN,2011-08-19,2011-08-23,5,16.35,23.92,2011-08-23,0.0
UP,2011-08-23,2011-08-26,4,23.92,25.18,2011-08-26,0.0
DOWN,2011-08-26,2011-09-02,8,25.18,45.15,2011-09-02,0.0
UP,2011-09-02,2011-09-05,4,45.15,44.63,2011-09-05,0.0
DOWN,2011-09-05,2011-09-08,4,44.63,55.01,2011-09-08,0.0
UP,2011-09-08,2011-09-13,6,55.01,52.07,2011-09-13,0.0
DOWN,2011-09-13,2011-09-16,4,52.07,63.15,2011-09-16,0.0
UP,2011-09-16,2011-09-19,4,63.15,65.53,2011-09-19,0.0
DOWN,2011-09-19,2011-09-20,2,65.53,62.78,2011-09-20,0.0
UP,2011-09-20,2011-09-26,7,62.78,36.73,2011-09-26,0.0
DOWN,2011-09-26,2011-09-27,2,36.73,41.87,2011-09-27,0.0
UP,2011-09-27,2011-09-28,2,41.87,39.12,2011-09-28,0.0
DOWN,2011-09-28,2011-09-29,2,39.12,47.41,2011-09-29,0.0
UP,2011-09-29,2011-10-05,7,47.41,33.85,2011-10-05,0.0
DOWN,2011-10-05,2011-10-10,6,33.85,47.57,2011-10-10,0.0
UP,2011-10-10,2011-10-11,2,47.57,42.06,2011-10-11,0.0
DOWN,2011-10-11,2011-10-12,2,42.06,48.64,2011-10-12,0.0
UP,2011-10-12,2011-10-13,2,48.64,57.92,2011-10-13,0.0
DOWN,2011-10-13,2011-10-14,2,57.92,63.95,2011-10-14,0.0
UP,2011-10-14,2011-10-18,5,63.95,53.68,2011-10-18,0.0
DOWN,2011-10-18,2011-10-19,2,53.68,59.66,2011-10-19,0.0
UP,2011-10-19,2011-10-21,3,59.66,55.33,2011-10-21,0.0
DOWN,2011-10-21,2011-10-28,8,55.33,75.94,2011-10-28,0.0
UP,2011-10-28,2011-11-02,6,75.94,59.73,2011-11-02,0.0
DOWN,2011-11-02,2011-11-08,7,59.73,61.45,2011-11-08,0.0
UP,2011-11-08,2011-11-21,14,61.45,5.06,2011-11-21,0.0
DOWN,2011-11-21,2011-11-22,2,5.06,10.73,2011-11-22,0.0
UP,2011-11-22,2011-11-23,2,10.73,10.05,2011-11-23,0.0
DOWN,2011-11-23,2011-11-24,2,10.05,16.13,2011-11-24,0.0
UP,2011-11-24,2011-11-25,2,16.13,14.52,2011-11-25,0.0
DOWN,2011-11-25,2011-11-28,4,14.52,26.01,2011-11-28,0.0
UP,2011-11-28,2011-11-29,2,26.01,24.49,2011-11-29,0.0
DOWN,2011-11-29,2011-12-02,4,24.49,46.06,2011-12-02,0.0
UP,2011-12-02,2011-12-05,4,46.06,48.81,2011-12-05,0.0
DOWN,2011-12-05,2011-12-07,3,48.81,51.57,2011-12-07,0.0
UP,2011-12-07,2011-12-12,6,51.57,48.88,2011-12-12,0.0
DOWN,2011-12-12,2011-12-13,2,48.88,49.08,2011-12-13,0.0
UP,2011-12-13,2011-12-20,8,49.08,35.72,2011-12-20,0.0
DOWN,2011-12-20,2011-12-22,3,35.72,39.13,2011-12-22,0.0
UP,2011-12-22,2011-12-23,2,39.13,30.16,2011-12-23,0.0
DOWN,2011-12-23,2011-12-26,4,30.16,36.01,2011-12-26,0.0
UP,2011-12-26,2011-12-30,5,36.01,41.42,2011-12-30,0.0
DOWN,2011-12-30,2012-01-03,5,41.42,51.1,2012-01-03,0.0
UP,2012-01-03,2012-01-05,3,51.1,57.8,2012-01-05,0.0
DOWN,2012-01-05,2012-01-06,2,57.8,60.89,2012-01-06,0.0
UP,2012-01-06,2012-01-09,4,60.89,54.1,2012-01-09,0.0
DOWN,2012-01-09,2012-01-11,3,54.1,62.57,2012-01-11,0.0
UP,2012-01-11,2012-01-12,2,62.57,52.03,2012-01-12,0.0
DOWN,2012-01-12,2012-01-17,6,52.03,77.99,2012-01-17,0.0
UP,2012-01-17,2012-01-18,2,77.99,81.68,2012-01-18,0.0
DOWN,2012-01-18,2012-01-27,10,81.68,89.37,2012-01-27,0.0
UP,2012-01-27,2012-01-30,4,89.37,75.02,2012-01-30,0.0
DOWN,2012-01-30,2012-02-06,8,75.02,83.17,2012-02-06,0.0
UP,2012-02-06,2012-02-07,2,83.17,77.58,2012-02-07,0.0
DOWN,2012-02-07,2012-02-09,3,77.58,78.29,2012-02-09,0.0
UP,2012-02-09,2012-02-10,2,78.29,74.21,2012-02-10,0.0
DOWN,2012-02-10,2012-02-15,6,74.21,75.57,2012-02-15,0.0
UP,2012-02-15,2012-02-16,2,75.57,71.99,2012-02-16,0.0
DOWN,2012-02-16,2012-02-21,6,71.99,87.07,2012-02-21,0.0
UP,2012-02-21,2012-02-27,7,87.07,43.87,2012-02-27,0.0
DOWN,2012-02-27,2012-02-29,3,43.87,51.0,2012-02-29,0.0
UP,2012-02-29,2012-03-01,2,51.0,44.68,2012-03-01,0.0
DOWN,2012-03-01,2012-03-03,3,44.68,47.0,2012-03-03,0.0
UP,2012-03-03,2012-03-07,5,47.0,27.86,2012-03-07,0.0
DOWN,2012-03-07,2012-03-14,8,27.86,46.72,2012-03-14,0.0
UP,2012-03-14,2012-03-19,6,46.72,39.38,2012-03-19,0.0
DOWN,2012-03-19,2012-03-21,3,39.38,50.39,2012-03-21,0.0
UP,2012-03-21,2012-03-22,2,50.39,41.68,2012-03-22,0.0
DOWN,2012-03-22,2012-03-23,2,41.68,45.1,2012-03-23,0.0
UP,2012-03-23,2012-03-26,4,45.1,44.55,2012-03-26,0.0
DOWN,2012-03-26,2012-03-27,2,44.55,51.47,2012-03-27,0.0
UP,2012-03-27,2012-03-29,3,51.47,41.68,2012-03-29,0.0
DOWN,2012-03-29,2012-04-03,6,41.68,44.24,2012-04-03,0.0
UP,2012-04-03,2012-04-09,7,44.24,45.51,2012-04-09,0.0
DOWN,2012-04-09,2012-04-10,2,45.51,49.42,2012-04-10,0.0
UP,2012-04-10,2012-04-11,2,49.42,47.71,2012-04-11,0.0
DOWN,2012-04-11,2012-04-12,2,47.71,44.39,2012-04-12,0.0
UP,2012-04-12,2012-04-13,2,44.39,47.71,2012-04-13,0.0
DOWN,2012-04-13,2012-04-19,7,47.71,60.48,2012-04-19,0.0
UP,2012-04-19,2012-04-23,5,60.48,41.56,2012-04-23,0.0
DOWN,2012-04-23,2012-04-24,2,41.56,42.71,2012-04-24,0.0
UP,2012-04-24,2012-04-26,3,42.71,39.58,2012-04-26,0.0
DOWN,2012-04-26,2012-04-30,5,39.58,53.82,2012-04-30,0.0
UP,2012-04-30,2012-05-04,5,53.82,40.15,2012-05-04,0.0
DOWN,2012-05-04,2012-05-07,4,40.15,35.13,2012-05-07,0.0
UP,2012-05-07,2012-05-14,8,35.13,17.62,2012-05-14,0.0
DOWN,2012-05-14,2012-05-15,2,17.62,24.08,2012-05-15,0.0
UP,2012-05-15,2012-05-16,2,24.08,20.49,2012-05-16,0.0
DOWN,2012-05-16,2012-05-21,6,20.49,18.97,2012-05-21,0.0
UP,2012-05-21,2012-05-23,3,18.97,18.3,2012-05-23,0.0
DOWN,2012-05-23,2012-05-24,2,18.3,33.56,2012-05-24,0.0
UP,2012-05-24,2012-05-25,2,33.56,30.42,2012-05-25,0.0
DOWN,2012-05-25,2012-05-29,5,30.42,48.69,2012-05-29,0.0
UP,2012-05-29,2012-06-01,4,48.69,42.93,2012-06-01,0.0
DOWN,2012-06-01,2012-06-08,8,42.93,63.65,2012-06-08,0.0
UP,2012-06-08,2012-06-11,4,63.65,67.29,2012-06-11,0.0
DOWN,2012-06-11,2012-06-13,3,67.29,69.18,2012-06-13,0.0
UP,2012-06-13,2012-06-14,2,69.18,62.02,2012-06-14,0.0
DOWN,2012-06-14,2012-06-15,2,62.02,63.41,2012-06-15,0.0
UP,2012-06-15,2012-06-18,4,63.41,56.05,2012-06-18,0.0
DOWN,2012-06-18,2012-06-21,4,56.05,75.88,2012-06-21,0.0
UP,2012-06-21,2012-06-25,5,75.88,69.97,2012-06-25,0.0
DOWN,2012-06-25,2012-06-29,5,69.97,69.48,2012-06-29,0.0
UP,2012-06-29,2012-07-02,4,69.48,64.96,2012-07-02,0.0
DOWN,2012-07-02,2012-07-05,4,64.96,70.45,2012-07-05,0.0
UP,2012-07-05,2012-07-09,5,70.45,72.39,2012-07-09,0.0
DOWN,2012-07-09,2012-07-10,2,72.39,76.19,2012-07-10,0.0
UP,2012-07-10,2012-07-16,7,76.19,56.22,2012-07-16,0.0
DOWN,2012-07-16,2012-07-19,4,56.22,43.88,2012-07-19,0.0
UP,2012-07-19,2012-07-23,5,43.88,32.63,2012-07-23,0.0
DOWN,2012-07-23,2012-07-24,2,32.63,32.78,2012-07-24,0.0
UP,2012-07-24,2012-07-26,3,32.78,25.06,2012-07-26,0.0
DOWN,2012-07-26,2012-08-01,7,25.06,50.76,2012-08-01,0.0
UP,2012-08-01,2012-08-03,3,50.76,53.01,2012-08-03,0.0
DOWN,2012-08-03,2012-08-07,5,53.01,61.0,2012-08-07,0.0
UP,2012-08-07,2012-08-10,4,61.0,73.56,2012-08-10,0.0
DOWN,2012-08-10,2012-08-14,5,73.56,79.37,2012-08-14,0.0
UP,2012-08-14,2012-08-16,3,79.37,87.23,2012-08-16,0.0
DOWN,2012-08-16,2012-08-21,6,87.23,84.0,2012-08-21,0.0
UP,2012-08-21,2012-08-22,2,84.0,79.46,2012-08-22,0.0
DOWN,2012-08-22,2012-08-23,2,79.46,79.1,2012-08-23,0.0
UP,2012-08-23,2012-08-29,7,79.1,43.93,2012-08-29,0.0
DOWN,2012-08-29,2012-08-30,2,43.93,46.94,2012-08-30,0.0
UP,2012-08-30,2012-09-03,5,46.94,41.97,2012-09-03,0.0
DOWN,2012-09-03,2012-09-04,2,41.97,40.91,2012-09-04,0.0
UP,2012-09-04,2012-09-05,2,40.91,31.01,2012-09-05,0.0
DOWN,2012-09-05,2012-09-17,13,31.01,82.43,2012-09-17,0.0
UP,2012-09-17,2012-09-20,4,82.43,77.85,2012-09-20,0.0
DOWN,2012-09-20,2012-09-21,2,77.85,84.05,2012-09-21,0.0
UP,2012-09-21,2012-09-24,4,84.05,80.32,2012-09-24,0.0
DOWN,2012-09-24,2012-09-25,2,80.32,85.85,2012-09-25,0.0
UP,2012-09-25,2012-09-27,3,85.85,76.81,2012-09-27,0.0
DOWN,2012-09-27,2012-10-04,8,76.81,78.86,2012-10-04,0.0
UP,2012-10-04,2012-10-08,5,78.86,57.12,2012-10-08,0.0
DOWN,2012-10-08,2012-10-09,2,57.12,57.28,2012-10-09,0.0
UP,2012-10-09,2012-10-10,2,57.28,53.67,2012-10-10,0.0
DOWN,2012-10-10,2012-10-11,2,53.67,62.2,2012-10-11,0.0
UP,2012-10-11,2012-10-12,2,62.2,47.56,2012-10-12,0.0
DOWN,2012-10-12,2012-10-15,4,47.56,51.3,2012-10-15,0.0
UP,2012-10-15,2012-10-16,2,51.3,46.5,2012-10-16,0.0
DOWN,2012-10-16,2012-10-18,3,46.5,56.01,2012-10-18,0.0
UP,2012-10-18,2012-10-19,2,56.01,47.62,2012-10-19,0.0
DOWN,2012-10-19,2012-10-22,4,47.62,49.13,2012-10-22,0.0
UP,2012-10-22,2012-10-23,2,49.13,45.52,2012-10-23,0.0
DOWN,2012-10-23,2012-10-25,3,45.52,40.87,2012-10-25,0.0
UP,2012-10-25,2012-10-26,2,40.87,40.53,2012-10-26,0.0
DOWN,2012-10-26,2012-10-29,4,40.53,47.45,2012-10-29,0.0
UP,2012-10-29,2012-10-30,2,47.45,38.35,2012-10-30,0.0
DOWN,2012-10-30,2012-11-07,9,38.35,60.77,2012-11-07,0.0
UP,2012-11-07,2012-11-16,10,60.77,37.66,2012-11-16,0.0
DOWN,2012-11-16,2012-11-19,4,37.66,38.58,2012-11-19,0.0
UP,2012-11-19,2012-11-20,2,38.58,45.4,2012-11-20,0.0
DOWN,2012-11-20,2012-11-22,3,45.4,48.09,2012-11-22,0.0
UP,2012-11-22,2012-11-23,2,48.09,37.28,2012-11-23,0.0
DOWN,2012-11-23,2012-11-30,8,37.28,65.35,2012-11-30,0.0
UP,2012-11-30,2012-12-03,4,65.35,71.0,2012-12-03,0.0
DOWN,2012-12-03,2012-12-06,4,71.0,85.03,2012-12-06,0.0
UP,2012-12-06,2012-12-13,8,85.03,77.01,2012-12-13,0.0
DOWN,2012-12-13,2012-12-14,2,77.01,79.06,2012-12-14,0.0
UP,2012-12-14,2012-12-17,4,79.06,74.61,2012-12-17,0.0
DOWN,2012-12-17,2012-12-19,3,74.61,64.74,2012-12-19,0.0
UP,2012-12-19,2012-12-21,3,64.74,47.03,2012-12-21,0.0
DOWN,2012-12-21,2012-12-26,6,47.03,51.11,2012-12-26,0.0
UP,2012-12-26,2012-12-27,2,51.11,42.93,2012-12-27,0.0
DOWN,2012-12-27,2012-12-28,2,42.93,50.86,2012-12-28,0.0
UP,2012-12-28,2012-12-31,4,50.86,50.7,2012-12-31,0.0
DOWN,2012-12-31,2013-01-04,5,50.7,67.9,2013-01-04,0.0
UP,2013-01-04,2013-01-07,4,67.9,66.88,2013-01-07,0.0
DOWN,2013-01-07,2013-01-08,2,66.88,65.05,2013-01-08,0.0
UP,2013-01-08,2013-01-10,3,65.05,58.73,2013-01-10,0.0
DOWN,2013-01-10,2013-01-15,6,58.73,75.06,2013-01-15,0.0
UP,2013-01-15,2013-01-16,2,75.06,70.38,2013-01-16,0.0
DOWN,2013-01-16,2013-01-21,6,70.38,71.66,2013-01-21,0.0
UP,2013-01-21,2013-01-22,2,71.66,61.24,2013-01-22,0.0
DOWN,2013-01-22,2013-01-23,2,61.24,61.06,2013-01-23,0.0
UP,2013-01-23,2013-01-24,2,61.06,55.51,2013-01-24,0.0
DOWN,2013-01-24,2013-01-25,2,55.51,65.21,2013-01-25,0.0
UP,2013-01-25,2013-01-29,5,65.21,62.1,2013-01-29,0.0
DOWN,2013-01-29,2013-01-30,2,62.1,62.63,2013-01-30,0.0
UP,2013-01-30,2013-02-11,13,62.63,23.92,2013-02-11,0.0
DOWN,2013-02-11,2013-02-13,3,23.92,34.19,2013-02-13,0.0
UP,2013-02-13,2013-02-15,3,34.19,16.86,2013-02-15,0.0
DOWN,2013-02-15,2013-02-20,6,16.86,35.93,2013-02-20,0.0
UP,2013-02-20,2013-02-22,3,35.93,29.87,2013-02-22,0.0
DOWN,2013-02-22,2013-02-25,4,29.87,33.62,2013-02-25,0.0
UP,2013-02-25,2013-02-26,2,33.62,25.94,2013-02-26,0.0
DOWN,2013-02-26,2013-02-27,2,25.94,34.45,2013-02-27,0.0
UP,2013-02-27,2013-02-28,2,34.45,30.17,2013-02-28,0.0
DOWN,2013-02-28,2013-03-01,2,30.17,33.1,2013-03-01,0.0
UP,2013-03-01,2013-03-04,4,33.1,27.88,2013-03-04,0.0
DOWN,2013-03-04,2013-03-08,5,27.88,54.28,2013-03-08,0.0
UP,2013-03-08,2013-03-13,6,54.28,50.93,2013-03-13,0.0
DOWN,2013-03-13,2013-03-14,2,50.93,55.78,2013-03-14,0.0
UP,2013-03-14,2013-03-25,12,55.78,38.21,2013-03-25,0.0
DOWN,2013-03-25,2013-04-02,9,38.21,32.61,2013-04-02,0.0
UP,2013-04-02,2013-04-09,8,32.61,20.13,2013-04-09,0.0
DOWN,2013-04-09,2013-04-11,3,20.13,39.9,2013-04-11,0.0
UP,2013-04-11,2013-04-12,2,39.9,35.52,2013-04-12,0.0
DOWN,2013-04-12,2013-04-16,5,35.52,51.39,2013-04-16,0.0
UP,2013-04-16,2013-04-17,2,51.39,50.58,2013-04-17,0.0
DOWN,2013-04-17,2013-04-25,9,50.58,62.7,2013-04-25,0.0
UP,2013-04-25,2013-04-26,2,62.7,67.58,2013-04-26,0.0
DOWN,2013-04-26,2013-05-02,7,67.58,81.76,2013-05-02,0.0
UP,2013-05-02,2013-05-03,2,81.76,74.72,2013-05-03,0.0
DOWN,2013-05-03,2013-05-08,6,74.72,86.76,2013-05-08,0.0
UP,2013-05-08,2013-05-09,2,86.76,81.68,2013-05-09,0.0
DOWN,2013-05-09,2013-05-11,3,81.68,81.26,2013-05-11,0.0
UP,2013-05-11,2013-05-13,3,81.26,62.75,2013-05-13,0.0
DOWN,2013-05-13,2013-05-17,5,62.75,70.59,2013-05-17,0.0
UP,2013-05-17,2013-05-23,7,70.59,50.02,2013-05-23,0.0
DOWN,2013-05-23,2013-05-28,6,50.02,54.81,2013-05-28,0.0
UP,2013-05-28,2013-05-29,2,54.81,51.49,2013-05-29,0.0
DOWN,2013-05-29,2013-05-30,2,51.49,52.11,2013-05-30,0.0
UP,2013-05-30,2013-06-04,6,52.11,32.64,2013-06-04,0.0
DOWN,2013-06-04,2013-06-05,2,32.64,32.22,2013-06-05,0.0
UP,2013-06-05,2013-06-07,3,32.22,29.6,2013-06-07,0.0
DOWN,2013-06-07,2013-06-10,4,29.6,31.85,2013-06-10,0.0
UP,2013-06-10,2013-06-13,4,31.85,28.01,2013-06-13,0.0
DOWN,2013-06-13,2013-06-17,5,28.01,29.5,2013-06-17,0.0
UP,2013-06-17,2013-06-18,2,29.5,28.26,2013-06-18,0.0
DOWN,2013-06-18,2013-06-19,2,28.26,26.7,2013-06-19,0.0
UP,2013-06-19,2013-06-20,2,26.7,25.81,2013-06-20,0.0
DOWN,2013-06-20,2013-06-21,2,25.81,29.67,2013-06-21,0.0
UP,2013-06-21,2013-06-24,4,29.67,27.42,2013-06-24,0.0
DOWN,2013-06-24,2013-06-25,2,27.42,29.51,2013-06-25,0.0
UP,2013-06-25,2013-06-26,2,29.51,29.15,2013-06-26,0.0
DOWN,2013-06-26,2013-07-01,6,29.15,57.38,2013-07-01,0.0
UP,2013-07-01,2013-07-03,3,57.38,55.79,2013-07-03,0.0
DOWN,2013-07-03,2013-07-05,3,55.79,52.98,2013-07-05,0.0
UP,2013-07-05,2013-07-08,4,52.98,51.74,2013-07-08,0.0
DOWN,2013-07-08,2013-07-09,2,51.74,53.22,2013-07-09,0.0
UP,2013-07-09,2013-07-10,2,53.22,60.94,2013-07-10,0.0
DOWN,2013-07-10,2013-07-15,6,60.94,73.49,2013-07-15,0.0
UP,2013-07-15,2013-07-16,2,73.49,70.97,2013-07-16,0.0
DOWN,2013-07-16,2013-07-23,8,70.97,76.47,2013-07-23,0.0
UP,2013-07-23,2013-08-02,11,76.47,25.44,2013-08-02,0.0
DOWN,2013-08-02,2013-08-05,4,25.44,29.19,2013-08-05,0.0
UP,2013-08-05,2013-08-07,3,29.19,10.39,2013-08-07,0.0
DOWN,2013-08-07,2013-08-14,8,10.39,33.3,2013-08-14,0.0
UP,2013-08-14,2013-08-21,8,33.3,25.0,2013-08-21,0.0
DOWN,2013-08-21,2013-08-26,6,25.0,40.96,2013-08-26,0.0
UP,2013-08-26,2013-08-27,2,40.96,34.53,2013-08-27,0.0
DOWN,2013-08-27,2013-09-02,7,34.53,49.25,2013-09-02,0.0
UP,2013-09-02,2013-09-03,2,49.25,38.72,2013-09-03,0.0
DOWN,2013-09-03,2013-09-06,4,38.72,97.15,2013-09-06,0.0
UP,2013-09-06,2013-09-10,5,97.15,50.79,2013-09-10,0.0
DOWN,2013-09-10,2013-09-11,2,50.79,50.95,2013-09-11,0.0
UP,2013-09-11,2013-09-13,3,50.95,50.55,2013-09-13,0.0
DOWN,2013-09-13,2013-09-19,7,50.55,51.03,2013-09-19,0.0
UP,2013-09-19,2013-09-23,5,51.03,50.46,2013-09-23,0.0
DOWN,2013-09-23,2013-09-24,2,50.46,50.77,2013-09-24,0.0
UP,2013-09-24,2013-09-25,2,50.77,50.59,2013-09-25,0.0
DOWN,2013-09-25,2013-09-26,2,50.59,50.42,2013-09-26,0.0
UP,2013-09-26,2013-09-30,5,50.42,37.94,2013-09-30,0.0
DOWN,2013-09-30,2013-10-04,5,37.94,53.24,2013-10-04,0.0
UP,2013-10-04,2013-10-07,4,53.24,52.69,2013-10-07,0.0
DOWN,2013-10-07,2013-10-14,8,52.69,68.55,2013-10-14,0.0
UP,2013-10-14,2013-10-17,4,68.55,63.89,2013-10-17,0.0
DOWN,2013-10-17,2013-10-21,5,63.89,75.5,2013-10-21,0.0
UP,2013-10-21,2013-10-28,8,75.5,69.78,2013-10-28,0.0
DOWN,2013-10-28,2013-11-03,7,69.78,69.0,2013-11-03,0.0
UP,2013-11-03,2013-11-13,11,69.0,35.8,2013-11-13,0.0
DOWN,2013-11-13,2013-11-19,7,35.8,49.07,2013-11-19,0.0
UP,2013-11-19,2013-11-22,4,49.07,30.07,2013-11-22,0.0
DOWN,2013-11-22,2013-11-25,4,30.07,38.68,2013-11-25,0.0
UP,2013-11-25,2013-11-27,3,38.68,41.02,2013-11-27,0.0
DOWN,2013-11-27,2013-12-02,6,41.02,57.49,2013-12-02,0.0
UP,2013-12-02,2013-12-04,3,57.49,59.85,2013-12-04,0.0
DOWN,2013-12-04,2013-12-09,6,59.85,58.61,2013-12-09,0.0
UP,2013-12-09,2013-12-17,9,58.61,54.8,2013-12-17,0.0
DOWN,2013-12-17,2013-12-18,2,54.8,57.62,2013-12-18,0.0
UP,2013-12-18,2013-12-19,2,57.62,47.94,2013-12-19,0.0
DOWN,2013-12-19,2013-12-23,5,47.94,55.42,2013-12-23,0.0
UP,2013-12-23,2013-12-24,2,55.42,57.39,2013-12-24,0.0
DOWN,2013-12-24,2013-12-27,4,57.39,54.77,2013-12-27,0.0
UP,2013-12-27,2013-12-30,4,54.77,44.86,2013-12-30,0.0
DOWN,2013-12-30,2013-12-31,2,44.86,47.57,2013-12-31,0.0
UP,2013-12-31,2014-01-07,8,47.57,52.57,2014-01-07,0.0
DOWN,2014-01-07,2014-01-08,2,52.57,45.22,2014-01-08,0.0
UP,2014-01-08,2014-01-09,2,45.22,50.19,2014-01-09,0.0
DOWN,2014-01-09,2014-01-13,5,50.19,51.32,2014-01-13,0.0
UP,2014-01-13,2014-01-14,2,51.32,50.01,2014-01-14,0.0
DOWN,2014-01-14,2014-01-15,2,50.01,57.14,2014-01-15,0.0
UP,2014-01-15,2014-01-17,3,57.14,47.46,2014-01-17,0.0
DOWN,2014-01-17,2014-01-23,7,47.46,67.13,2014-01-23,0.0
UP,2014-01-23,2014-01-30,8,67.13,43.93,2014-01-30,0.0
DOWN,2014-01-30,2014-01-31,2,43.93,32.62,2014-01-31,0.0
UP,2014-01-31,2014-02-03,4,32.62,29.29,2014-02-03,0.0
DOWN,2014-02-03,2014-02-07,5,29.29,22.95,2014-02-07,0.0
UP,2014-02-07,2014-02-10,4,22.95,19.99,2014-02-10,0.0
DOWN,2014-02-10,2014-02-12,3,19.99,19.55,2014-02-12,0.0
UP,2014-02-12,2014-02-13,2,19.55,19.36,2014-02-13,0.0
DOWN,2014-02-13,2014-02-19,7,19.36,57.86,2014-02-19,0.0
UP,2014-02-19,2014-02-20,2,57.86,50.71,2014-02-20,0.0
DOWN,2014-02-20,2014-02-28,9,50.71,71.73,2014-02-28,0.0
UP,2014-02-28,2014-03-03,4,71.73,66.62,2014-03-03,0.0
DOWN,2014-03-03,2014-03-10,8,66.62,83.57,2014-03-10,0.0
UP,2014-03-10,2014-03-11,2,83.57,78.0,2014-03-11,0.0
DOWN,2014-03-11,2014-03-12,2,78.0,77.38,2014-03-12,0.0
UP,2014-03-12,2014-03-13,2,77.38,81.5,2014-03-13,0.0
DOWN,2014-03-13,2014-03-19,7,81.5,78.71,2014-03-19,0.0
UP,2014-03-19,2014-03-20,2,78.71,72.61,2014-03-20,0.0
DOWN,2014-03-20,2014-03-24,5,72.61,79.96,2014-03-24,0.0
UP,2014-03-24,2014-03-25,2,79.96,78.95,2014-03-25,0.0
DOWN,2014-03-25,2014-04-02,9,78.95,90.34,2014-04-02,0.0
UP,2014-04-02,2014-04-07,6,90.34,72.94,2014-04-07,0.0
DOWN,2014-04-07,2014-04-10,4,72.94,84.89,2014-04-10,0.0
UP,2014-04-10,2014-04-16,7,84.89,57.33,2014-04-16,0.0
DOWN,2014-04-16,2014-04-21,6,57.33,64.94,2014-04-21,0.0
UP,2014-04-21,2014-04-22,2,64.94,62.14,2014-04-22,0.0
DOWN,2014-04-22,2014-04-23,2,62.14,63.65,2014-04-23,0.0
UP,2014-04-23,2014-05-02,10,63.65,51.59,2014-05-02,0.0
DOWN,2014-05-02,2014-05-06,5,51.59,43.64,2014-05-06,0.0
UP,2014-05-06,2014-05-07,2,43.64,41.16,2014-05-07,0.0
DOWN,2014-05-07,2014-05-13,7,41.16,72.73,2014-05-13,0.0
UP,2014-05-13,2014-05-14,2,72.73,71.28,2014-05-14,0.0
DOWN,2014-05-14,2014-05-20,7,71.28,87.96,2014-05-20,0.0
UP,2014-05-20,2014-05-21,2,87.96,86.91,2014-05-21,0.0
DOWN,2014-05-21,2014-05-26,6,86.91,88.78,2014-05-26,0.0
UP,2014-05-26,2014-05-27,2,88.78,89.32,2014-05-27,0.0
DOWN,2014-05-27,2014-05-28,2,89.32,89.27,2014-05-28,0.0
UP,2014-05-28,2014-05-30,3,89.27,67.1,2014-05-30,0.0
DOWN,2014-05-30,2014-06-03,5,67.1,73.57,2014-06-03,0.0
UP,2014-06-03,2014-06-04,2,73.57,70.69,2014-06-04,0.0
DOWN,2014-06-04,2014-06-10,7,70.69,76.75,2014-06-10,0.0
UP,2014-06-10,2014-06-11,2,76.75,72.56,2014-06-11,0.0
DOWN,2014-06-11,2014-06-12,2,72.56,69.88,2014-06-12,0.0
UP,2014-06-12,2014-06-16,5,69.88,63.27,2014-06-16,0.0
DOWN,2014-06-16,2014-06-17,2,63.27,67.62,2014-06-17,0.0
UP,2014-06-17,2014-06-23,7,67.62,53.84,2014-06-23,0.0
DOWN,2014-06-23,2014-06-24,2,53.84,61.11,2014-06-24,0.0
UP,2014-06-24,2014-06-26,3,61.11,42.58,2014-06-26,0.0
DOWN,2014-06-26,2014-07-02,7,42.58,55.04,2014-07-02,0.0
UP,2014-07-02,2014-07-03,2,55.04,62.96,2014-07-03,0.0
DOWN,2014-07-03,2014-07-07,5,62.96,63.12,2014-07-07,0.0
UP,2014-07-07,2014-07-14,8,63.12,42.68,2014-07-14,0.0
DOWN,2014-07-14,2014-07-24,11,42.68,56.21,2014-07-24,0.0
UP,2014-07-24,2014-07-28,5,56.21,59.65,2014-07-28,0.0
DOWN,2014-07-28,2014-07-30,3,59.65,65.45,2014-07-30,0.0
UP,2014-07-30,2014-08-01,3,65.45,60.07,2014-08-01,0.0
DOWN,2014-08-01,2014-08-05,5,60.07,63.84,2014-08-05,0.0
UP,2014-08-05,2014-08-08,4,63.84,44.04,2014-08-08,0.0
DOWN,2014-08-08,2014-08-19,12,44.04,57.67,2014-08-19,0.0
UP,2014-08-19,2014-08-20,2,57.67,54.04,2014-08-20,0.0
DOWN,2014-08-20,2014-09-03,15,54.04,92.77,2014-09-03,0.0
UP,2014-09-03,2014-09-05,3,92.77,83.88,2014-09-05,0.0
DOWN,2014-09-05,2014-09-08,4,83.88,83.95,2014-09-08,0.0
UP,2014-09-08,2014-09-11,4,83.95,71.05,2014-09-11,0.0
DOWN,2014-09-11,2014-09-12,2,71.05,71.16,2014-09-12,0.0
UP,2014-09-12,2014-09-16,5,71.16,51.21,2014-09-16,0.0
DOWN,2014-09-16,2014-09-18,3,51.21,59.54,2014-09-18,0.0
UP,2014-09-18,2014-09-19,2,59.54,54.89,2014-09-19,0.0
DOWN,2014-09-19,2014-09-22,4,54.89,54.18,2014-09-22,0.0
UP,2014-09-22,2014-09-25,4,54.18,39.84,2014-09-25,0.0
DOWN,2014-09-25,2014-09-26,2,39.84,36.72,2014-09-26,0.0
UP,2014-09-26,2014-09-29,4,36.72,37.08,2014-09-29,0.0
DOWN,2014-09-29,2014-09-30,2,37.08,41.15,2014-09-30,0.0
UP,2014-09-30,2014-10-08,9,41.15,38.25,2014-10-08,0.0
DOWN,2014-10-08,2014-10-09,2,38.25,52.91,2014-10-09,0.0
UP,2014-10-09,2014-10-10,2,52.91,43.8,2014-10-10,0.0
DOWN,2014-10-10,2014-10-13,4,43.8,34.16,2014-10-13,0.0
UP,2014-10-13,2014-10-16,4,34.16,26.27,2014-10-16,0.0
DOWN,2014-10-16,2014-10-23,8,26.27,55.14,2014-10-23,0.0
UP,2014-10-23,2014-10-27,5,55.14,52.41,2014-10-27,0.0
DOWN,2014-10-27,2014-10-31,5,52.41,71.37,2014-10-31,0.0
UP,2014-10-31,2014-11-03,4,71.37,80.77,2014-11-03,0.0
DOWN,2014-11-03,2014-11-05,3,80.77,80.53,2014-11-05,0.0
UP,2014-11-05,2014-11-07,3,80.53,80.13,2014-11-07,0.0
DOWN,2014-11-07,2014-11-12,6,80.13,91.98,2014-11-12,0.0
UP,2014-11-12,2014-11-13,2,91.98,87.85,2014-11-13,0.0
DOWN,2014-11-13,2014-11-17,5,87.85,87.59,2014-11-17,0.0
UP,2014-11-17,2014-11-19,3,87.59,84.2,2014-11-19,0.0
DOWN,2014-11-19,2014-11-24,6,84.2,77.18,2014-11-24,0.0
UP,2014-11-24,2014-11-25,2,77.18,68.07,2014-11-25,0.0
DOWN,2014-11-25,2014-11-28,4,68.07,76.11,2014-11-28,0.0
UP,2014-11-28,2014-12-03,6,76.11,65.52,2014-12-03,0.0
DOWN,2014-12-03,2014-12-04,2,65.52,65.82,2014-12-04,0.0
UP,2014-12-04,2014-12-09,6,65.82,44.44,2014-12-09,0.0
DOWN,2014-12-09,2014-12-10,2,44.44,44.42,2014-12-10,0.0
UP,2014-12-10,2014-12-17,8,44.42,16.07,2014-12-17,0.0
DOWN,2014-12-17,2014-12-22,6,16.07,37.77,2014-12-22,0.0
UP,2014-12-22,2014-12-24,3,37.77,30.12,2014-12-24,0.0
DOWN,2014-12-24,2015-01-02,10,30.12,59.58,2015-01-02,0.0
UP,2015-01-02,2015-01-07,6,59.58,53.16,2015-01-07,0.0
DOWN,2015-01-07,2015-01-12,6,53.16,47.94,2015-01-12,0.0
UP,2015-01-12,2015-01-14,3,47.94,52.69,2015-01-14,0.0
DOWN,2015-01-14,2015-01-27,14,52.69,90.15,2015-01-27,0.0
UP,2015-01-27,2015-01-28,2,90.15,92.06,2015-01-28,0.0
DOWN,2015-01-28,2015-01-29,2,92.06,91.39,2015-01-29,0.0
UP,2015-01-29,2015-02-09,12,91.39,49.4,2015-02-09,0.0
DOWN,2015-02-09,2015-02-19,11,49.4,45.92,2015-02-19,0.0
UP,2015-02-19,2015-02-23,5,45.92,47.19,2015-02-23,0.0
DOWN,2015-02-23,2015-02-25,3,47.19,52.59,2015-02-25,0.0
UP,2015-02-25,2015-02-26,2,52.59,48.02,2015-02-26,0.0
DOWN,2015-02-26,2015-03-03,6,48.02,70.72,2015-03-03,0.0
UP,2015-03-03,2015-03-04,2,70.72,61.52,2015-03-04,0.0
DOWN,2015-03-04,2015-03-05,2,61.52,57.77,2015-03-05,0.0
UP,2015-03-05,2015-03-11,7,57.77,35.12,2015-03-11,0.0
DOWN,2015-03-11,2015-03-12,2,35.12,44.51,2015-03-12,0.0
UP,2015-03-12,2015-03-16,5,44.51,40.38,2015-03-16,0.0
DOWN,2015-03-16,2015-03-17,2,40.38,45.81,2015-03-17,0.0
UP,2015-03-17,2015-03-26,10,45.81,18.2,2015-03-26,0.0
DOWN,2015-03-26,2015-03-30,5,18.2,37.39,2015-03-30,0.0
UP,2015-03-30,2015-03-31,2,37.39,37.81,2015-03-31,0.0
DOWN,2015-03-31,2015-04-09,10,37.81,55.0,2015-04-09,0.0
UP,2015-04-09,2015-04-10,2,55.0,58.25,2015-04-10,0.0
DOWN,2015-04-10,2015-04-13,4,58.25,66.06,2015-04-13,0.0
UP,2015-04-13,2015-04-21,9,66.06,53.62,2015-04-21,0.0
DOWN,2015-04-21,2015-04-22,2,53.62,48.41,2015-04-22,0.0
UP,2015-04-22,2015-04-27,6,48.41,26.69,2015-04-27,0.0
DOWN,2015-04-27,2015-04-28,2,26.69,31.66,2015-04-28,0.0
UP,2015-04-28,2015-04-30,3,31.66,19.49,2015-04-30,0.0
DOWN,2015-04-30,2015-05-04,5,19.49,30.41,2015-05-04,0.0
UP,2015-05-04,2015-05-07,4,30.41,23.45,2015-05-07,0.0
DOWN,2015-05-07,2015-05-11,5,23.45,45.29,2015-05-11,0.0
UP,2015-05-11,2015-05-12,2,45.29,41.01,2015-05-12,0.0
DOWN,2015-05-12,2015-05-13,2,41.01,43.05,2015-05-13,0.0
UP,2015-05-13,2015-05-14,2,43.05,44.11,2015-05-14,0.0
DOWN,2015-05-14,2015-05-18,5,44.11,55.78,2015-05-18,0.0
UP,2015-05-18,2015-05-19,2,55.78,52.94,2015-05-19,0.0
DOWN,2015-05-19,2015-05-20,2,52.94,57.18,2015-05-20,0.0
UP,2015-05-20,2015-05-21,2,57.18,59.8,2015-05-21,0.0
DOWN,2015-05-21,2015-05-22,2,59.8,56.24,2015-05-22,0.0
UP,2015-05-22,2015-05-26,5,56.24,62.0,2015-05-26,0.0
DOWN,2015-05-26,2015-05-27,2,62.0,64.6,2015-05-27,0.0
UP,2015-05-27,2015-05-28,2,64.6,57.02,2015-05-28,0.0
DOWN,2015-05-28,2015-06-01,5,57.02,72.4,2015-06-01,0.0
UP,2015-06-01,2015-06-09,9,72.4,21.79,2015-06-09,0.0
DOWN,2015-06-09,2015-06-10,2,21.79,32.29,2015-06-10,0.0
UP,2015-06-10,2015-06-11,2,32.29,24.04,2015-06-11,0.0
DOWN,2015-06-11,2015-06-23,13,24.04,68.47,2015-06-23,0.0
UP,2015-06-23,2015-06-24,2,68.47,67.16,2015-06-24,0.0
DOWN,2015-06-24,2015-06-25,2,67.16,70.2,2015-06-25,0.0
UP,2015-06-25,2015-06-29,5,70.2,71.13,2015-06-29,0.0
DOWN,2015-06-29,2015-07-01,3,71.13,85.85,2015-07-01,0.0
UP,2015-07-01,2015-07-02,2,85.85,82.75,2015-07-02,0.0
DOWN,2015-07-02,2015-07-06,5,82.75,82.76,2015-07-06,0.0
UP,2015-07-06,2015-07-09,4,82.76,55.53,2015-07-09,0.0
DOWN,2015-07-09,2015-07-13,5,55.53,53.52,2015-07-13,0.0
UP,2015-07-13,2015-07-14,2,53.52,54.66,2015-07-14,0.0
DOWN,2015-07-14,2015-07-17,4,54.66,67.82,2015-07-17,0.0
UP,2015-07-17,2015-07-21,5,67.82,53.66,2015-07-21,0.0
DOWN,2015-07-21,2015-07-22,2,53.66,61.42,2015-07-22,0.0
UP,2015-07-22,2015-07-28,7,61.42,45.78,2015-07-28,0.0
DOWN,2015-07-28,2015-08-03,7,45.78,54.37,2015-08-03,0.0
UP,2015-08-03,2015-08-04,2,54.37,47.71,2015-08-04,0.0
DOWN,2015-08-04,2015-08-06,3,47.71,46.96,2015-08-06,0.0
UP,2015-08-06,2015-08-12,7,46.96,34.48,2015-08-12,0.0
DOWN,2015-08-12,2015-08-14,3,34.48,60.07,2015-08-14,0.0
UP,2015-08-14,2015-08-18,5,60.07,55.27,2015-08-18,0.0
DOWN,2015-08-18,2015-08-19,2,55.27,54.53,2015-08-19,0.0
UP,2015-08-19,2015-08-24,6,54.53,21.53,2015-08-24,0.0
DOWN,2015-08-24,2015-08-25,2,21.53,24.12,2015-08-25,0.0
UP,2015-08-25,2015-08-26,2,24.12,21.14,2015-08-26,0.0
DOWN,2015-08-26,2015-08-28,3,21.14,32.76,2015-08-28,0.0
UP,2015-08-28,2015-09-02,6,32.76,30.11,2015-09-02,0.0
DOWN,2015-09-02,2015-09-03,2,30.11,27.26,2015-09-03,0.0
UP,2015-09-03,2015-09-07,5,27.26,24.22,2015-09-07,0.0
DOWN,2015-09-07,2015-09-09,3,24.22,34.52,2015-09-09,0.0
UP,2015-09-09,2015-09-11,3,34.52,48.49,2015-09-11,0.0
DOWN,2015-09-11,2015-09-14,4,48.49,47.96,2015-09-14,0.0
UP,2015-09-14,2015-09-15,2,47.96,49.89,2015-09-15,0.0
DOWN,2015-09-15,2015-09-18,4,49.89,47.81,2015-09-18,0.0
UP,2015-09-18,2015-09-22,5,47.81,49.42,2015-09-22,0.0
DOWN,2015-09-22,2015-09-24,3,49.42,51.41,2015-09-24,0.0
UP,2015-09-24,2015-09-28,5,51.41,56.53,2015-09-28,0.0
DOWN,2015-09-28,2015-10-07,10,56.53,68.97,2015-10-07,0.0
UP,2015-10-07,2015-10-08,2,68.97,68.11,2015-10-08,0.0
DOWN,2015-10-08,2015-10-09,2,68.11,67.86,2015-10-09,0.0
UP,2015-10-09,2015-10-14,6,67.86,71.68,2015-10-14,0.0
DOWN,2015-10-14,2015-10-19,6,71.68,82.04,2015-10-19,0.0
UP,2015-10-19,2015-10-21,3,82.04,74.98,2015-10-21,0.0
DOWN,2015-10-21,2015-10-23,3,74.98,76.21,2015-10-23,0.0
UP,2015-10-23,2015-11-02,11,76.21,40.83,2015-11-02,0.0
DOWN,2015-11-02,2015-11-03,2,40.83,43.1,2015-11-03,0.0
UP,2015-11-03,2015-11-10,8,43.1,10.77,2015-11-10,0.0
DOWN,2015-11-10,2015-11-11,2,10.77,16.13,2015-11-11,0.0
UP,2015-11-11,2015-11-13,3,16.13,7.15,2015-11-13,0.0
DOWN,2015-11-13,2015-11-17,5,7.15,18.53,2015-11-17,0.0
UP,2015-11-17,2015-11-18,2,18.53,17.22,2015-11-18,0.0
DOWN,2015-11-18,2015-11-20,3,17.22,33.43,2015-11-20,0.0
UP,2015-11-20,2015-11-24,5,33.43,32.6,2015-11-24,0.0
DOWN,2015-11-24,2015-12-01,8,32.6,51.06,2015-12-01,0.0
UP,2015-12-01,2015-12-09,9,51.06,38.87,2015-12-09,0.0
DOWN,2015-12-09,2015-12-10,2,38.87,34.17,2015-12-10,0.0
UP,2015-12-10,2015-12-11,2,34.17,29.84,2015-12-11,0.0
DOWN,2015-12-11,2015-12-17,7,29.84,43.12,2015-12-17,0.0
UP,2015-12-17,2015-12-18,2,43.12,38.07,2015-12-18,0.0
DOWN,2015-12-18,2015-12-21,4,38.07,42.31,2015-12-21,0.0
UP,2015-12-21,2015-12-22,2,42.31,40.95,2015-12-22,0.0
DOWN,2015-12-22,2015-12-23,2,40.95,49.38,2015-12-23,0.0
UP,2015-12-23,2015-12-24,2,49.38,53.71,2015-12-24,0.0
DOWN,2015-12-24,2015-12-29,6,53.71,64.7,2015-12-29,0.0
UP,2015-12-29,2015-12-30,2,64.7,68.77,2015-12-30,0.0
DOWN,2015-12-30,2016-01-01,3,68.77,74.94,2016-01-01,0.0
UP,2016-01-01,2016-01-07,7,74.94,32.93,2016-01-07,0.0
DOWN,2016-01-07,2016-01-08,2,32.93,38.69,2016-01-08,0.0
UP,2016-01-08,2016-01-12,5,38.69,31.65,2016-01-12,0.0
DOWN,2016-01-12,2016-01-13,2,31.65,29.15,2016-01-13,0.0
UP,2016-01-13,2016-01-18,6,29.15,16.25,2016-01-18,0.0
DOWN,2016-01-18,2016-01-19,2,16.25,25.11,2016-01-19,0.0
UP,2016-01-19,2016-01-21,3,25.11,16.59,2016-01-21,0.0
DOWN,2016-01-21,2016-01-27,7,16.59,35.1,2016-01-27,0.0
UP,2016-01-27,2016-01-28,2,35.1,42.46,2016-01-28,0.0
DOWN,2016-01-28,2016-01-29,2,42.46,48.88,2016-01-29,0.0
UP,2016-01-29,2016-02-03,6,48.88,39.75,2016-02-03,0.0
DOWN,2016-02-03,2016-02-05,3,39.75,52.64,2016-02-05,0.0
UP,2016-02-05,2016-02-11,7,52.64,36.2,2016-02-11,0.0
DOWN,2016-02-11,2016-02-15,5,36.2,37.54,2016-02-15,0.0
UP,2016-02-15,2016-02-16,2,37.54,34.12,2016-02-16,0.0
DOWN,2016-02-16,2016-02-22,7,34.12,40.47,2016-02-22,0.0
UP,2016-02-22,2016-02-25,4,40.47,29.69,2016-02-25,0.0
DOWN,2016-02-25,2016-02-26,2,29.69,35.43,2016-02-26,0.0
UP,2016-02-26,2016-02-29,4,35.43,36.5,2016-02-29,0.0
DOWN,2016-02-29,2016-03-09,10,36.5,71.12,2016-03-09,0.0
UP,2016-03-09,2016-03-10,2,71.12,65.01,2016-03-10,0.0
DOWN,2016-03-10,2016-03-14,5,65.01,65.45,2016-03-14,0.0
UP,2016-03-14,2016-03-15,2,65.45,68.05,2016-03-15,0.0
DOWN,2016-03-15,2016-03-16,2,68.05,76.81,2016-03-16,0.0
UP,2016-03-16,2016-03-17,2,76.81,79.71,2016-03-17,0.0
DOWN,2016-03-17,2016-03-23,7,79.71,78.03,2016-03-23,0.0
UP,2016-03-23,2016-03-29,7,78.03,56.39,2016-03-29,0.0
DOWN,2016-03-29,2016-03-31,3,56.39,62.02,2016-03-31,0.0
UP,2016-03-31,2016-04-01,2,62.02,64.81,2016-04-01,0.0
DOWN,2016-04-01,2016-04-04,4,64.81,65.38,2016-04-04,0.0
UP,2016-04-04,2016-04-05,2,65.38,51.5,2016-04-05,0.0
DOWN,2016-04-05,2016-04-06,2,51.5,57.25,2016-04-06,0.0
UP,2016-04-06,2016-04-08,3,57.25,49.93,2016-04-08,0.0
DOWN,2016-04-08,2016-04-21,14,49.93,68.77,2016-04-21,0.0
UP,2016-04-21,2016-04-25,5,68.77,57.11,2016-04-25,0.0
DOWN,2016-04-25,2016-04-27,3,57.11,63.01,2016-04-27,0.0
UP,2016-04-27,2016-04-28,2,63.01,64.4,2016-04-28,0.0
DOWN,2016-04-28,2016-04-29,2,64.4,64.21,2016-04-29,0.0
UP,2016-04-29,2016-05-04,6,64.21,51.65,2016-05-04,0.0
DOWN,2016-05-04,2016-05-05,2,51.65,52.38,2016-05-05,0.0
UP,2016-05-05,2016-05-06,2,52.38,40.06,2016-05-06,0.0
DOWN,2016-05-06,2016-05-10,5,40.06,48.46,2016-05-10,0.0
UP,2016-05-10,2016-05-11,2,48.46,44.26,2016-05-11,0.0
DOWN,2016-05-11,2016-05-12,2,44.26,49.09,2016-05-12,0.0
UP,2016-05-12,2016-05-13,2,49.09,46.57,2016-05-13,0.0
DOWN,2016-05-13,2016-05-17,5,46.57,44.54,2016-05-17,0.0
UP,2016-05-17,2016-05-23,7,44.54,50.01,2016-05-23,0.0
DOWN,2016-05-23,2016-05-30,8,50.01,65.93,2016-05-30,0.0
UP,2016-05-30,2016-05-31,2,65.93,68.63,2016-05-31,0.0
DOWN,2016-05-31,2016-06-02,3,68.63,76.49,2016-06-02,0.0
UP,2016-06-02,2016-06-06,5,76.49,71.48,2016-06-06,0.0
DOWN,2016-06-06,2016-06-08,3,71.48,86.73,2016-06-08,0.0
UP,2016-06-08,2016-06-14,7,86.73,62.79,2016-06-14,0.0
DOWN,2016-06-14,2016-06-15,2,62.79,59.69,2016-06-15,0.0
UP,2016-06-15,2016-06-16,2,59.69,46.38,2016-06-16,0.0
DOWN,2016-06-16,2016-06-20,5,46.38,55.02,2016-06-20,0.0
UP,2016-06-20,2016-06-22,3,55.02,47.97,2016-06-22,0.0
DOWN,2016-06-22,2016-06-23,2,47.97,53.71,2016-06-23,0.0
UP,2016-06-23,2016-06-24,2,53.71,42.92,2016-06-24,0.0
DOWN,2016-06-24,2016-07-04,11,42.92,66.37,2016-07-04,0.0
UP,2016-07-04,2016-07-05,2,66.37,58.89,2016-07-05,0.0
DOWN,2016-07-05,2016-07-07,3,58.89,64.62,2016-07-07,0.0
UP,2016-07-07,2016-07-08,2,64.62,60.96,2016-07-08,0.0
DOWN,2016-07-08,2016-07-14,7,60.96,68.63,2016-07-14,0.0
UP,2016-07-14,2016-07-18,5,68.63,81.88,2016-07-18,0.0
DOWN,2016-07-18,2016-07-20,3,81.88,80.31,2016-07-20,0.0
UP,2016-07-20,2016-07-21,2,80.31,68.85,2016-07-21,0.0
DOWN,2016-07-21,2016-07-25,5,68.85,70.5,2016-07-25,0.0
UP,2016-07-25,2016-07-26,2,70.5,70.26,2016-07-26,0.0
DOWN,2016-07-26,2016-07-28,3,70.26,75.5,2016-07-28,0.0
UP,2016-07-28,2016-08-03,7,75.5,43.27,2016-08-03,0.0
DOWN,2016-08-03,2016-08-08,6,43.27,59.56,2016-08-08,0.0
UP,2016-08-08,2016-08-10,3,59.56,51.5,2016-08-10,0.0
DOWN,2016-08-10,2016-08-12,3,51.5,51.34,2016-08-12,0.0
UP,2016-08-12,2016-08-17,6,51.34,49.55,2016-08-17,0.0
DOWN,2016-08-17,2016-08-18,2,49.55,47.92,2016-08-18,0.0
UP,2016-08-18,2016-08-22,5,47.92,49.56,2016-08-22,0.0
DOWN,2016-08-22,2016-08-24,3,49.56,60.37,2016-08-24,0.0
UP,2016-08-24,2016-08-26,3,60.37,41.0,2016-08-26,0.0
DOWN,2016-08-26,2016-08-31,6,41.0,68.79,2016-08-31,0.0
UP,2016-08-31,2016-09-01,2,68.79,66.14,2016-09-01,0.0
DOWN,2016-09-01,2016-09-06,6,66.14,73.78,2016-09-06,0.0
UP,2016-09-06,2016-09-07,2,73.78,74.07,2016-09-07,0.0
DOWN,2016-09-07,2016-09-08,2,74.07,74.09,2016-09-08,0.0
UP,2016-09-08,2016-09-12,5,74.09,57.46,2016-09-12,0.0
DOWN,2016-09-12,2016-09-19,8,57.46,67.78,2016-09-19,0.0
UP,2016-09-19,2016-09-21,3,67.78,54.19,2016-09-21,0.0
DOWN,2016-09-21,2016-09-22,2,54.19,57.57,2016-09-22,0.0
UP,2016-09-22,2016-09-27,6,57.57,31.92,2016-09-27,0.0
DOWN,2016-09-27,2016-09-28,2,31.92,34.94,2016-09-28,0.0
UP,2016-09-28,2016-09-29,2,34.94,25.14,2016-09-29,0.0
DOWN,2016-09-29,2016-10-04,6,25.14,49.16,2016-10-04,0.0
UP,2016-10-04,2016-10-07,4,49.16,37.3,2016-10-07,0.0
DOWN,2016-10-07,2016-10-10,4,37.3,39.83,2016-10-10,0.0
UP,2016-10-10,2016-10-13,4,39.83,33.32,2016-10-13,0.0
DOWN,2016-10-13,2016-10-14,2,33.32,26.66,2016-10-14,0.0
UP,2016-10-14,2016-10-17,4,26.66,26.23,2016-10-17,0.0
DOWN,2016-10-17,2016-10-18,2,26.23,45.21,2016-10-18,0.0
UP,2016-10-18,2016-10-19,2,45.21,45.28,2016-10-19,0.0
DOWN,2016-10-19,2016-10-20,2,45.28,46.88,2016-10-20,0.0
UP,2016-10-20,2016-10-21,2,46.88,55.67,2016-10-21,0.0
DOWN,2016-10-21,2016-10-24,4,55.67,56.92,2016-10-24,0.0
UP,2016-10-24,2016-10-26,3,56.92,38.35,2016-10-26,0.0
DOWN,2016-10-26,2016-10-28,3,38.35,45.91,2016-10-28,0.0
UP,2016-10-28,2016-11-04,8,45.91,43.61,2016-11-04,0.0
DOWN,2016-11-04,2016-11-08,5,43.61,38.65,2016-11-08,0.0
UP,2016-11-08,2016-11-09,2,38.65,27.21,2016-11-09,0.0
DOWN,2016-11-09,2016-11-10,2,27.21,36.91,2016-11-10,0.0
UP,2016-11-10,2016-11-21,12,36.91,17.49,2016-11-21,0.0
DOWN,2016-11-21,2016-11-23,3,17.49,27.04,2016-11-23,0.0
UP,2016-11-23,2016-11-24,2,27.04,26.27,2016-11-24,0.0
DOWN,2016-11-24,2016-11-30,7,26.27,40.88,2016-11-30,0.0
UP,2016-11-30,2016-12-02,3,40.88,39.29,2016-12-02,0.0
DOWN,2016-12-02,2016-12-06,5,39.29,51.97,2016-12-06,0.0
UP,2016-12-06,2016-12-07,2,51.97,50.19,2016-12-07,0.0
DOWN,2016-12-07,2016-12-09,3,50.19,69.47,2016-12-09,0.0
UP,2016-12-09,2016-12-12,4,69.47,60.84,2016-12-12,0.0
DOWN,2016-12-12,2016-12-13,2,60.84,62.19,2016-12-13,0.0
UP,2016-12-13,2016-12-22,10,62.19,43.6,2016-12-22,0.0
DOWN,2016-12-22,2016-12-23,2,43.6,41.9,2016-12-23,0.0
UP,2016-12-23,2016-12-26,4,41.9,36.01,2016-12-26,0.0
DOWN,2016-12-26,2016-12-27,2,36.01,49.5,2016-12-27,0.0
UP,2016-12-27,2016-12-28,2,49.5,37.2,2016-12-28,0.0
DOWN,2016-12-28,2016-12-30,3,37.2,52.75,2016-12-30,0.0
UP,2016-12-30,2017-01-02,4,52.75,47.26,2017-01-02,0.0
DOWN,2017-01-02,2017-01-03,2,47.26,51.11,2017-01-03,0.0
UP,2017-01-03,2017-01-04,2,51.11,53.26,2017-01-04,0.0
DOWN,2017-01-04,2017-01-05,2,53.26,59.9,2017-01-05,0.0
UP,2017-01-05,2017-01-09,5,59.9,60.82,2017-01-09,0.0
DOWN,2017-01-09,2017-01-12,4,60.82,79.21,2017-01-12,0.0
UP,2017-01-12,2017-01-13,2,79.21,88.88,2017-01-13,0.0
DOWN,2017-01-13,2017-01-16,4,88.88,86.21,2017-01-16,0.0
UP,2017-01-16,2017-01-17,2,86.21,83.41,2017-01-17,0.0
DOWN,2017-01-17,2017-01-19,3,83.41,78.64,2017-01-19,0.0
UP,2017-01-19,2017-01-20,2,78.64,65.31,2017-01-20,0.0
DOWN,2017-01-20,2017-01-27,8,65.31,80.19,2017-01-27,0.0
UP,2017-01-27,2017-01-31,5,80.19,70.11,2017-01-31,0.0
DOWN,2017-01-31,2017-02-06,7,70.11,75.5,2017-02-06,0.0
UP,2017-02-06,2017-02-08,3,75.5,72.13,2017-02-08,0.0
DOWN,2017-02-08,2017-02-13,6,72.13,81.07,2017-02-13,0.0
UP,2017-02-13,2017-02-15,3,81.07,64.06,2017-02-15,0.0
DOWN,2017-02-15,2017-02-23,9,64.06,74.29,2017-02-23,0.0
UP,2017-02-23,2017-02-28,6,74.29,67.15,2017-02-28,0.0
DOWN,2017-02-28,2017-03-01,2,67.15,75.06,2017-03-01,0.0
UP,2017-03-01,2017-03-03,3,75.06,66.68,2017-03-03,0.0
DOWN,2017-03-03,2017-03-06,4,66.68,70.58,2017-03-06,0.0
UP,2017-03-06,2017-03-08,3,70.58,72.72,2017-03-08,0.0
DOWN,2017-03-08,2017-03-14,7,72.72,73.29,2017-03-14,0.0
UP,2017-03-14,2017-03-15,2,73.29,69.63,2017-03-15,0.0
DOWN,2017-03-15,2017-03-17,3,69.63,71.71,2017-03-17,0.0
UP,2017-03-17,2017-03-22,6,71.71,55.0,2017-03-22,0.0
DOWN,2017-03-22,2017-03-24,3,55.0,65.23,2017-03-24,0.0
UP,2017-03-24,2017-03-27,4,65.23,54.97,2017-03-27,0.0
DOWN,2017-03-27,2017-03-30,4,54.97,66.79,2017-03-30,0.0
UP,2017-03-30,2017-03-31,2,66.79,65.69,2017-03-31,0.0
DOWN,2017-03-31,2017-04-05,6,65.69,64.69,2017-04-05,0.0
UP,2017-04-05,2017-04-10,6,64.69,51.44,2017-04-10,0.0
DOWN,2017-04-10,2017-04-11,2,51.44,57.02,2017-04-11,0.0
UP,2017-04-11,2017-04-18,8,57.02,52.19,2017-04-18,0.0
DOWN,2017-04-18,2017-04-20,3,52.19,46.76,2017-04-20,0.0
UP,2017-04-20,2017-04-21,2,46.76,41.3,2017-04-21,0.0
DOWN,2017-04-21,2017-04-26,6,41.3,53.96,2017-04-26,0.0
UP,2017-04-26,2017-04-28,3,53.96,55.41,2017-04-28,0.0
DOWN,2017-04-28,2017-05-02,5,55.41,59.45,2017-05-02,0.0
UP,2017-05-02,2017-05-03,2,59.45,53.24,2017-05-03,0.0
DOWN,2017-05-03,2017-05-04,2,53.24,63.97,2017-05-04,0.0
UP,2017-05-04,2017-05-05,2,63.97,60.95,2017-05-05,0.0
DOWN,2017-05-05,2017-05-11,7,60.95,71.13,2017-05-11,0.0
UP,2017-05-11,2017-05-12,2,71.13,70.93,2017-05-12,0.0
DOWN,2017-05-12,2017-05-17,6,70.93,65.74,2017-05-17,0.0
UP,2017-05-17,2017-05-18,2,65.74,61.32,2017-05-18,0.0
DOWN,2017-05-18,2017-05-22,5,61.32,67.94,2017-05-22,0.0
UP,2017-05-22,2017-05-24,3,67.94,54.81,2017-05-24,0.0
DOWN,2017-05-24,2017-05-30,7,54.81,72.52,2017-05-30,0.0
UP,2017-05-30,2017-06-01,3,72.52,73.98,2017-06-01,0.0
DOWN,2017-06-01,2017-06-05,5,73.98,70.68,2017-06-05,0.0
UP,2017-06-05,2017-06-06,2,70.68,64.77,2017-06-06,0.0
DOWN,2017-06-06,2017-06-07,2,64.77,75.25,2017-06-07,0.0
UP,2017-06-07,2017-06-08,2,75.25,72.22,2017-06-08,0.0
DOWN,2017-06-08,2017-06-09,2,72.22,71.24,2017-06-09,0.0
UP,2017-06-09,2017-06-12,4,71.24,73.0,2017-06-12,0.0
DOWN,2017-06-12,2017-06-14,3,73.0,67.87,2017-06-14,0.0
UP,2017-06-14,2017-06-16,3,67.87,46.98,2017-06-16,0.0
DOWN,2017-06-16,2017-06-19,4,46.98,57.04,2017-06-19,0.0
UP,2017-06-19,2017-06-21,3,57.04,56.72,2017-06-21,0.0
DOWN,2017-06-21,2017-06-22,2,56.72,50.91,2017-06-22,0.0
UP,2017-06-22,2017-06-28,7,50.91,31.47,2017-06-28,0.0
DOWN,2017-06-28,2017-07-03,6,31.47,54.87,2017-07-03,0.0
UP,2017-07-03,2017-07-04,2,54.87,54.1,2017-07-04,0.0
DOWN,2017-07-04,2017-07-06,3,54.1,61.08,2017-07-06,0.0
UP,2017-07-06,2017-07-07,2,61.08,61.58,2017-07-07,0.0
DOWN,2017-07-07,2017-07-13,7,61.58,71.95,2017-07-13,0.0
UP,2017-07-13,2017-07-14,2,71.95,78.2,2017-07-14,0.0
DOWN,2017-07-14,2017-07-17,4,78.2,88.8,2017-07-17,0.0
UP,2017-07-17,2017-07-18,2,88.8,76.11,2017-07-18,0.0
DOWN,2017-07-18,2017-07-19,2,76.11,78.89,2017-07-19,0.0
UP,2017-07-19,2017-07-20,2,78.89,76.05,2017-07-20,0.0
DOWN,2017-07-20,2017-07-24,5,76.05,77.03,2017-07-24,0.0
UP,2017-07-24,2017-07-25,2,77.03,75.89,2017-07-25,0.0
DOWN,2017-07-25,2017-07-27,3,75.89,76.62,2017-07-27,0.0
UP,2017-07-27,2017-07-28,2,76.62,68.13,2017-07-28,0.0
DOWN,2017-07-28,2017-08-01,5,68.13,71.22,2017-08-01,0.0
UP,2017-08-01,2017-08-03,3,71.22,55.7,2017-08-03,0.0
DOWN,2017-08-03,2017-08-04,2,55.7,56.47,2017-08-04,0.0
UP,2017-08-04,2017-08-11,8,56.47,24.8,2017-08-11,0.0
DOWN,2017-08-11,2017-08-17,7,24.8,38.04,2017-08-17,0.0
UP,2017-08-17,2017-08-21,5,38.04,26.87,2017-08-21,0.0
DOWN,2017-08-21,2017-08-28,8,26.87,39.45,2017-08-28,0.0
UP,2017-08-28,2017-08-29,2,39.45,35.41,2017-08-29,0.0
DOWN,2017-08-29,2017-09-01,4,35.41,56.46,2017-09-01,0.0
UP,2017-09-01,2017-09-04,4,56.46,59.16,2017-09-04,0.0
DOWN,2017-09-04,2017-09-05,2,59.16,57.1,2017-09-05,0.0
UP,2017-09-05,2017-09-06,2,57.1,47.7,2017-09-06,0.0
DOWN,2017-09-06,2017-09-18,13,47.7,80.27,2017-09-18,0.0
UP,2017-09-18,2017-09-27,10,80.27,37.58,2017-09-27,0.0
DOWN,2017-09-27,2017-10-04,8,37.58,37.22,2017-10-04,0.0
UP,2017-10-04,2017-10-05,2,37.22,34.05,2017-10-05,0.0
DOWN,2017-10-05,2017-10-10,6,34.05,38.97,2017-10-10,0.0
UP,2017-10-10,2017-10-11,2,38.97,37.44,2017-10-11,0.0
DOWN,2017-10-11,2017-10-16,6,37.44,72.08,2017-10-16,0.0
UP,2017-10-16,2017-10-19,4,72.08,78.62,2017-10-19,0.0
DOWN,2017-10-19,2017-10-30,12,78.62,83.99,2017-10-30,0.0
UP,2017-10-30,2017-10-31,2,83.99,81.23,2017-10-31,0.0
DOWN,2017-10-31,2017-11-01,2,81.23,87.43,2017-11-01,0.0
UP,2017-11-01,2017-11-02,2,87.43,84.12,2017-11-02,0.0
DOWN,2017-11-02,2017-11-06,5,84.12,81.45,2017-11-06,0.0
UP,2017-11-06,2017-11-08,3,81.45,64.37,2017-11-08,0.0
DOWN,2017-11-08,2017-11-10,3,64.37,70.27,2017-11-10,0.0
UP,2017-11-10,2017-11-15,6,70.27,39.86,2017-11-15,0.0
DOWN,2017-11-15,2017-11-27,13,39.86,60.01,2017-11-27,0.0
UP,2017-11-27,2017-12-01,5,60.01,45.29,2017-12-01,0.0
DOWN,2017-12-01,2017-12-04,4,45.29,48.26,2017-12-04,0.0
UP,2017-12-04,2017-12-06,3,48.26,35.99,2017-12-06,0.0
DOWN,2017-12-06,2017-12-11,6,35.99,49.51,2017-12-11,0.0
UP,2017-12-11,2017-12-13,3,49.51,39.7,2017-12-13,0.0
DOWN,2017-12-13,2017-12-19,7,39.7,53.74,2017-12-19,0.0
UP,2017-12-19,2017-12-21,3,53.74,68.96,2017-12-21,0.0
DOWN,2017-12-21,2017-12-26,6,68.96,73.37,2017-12-26,0.0
UP,2017-12-26,2017-12-28,3,73.37,70.52,2017-12-28,0.0
DOWN,2017-12-28,2017-12-29,2,70.52,69.22,2017-12-29,0.0
UP,2017-12-29,2018-01-03,6,69.22,71.11,2018-01-03,0.0
DOWN,2018-01-03,2018-01-09,7,71.11,68.72,2018-01-09,0.0
UP,2018-01-09,2018-01-10,2,68.72,70.88,2018-01-10,0.0
DOWN,2018-01-10,2018-01-15,6,70.88,74.42,2018-01-15,0.0
UP,2018-01-15,2018-01-16,2,74.42,75.59,2018-01-16,0.0
DOWN,2018-01-16,2018-01-24,9,75.59,96.5,2018-01-24,0.0
UP,2018-01-24,2018-01-25,2,96.5,91.52,2018-01-25,0.0
DOWN,2018-01-25,2018-01-29,5,91.52,91.64,2018-01-29,0.0
UP,2018-01-29,2018-02-07,10,91.64,36.22,2018-02-07,0.0
DOWN,2018-02-07,2018-02-08,2,36.22,38.78,2018-02-08,0.0
UP,2018-02-08,2018-02-09,2,38.78,30.85,2018-02-09,0.0
DOWN,2018-02-09,2018-02-12,4,30.85,31.0,2018-02-12,0.0
UP,2018-02-12,2018-02-14,3,31.0,23.5,2018-02-14,0.0
DOWN,2018-02-14,2018-02-15,2,23.5,25.87,2018-02-15,0.0
UP,2018-02-15,2018-02-20,6,25.87,19.84,2018-02-20,0.0
DOWN,2018-02-20,2018-02-21,2,19.84,23.07,2018-02-21,0.0
UP,2018-02-21,2018-02-22,2,23.07,23.26,2018-02-22,0.0
DOWN,2018-02-22,2018-02-26,5,23.26,45.39,2018-02-26,0.0
UP,2018-02-26,2018-03-07,10,45.39,30.91,2018-03-07,0.0
DOWN,2018-03-07,2018-03-08,2,30.91,34.83,2018-03-08,0.0
UP,2018-03-08,2018-03-09,2,34.83,37.77,2018-03-09,0.0
DOWN,2018-03-09,2018-03-12,4,37.77,52.2,2018-03-12,0.0
UP,2018-03-12,2018-03-19,8,52.2,27.48,2018-03-19,0.0
DOWN,2018-03-19,2018-03-21,3,27.48,34.28,2018-03-21,0.0
UP,2018-03-21,2018-03-23,3,34.28,33.26,2018-03-23,0.0
DOWN,2018-03-23,2018-03-27,5,33.26,52.14,2018-03-27,0.0
UP,2018-03-27,2018-03-28,2,52.14,43.99,2018-03-28,0.0
DOWN,2018-03-28,2018-04-03,7,43.99,40.67,2018-04-03,0.0
UP,2018-04-03,2018-04-04,2,40.67,37.01,2018-04-04,0.0
DOWN,2018-04-04,2018-04-17,14,37.01,77.19,2018-04-17,0.0
UP,2018-04-17,2018-04-18,2,77.19,74.12,2018-04-18,0.0
DOWN,2018-04-18,2018-04-19,2,74.12,81.87,2018-04-19,0.0
UP,2018-04-19,2018-04-20,2,81.87,78.81,2018-04-20,0.0
DOWN,2018-04-20,2018-04-24,5,78.81,95.7,2018-04-24,0.0
UP,2018-04-24,2018-04-25,2,95.7,85.18,2018-04-25,0.0
DOWN,2018-04-25,2018-05-02,8,85.18,88.22,2018-05-02,0.0
UP,2018-05-02,2018-05-04,3,88.22,72.23,2018-05-04,0.0
DOWN,2018-05-04,2018-05-09,6,72.23,78.0,2018-05-09,0.0
UP,2018-05-09,2018-05-10,2,78.0,73.52,2018-05-10,0.0
DOWN,2018-05-10,2018-05-14,5,73.52,77.58,2018-05-14,0.0
UP,2018-05-14,2018-05-21,8,77.58,36.43,2018-05-21,0.0
DOWN,2018-05-21,2018-05-22,2,36.43,37.03,2018-05-22,0.0
UP,2018-05-22,2018-05-23,2,37.03,33.2,2018-05-23,0.0
DOWN,2018-05-23,2018-05-28,6,33.2,49.02,2018-05-28,0.0
UP,2018-05-28,2018-05-30,3,49.02,43.64,2018-05-30,0.0
DOWN,2018-05-30,2018-05-31,2,43.64,46.19,2018-05-31,0.0
UP,2018-05-31,2018-06-05,6,46.19,42.0,2018-06-05,0.0
DOWN,2018-06-05,2018-06-07,3,42.0,60.08,2018-06-07,0.0
UP,2018-06-07,2018-06-08,2,60.08,64.59,2018-06-08,0.0
DOWN,2018-06-08,2018-06-13,6,64.59,71.77,2018-06-13,0.0
UP,2018-06-13,2018-06-14,2,71.77,64.36,2018-06-14,0.0
DOWN,2018-06-14,2018-06-15,2,64.36,60.71,2018-06-15,0.0
UP,2018-06-15,2018-06-19,5,60.71,58.62,2018-06-19,0.0
DOWN,2018-06-19,2018-06-20,2,58.62,55.48,2018-06-20,0.0
UP,2018-06-20,2018-06-21,2,55.48,54.95,2018-06-21,0.0
DOWN,2018-06-21,2018-06-22,2,54.95,66.03,2018-06-22,0.0
UP,2018-06-22,2018-06-25,4,66.03,62.75,2018-06-25,0.0
DOWN,2018-06-25,2018-06-26,2,62.75,57.91,2018-06-26,0.0
UP,2018-06-26,2018-06-28,3,57.91,40.41,2018-06-28,0.0
DOWN,2018-06-28,2018-06-29,2,40.41,48.78,2018-06-29,0.0
UP,2018-06-29,2018-07-02,4,48.78,41.13,2018-07-02,0.0
DOWN,2018-07-02,2018-07-04,3,41.13,50.87,2018-07-04,0.0
UP,2018-07-04,2018-07-05,2,50.87,49.1,2018-07-05,0.0
DOWN,2018-07-05,2018-07-12,8,49.1,66.13,2018-07-12,0.0
UP,2018-07-12,2018-07-16,5,66.13,65.74,2018-07-16,0.0
DOWN,2018-07-16,2018-07-17,2,65.74,75.34,2018-07-17,0.0
UP,2018-07-17,2018-07-19,3,75.34,71.33,2018-07-19,0.0
DOWN,2018-07-19,2018-07-31,13,71.33,81.51,2018-07-31,0.0
UP,2018-07-31,2018-08-02,3,81.51,63.68,2018-08-02,0.0
DOWN,2018-08-02,2018-08-06,5,63.68,74.49,2018-08-06,0.0
UP,2018-08-06,2018-08-07,2,74.49,78.44,2018-08-07,0.0
DOWN,2018-08-07,2018-08-09,3,78.44,81.02,2018-08-09,0.0
UP,2018-08-09,2018-08-13,5,81.02,66.31,2018-08-13,0.0
DOWN,2018-08-13,2018-08-14,2,66.31,68.49,2018-08-14,0.0
UP,2018-08-14,2018-08-16,3,68.49,62.35,2018-08-16,0.0
DOWN,2018-08-16,2018-08-23,8,62.35,65.01,2018-08-23,0.0
UP,2018-08-23,2018-08-24,2,65.01,72.23,2018-08-24,0.0
DOWN,2018-08-24,2018-08-28,5,72.23,73.51,2018-08-28,0.0
UP,2018-08-28,2018-09-05,9,73.51,53.37,2018-09-05,0.0
DOWN,2018-09-05,2018-09-07,3,53.37,59.33,2018-09-07,0.0
UP,2018-09-07,2018-09-11,5,59.33,35.49,2018-09-11,0.0
DOWN,2018-09-11,2018-09-14,4,35.49,47.73,2018-09-14,0.0
UP,2018-09-14,2018-09-24,11,47.73,23.64,2018-09-24,0.0
DOWN,2018-09-24,2018-09-25,2,23.64,31.35,2018-09-25,0.0
UP,2018-09-25,2018-09-28,4,31.35,26.88,2018-09-28,0.0
DOWN,2018-09-28,2018-10-01,4,26.88,29.34,2018-10-01,0.0
UP,2018-10-01,2018-10-05,5,29.34,18.94,2018-10-05,0.0
DOWN,2018-10-05,2018-10-08,4,18.94,14.57,2018-10-08,0.0
UP,2018-10-08,2018-10-09,2,14.57,15.58,2018-10-09,0.0
DOWN,2018-10-09,2018-10-10,2,15.58,24.39,2018-10-10,0.0
UP,2018-10-10,2018-10-11,2,24.39,21.79,2018-10-11,0.0
DOWN,2018-10-11,2018-10-16,6,21.79,36.53,2018-10-16,0.0
UP,2018-10-16,2018-10-23,8,36.53,28.11,2018-10-23,0.0
DOWN,2018-10-23,2018-10-24,2,28.11,33.13,2018-10-24,0.0
UP,2018-10-24,2018-10-26,3,33.13,39.39,2018-10-26,0.0
DOWN,2018-10-26,2018-10-29,4,39.39,46.27,2018-10-29,0.0
UP,2018-10-29,2018-10-30,2,46.27,46.26,2018-10-30,0.0
DOWN,2018-10-30,2018-10-31,2,46.26,47.13,2018-10-31,0.0
UP,2018-10-31,2018-11-01,2,47.13,54.48,2018-11-01,0.0
DOWN,2018-11-01,2018-11-02,2,54.48,52.99,2018-11-02,0.0
UP,2018-11-02,2018-11-05,4,52.99,50.94,2018-11-05,0.0
DOWN,2018-11-05,2018-11-07,3,50.94,55.47,2018-11-07,0.0
UP,2018-11-07,2018-11-12,6,55.47,58.56,2018-11-12,0.0
DOWN,2018-11-12,2018-11-13,2,58.56,66.17,2018-11-13,0.0
UP,2018-11-13,2018-11-14,2,66.17,64.48,2018-11-14,0.0
DOWN,2018-11-14,2018-11-19,6,64.48,77.94,2018-11-19,0.0
UP,2018-11-19,2018-11-22,4,77.94,58.82,2018-11-22,0.0
DOWN,2018-11-22,2018-12-03,12,58.82,73.64,2018-12-03,0.0
UP,2018-12-03,2018-12-06,4,73.64,50.74,2018-12-06,0.0
DOWN,2018-12-06,2018-12-07,2,50.74,52.95,2018-12-07,0.0
UP,2018-12-07,2018-12-10,4,52.95,39.95,2018-12-10,0.0
DOWN,2018-12-10,2018-12-19,10,39.95,54.36,2018-12-19,0.0
UP,2018-12-19,2018-12-24,6,54.36,42.51,2018-12-24,0.0
DOWN,2018-12-24,2018-12-28,5,42.51,55.23,2018-12-28,0.0
UP,2018-12-28,2018-12-31,4,55.23,67.58,2018-12-31,0.0
DOWN,2018-12-31,2019-01-01,2,67.58,67.53,2019-01-01,0.0
UP,2019-01-01,2019-01-03,3,67.53,43.32,2019-01-03,0.0
DOWN,2019-01-03,2019-01-09,7,43.32,45.83,2019-01-09,0.0
UP,2019-01-09,2019-01-14,6,45.83,57.37,2019-01-14,0.0
DOWN,2019-01-14,2019-01-21,8,57.37,56.42,2019-01-21,0.0
UP,2019-01-21,2019-01-23,3,56.42,63.19,2019-01-23,0.0
DOWN,2019-01-23,2019-01-24,2,63.19,61.58,2019-01-24,0.0
UP,2019-01-24,2019-01-30,7,61.58,37.96,2019-01-30,0.0
DOWN,2019-01-30,2019-02-06,8,37.96,60.93,2019-02-06,0.0
UP,2019-02-06,2019-02-19,14,60.93,46.03,2019-02-19,0.0
DOWN,2019-02-19,2019-02-21,3,46.03,39.32,2019-02-21,0.0
UP,2019-02-21,2019-02-22,2,39.32,36.26,2019-02-22,0.0
DOWN,2019-02-22,2019-02-25,4,36.26,43.03,2019-02-25,0.0
UP,2019-02-25,2019-02-28,4,43.03,36.17,2019-02-28,0.0
DOWN,2019-02-28,2019-03-07,8,36.17,66.07,2019-03-07,0.0
UP,2019-03-07,2019-03-08,2,66.07,66.4,2019-03-08,0.0
DOWN,2019-03-08,2019-03-20,13,66.4,96.55,2019-03-20,0.0
UP,2019-03-20,2019-03-25,6,96.55,79.0,2019-03-25,0.0
DOWN,2019-03-25,2019-03-26,2,79.0,79.31,2019-03-26,0.0
UP,2019-03-26,2019-03-27,2,79.31,75.27,2019-03-27,0.0
DOWN,2019-03-27,2019-04-02,7,75.27,76.43,2019-04-02,0.0
UP,2019-04-02,2019-04-04,3,76.43,65.34,2019-04-04,0.0
DOWN,2019-04-04,2019-04-05,2,65.34,64.26,2019-04-05,0.0
UP,2019-04-05,2019-04-08,4,64.26,59.99,2019-04-08,0.0
DOWN,2019-04-08,2019-04-09,2,59.99,59.6,2019-04-09,0.0
UP,2019-04-09,2019-04-10,2,59.6,52.98,2019-04-10,0.0
DOWN,2019-04-10,2019-04-16,7,52.98,69.58,2019-04-16,0.0
UP,2019-04-16,2019-04-23,8,69.58,44.69,2019-04-23,0.0
DOWN,2019-04-23,2019-04-24,2,44.69,49.97,2019-04-24,0.0
UP,2019-04-24,2019-04-25,2,49.97,47.81,2019-04-25,0.0
DOWN,2019-04-25,2019-04-26,2,47.81,55.49,2019-04-26,0.0
UP,2019-04-26,2019-05-13,18,55.49,22.32,2019-05-13,0.0
DOWN,2019-05-13,2019-05-14,2,22.32,30.69,2019-05-14,0.0
UP,2019-05-14,2019-05-15,2,30.69,29.62,2019-05-15,0.0
DOWN,2019-05-15,2019-05-20,6,29.62,53.07,2019-05-20,0.0
UP,2019-05-20,2019-05-21,2,53.07,49.38,2019-05-21,0.0
DOWN,2019-05-21,2019-05-22,2,49.38,51.27,2019-05-22,0.0
UP,2019-05-22,2019-05-23,2,51.27,48.58,2019-05-23,0.0
DOWN,2019-05-23,2019-05-28,6,48.58,69.12,2019-05-28,0.0
UP,2019-05-28,2019-05-29,2,69.12,68.88,2019-05-29,0.0
DOWN,2019-05-29,2019-05-30,2,68.88,72.02,2019-05-30,0.0
UP,2019-05-30,2019-05-31,2,72.02,75.59,2019-05-31,0.0
DOWN,2019-05-31,2019-06-03,4,75.59,77.05,2019-06-03,0.0
UP,2019-06-03,2019-06-06,4,77.05,68.72,2019-06-06,0.0
DOWN,2019-06-06,2019-06-11,6,68.72,62.95,2019-06-11,0.0
UP,2019-06-11,2019-06-17,7,62.95,39.57,2019-06-17,0.0
DOWN,2019-06-17,2019-06-20,4,39.57,46.67,2019-06-20,0.0
UP,2019-06-20,2019-06-24,5,46.67,32.49,2019-06-24,0.0
DOWN,2019-06-24,2019-06-26,3,32.49,51.04,2019-06-26,0.0
UP,2019-06-26,2019-06-28,3,51.04,43.37,2019-06-28,0.0
DOWN,2019-06-28,2019-07-04,7,43.37,58.17,2019-07-04,0.0
UP,2019-07-04,2019-07-08,5,58.17,45.21,2019-07-08,0.0
DOWN,2019-07-08,2019-07-09,2,45.21,44.29,2019-07-09,0.0
UP,2019-07-09,2019-07-10,2,44.29,32.76,2019-07-10,0.0
DOWN,2019-07-10,2019-07-11,2,32.76,43.57,2019-07-11,0.0
UP,2019-07-11,2019-07-12,2,43.57,43.34,2019-07-12,0.0
DOWN,2019-07-12,2019-07-17,6,43.34,43.63,2019-07-17,0.0
UP,2019-07-17,2019-07-25,9,43.63,23.66,2019-07-25,0.0
DOWN,2019-07-25,2019-07-26,2,23.66,32.92,2019-07-26,0.0
UP,2019-07-26,2019-07-30,5,32.92,28.95,2019-07-30,0.0
DOWN,2019-07-30,2019-07-31,2,28.95,23.91,2019-07-31,0.0
UP,2019-07-31,2019-08-01,2,23.91,20.86,2019-08-01,0.0
DOWN,2019-08-01,2019-08-02,2,20.86,19.2,2019-08-02,0.0
UP,2019-08-02,2019-08-05,4,19.2,10.42,2019-08-05,0.0
DOWN,2019-08-05,2019-08-06,2,10.42,15.7,2019-08-06,0.0
UP,2019-08-06,2019-08-07,2,15.7,15.86,2019-08-07,0.0
DOWN,2019-08-07,2019-08-09,3,15.86,43.1,2019-08-09,0.0
UP,2019-08-09,2019-08-13,5,43.1,36.63,2019-08-13,0.0
DOWN,2019-08-13,2019-08-19,7,36.63,44.1,2019-08-19,0.0
UP,2019-08-19,2019-08-22,4,44.1,38.63,2019-08-22,0.0
DOWN,2019-08-22,2019-08-27,6,38.63,60.19,2019-08-27,0.0
UP,2019-08-27,2019-08-29,3,60.19,54.09,2019-08-29,0.0
DOWN,2019-08-29,2019-08-30,2,54.09,50.06,2019-08-30,0.0
UP,2019-08-30,2019-09-03,5,50.06,39.32,2019-09-03,0.0
DOWN,2019-09-03,2019-09-04,2,39.32,47.29,2019-09-04,0.0
UP,2019-09-04,2019-09-05,2,47.29,41.74,2019-09-05,0.0
DOWN,2019-09-05,2019-09-11,7,41.74,49.36,2019-09-11,0.0
UP,2019-09-11,2019-09-12,2,49.36,50.5,2019-09-12,0.0
DOWN,2019-09-12,2019-09-13,2,50.5,61.15,2019-09-13,0.0
UP,2019-09-13,2019-09-17,5,61.15,37.25,2019-09-17,0.0
DOWN,2019-09-17,2019-09-18,2,37.25,36.22,2019-09-18,0.0
UP,2019-09-18,2019-09-19,2,36.22,33.79,2019-09-19,0.0
DOWN,2019-09-19,2019-09-24,6,33.79,71.94,2019-09-24,0.0
UP,2019-09-24,2019-09-25,2,71.94,65.27,2019-09-25,0.0
DOWN,2019-09-25,2019-09-26,2,65.27,68.23,2019-09-26,0.0
UP,2019-09-26,2019-10-07,12,68.23,53.12,2019-10-07,0.0
DOWN,2019-10-07,2019-10-09,3,53.12,62.93,2019-10-09,0.0
UP,2019-10-09,2019-10-10,2,62.93,59.72,2019-10-10,0.0
DOWN,2019-10-10,2019-10-18,9,59.72,54.04,2019-10-18,0.0
UP,2019-10-18,2019-10-22,5,54.04,51.77,2019-10-22,0.0
DOWN,2019-10-22,2019-10-23,2,51.77,54.99,2019-10-23,0.0
UP,2019-10-23,2019-10-24,2,54.99,59.92,2019-10-24,0.0
DOWN,2019-10-24,2019-11-04,12,59.92,86.84,2019-11-04,0.0
UP,2019-11-04,2019-11-05,2,86.84,83.56,2019-11-05,0.0
DOWN,2019-11-05,2019-11-07,3,83.56,82.62,2019-11-07,0.0
UP,2019-11-07,2019-11-08,2,82.62,70.19,2019-11-08,0.0
DOWN,2019-11-08,2019-11-11,4,70.19,81.03,2019-11-11,0.0
UP,2019-11-11,2019-11-13,3,81.03,72.4,2019-11-13,0.0
DOWN,2019-11-13,2019-11-15,3,72.4,75.72,2019-11-15,0.0
UP,2019-11-15,2019-11-18,4,75.72,71.5,2019-11-18,0.0
DOWN,2019-11-18,2019-11-20,3,71.5,65.22,2019-11-20,0.0
UP,2019-11-20,2019-11-22,3,65.22,54.52,2019-11-22,0.0
DOWN,2019-11-22,2019-11-25,4,54.52,61.55,2019-11-25,0.0
UP,2019-11-25,2019-11-26,2,61.55,61.21,2019-11-26,0.0
DOWN,2019-11-26,2019-11-28,3,61.21,59.68,2019-11-28,0.0
UP,2019-11-28,2019-11-29,2,59.68,59.53,2019-11-29,0.0
DOWN,2019-11-29,2019-12-02,4,59.53,59.32,2019-12-02,0.0
UP,2019-12-02,2019-12-03,2,59.32,61.9,2019-12-03,0.0
DOWN,2019-12-03,2019-12-04,2,61.9,61.97,2019-12-04,0.0
UP,2019-12-04,2019-12-06,3,61.97,53.07,2019-12-06,0.0
DOWN,2019-12-06,2019-12-09,4,53.07,50.36,2019-12-09,0.0
UP,2019-12-09,2019-12-10,2,50.36,41.89,2019-12-10,0.0
DOWN,2019-12-10,2019-12-13,4,41.89,52.42,2019-12-13,0.0
UP,2019-12-13,2019-12-16,4,52.42,52.36,2019-12-16,0.0
DOWN,2019-12-16,2019-12-20,5,52.36,67.04,2019-12-20,0.0
UP,2019-12-20,2019-12-26,7,67.04,57.05,2019-12-26,0.0
DOWN,2019-12-26,2019-12-27,2,57.05,70.16,2019-12-27,0.0
UP,2019-12-27,2019-12-31,5,70.16,67.89,2019-12-31,0.0
DOWN,2019-12-31,2020-01-02,3,67.89,68.23,2020-01-02,0.0
UP,2020-01-02,2020-01-06,5,68.23,46.05,2020-01-06,0.0
DOWN,2020-01-06,2020-01-07,2,46.05,42.2,2020-01-07,0.0
UP,2020-01-07,2020-01-08,2,42.2,37.41,2020-01-08,0.0
DOWN,2020-01-08,2020-01-14,7,37.41,56.58,2020-01-14,0.0
UP,2020-01-14,2020-01-15,2,56.58,60.08,2020-01-15,0.0
DOWN,2020-01-15,2020-01-17,3,60.08,56.13,2020-01-17,0.0
UP,2020-01-17,2020-01-22,6,56.13,42.28,2020-01-22,0.0
DOWN,2020-01-22,2020-01-24,3,42.28,66.37,2020-01-24,0.0
UP,2020-01-24,2020-01-28,5,66.37,52.29,2020-01-28,0.0
DOWN,2020-01-28,2020-01-29,2,52.29,45.56,2020-01-29,0.0
UP,2020-01-29,2020-02-01,4,45.56,20.99,2020-02-01,0.0
DOWN,2020-02-01,2020-02-06,6,20.99,47.69,2020-02-06,0.0
UP,2020-02-06,2020-02-10,5,47.69,48.57,2020-02-10,0.0
DOWN,2020-02-10,2020-02-12,3,48.57,49.51,2020-02-12,0.0
UP,2020-02-12,2020-02-18,7,49.51,49.78,2020-02-18,0.0
DOWN,2020-02-18,2020-02-19,2,49.78,56.56,2020-02-19,0.0
UP,2020-02-19,2020-03-02,13,56.56,20.86,2020-03-02,0.0
DOWN,2020-03-02,2020-03-03,2,20.86,24.63,2020-03-03,0.0
UP,2020-03-03,2020-03-04,2,24.63,18.26,2020-03-04,0.0
DOWN,2020-03-04,2020-03-05,2,18.26,19.67,2020-03-05,0.0
UP,2020-03-05,2020-03-09,5,19.67,13.17,2020-03-09,0.0
DOWN,2020-03-09,2020-03-11,3,13.17,14.21,2020-03-11,0.0
UP,2020-03-11,2020-03-12,2,14.21,6.19,2020-03-12,0.0
DOWN,2020-03-12,2020-03-13,2,6.19,17.65,2020-03-13,0.0
UP,2020-03-13,2020-03-19,7,17.65,12.59,2020-03-19,0.0
DOWN,2020-03-19,2020-03-20,2,12.59,22.95,2020-03-20,0.0
UP,2020-03-20,2020-03-23,4,22.95,18.45,2020-03-23,0.0
DOWN,2020-03-23,2020-03-26,4,18.45,31.05,2020-03-26,0.0
UP,2020-03-26,2020-03-30,5,31.05,33.0,2020-03-30,0.0
DOWN,2020-03-30,2020-03-31,2,33.0,35.92,2020-03-31,0.0
UP,2020-03-31,2020-04-03,4,35.92,33.52,2020-04-03,0.0
DOWN,2020-04-03,2020-04-07,5,33.52,46.61,2020-04-07,0.0
UP,2020-04-07,2020-04-08,2,46.61,48.19,2020-04-08,0.0
DOWN,2020-04-08,2020-04-09,2,48.19,56.21,2020-04-09,0.0
UP,2020-04-09,2020-04-15,7,56.21,51.36,2020-04-15,0.0
DOWN,2020-04-15,2020-04-20,6,51.36,63.2,2020-04-20,0.0
UP,2020-04-20,2020-04-21,2,63.2,53.03,2020-04-21,0.0
DOWN,2020-04-21,2020-04-23,3,53.03,65.41,2020-04-23,0.0
UP,2020-04-23,2020-04-24,2,65.41,58.76,2020-04-24,0.0
DOWN,2020-04-24,2020-04-30,7,58.76,72.55,2020-04-30,0.0
UP,2020-04-30,2020-05-05,6,72.55,54.24,2020-05-05,0.0
DOWN,2020-05-05,2020-05-06,2,54.24,57.31,2020-05-06,0.0
UP,2020-05-06,2020-05-07,2,57.31,54.7,2020-05-07,0.0
DOWN,2020-05-07,2020-05-08,2,54.7,50.33,2020-05-08,0.0
UP,2020-05-08,2020-05-12,5,50.33,54.99,2020-05-12,0.0
DOWN,2020-05-12,2020-05-13,2,54.99,54.33,2020-05-13,0.0
UP,2020-05-13,2020-05-18,6,54.33,39.01,2020-05-18,0.0
DOWN,2020-05-18,2020-05-21,4,39.01,29.31,2020-05-21,0.0
UP,2020-05-21,2020-05-26,6,29.31,41.19,2020-05-26,0.0
DOWN,2020-05-26,2020-06-03,9,41.19,65.66,2020-06-03,0.0
UP,2020-06-03,2020-06-04,2,65.66,74.01,2020-06-04,0.0
DOWN,2020-06-04,2020-06-08,5,74.01,91.38,2020-06-08,0.0
UP,2020-06-08,2020-06-09,2,91.38,84.23,2020-06-09,0.0
DOWN,2020-06-09,2020-06-10,2,84.23,83.21,2020-06-10,0.0
UP,2020-06-10,2020-06-11,2,83.21,72.63,2020-06-11,0.0
DOWN,2020-06-11,2020-06-12,2,72.63,77.09,2020-06-12,0.0
UP,2020-06-12,2020-06-15,4,77.09,71.04,2020-06-15,0.0
DOWN,2020-06-15,2020-06-16,2,71.04,67.83,2020-06-16,0.0
UP,2020-06-16,2020-06-17,2,67.83,62.79,2020-06-17,0.0
DOWN,2020-06-17,2020-06-23,7,62.79,62.89,2020-06-23,0.0
UP,2020-06-23,2020-06-25,3,62.89,55.26,2020-06-25,0.0
DOWN,2020-06-25,2020-06-26,2,55.26,57.25,2020-06-26,0.0
UP,2020-06-26,2020-06-30,5,57.25,56.59,2020-06-30,0.0
DOWN,2020-06-30,2020-07-07,8,56.59,82.62,2020-07-07,0.0
UP,2020-07-07,2020-07-08,2,82.62,73.57,2020-07-08,0.0
DOWN,2020-07-08,2020-07-09,2,73.57,72.88,2020-07-09,0.0
UP,2020-07-09,2020-07-10,2,72.88,69.35,2020-07-10,0.0
DOWN,2020-07-10,2020-07-13,4,69.35,66.08,2020-07-13,0.0
UP,2020-07-13,2020-07-14,2,66.08,64.45,2020-07-14,0.0
DOWN,2020-07-14,2020-07-21,8,64.45,76.13,2020-07-21,0.0
UP,2020-07-21,2020-07-22,2,76.13,72.81,2020-07-22,0.0
DOWN,2020-07-22,2020-07-23,2,72.81,73.36,2020-07-23,0.0
UP,2020-07-23,2020-07-27,5,73.36,65.41,2020-07-27,0.0
DOWN,2020-07-27,2020-07-28,2,65.41,75.16,2020-07-28,0.0
UP,2020-07-28,2020-08-03,7,75.16,59.98,2020-08-03,0.0
DOWN,2020-08-03,2020-08-04,2,59.98,65.52,2020-08-04,0.0
UP,2020-08-04,2020-08-05,2,65.52,62.22,2020-08-05,0.0
DOWN,2020-08-05,2020-08-11,7,62.22,56.53,2020-08-11,0.0
UP,2020-08-11,2020-08-14,4,56.53,49.31,2020-08-14,0.0
DOWN,2020-08-14,2020-08-19,6,49.31,62.27,2020-08-19,0.0
UP,2020-08-19,2020-08-20,2,62.27,57.98,2020-08-20,0.0
DOWN,2020-08-20,2020-08-28,9,57.98,70.51,2020-08-28,0.0
UP,2020-08-28,2020-08-31,4,70.51,52.95,2020-08-31,0.0
DOWN,2020-08-31,2020-09-02,3,52.95,59.44,2020-09-02,0.0
UP,2020-09-02,2020-09-04,3,59.44,53.62,2020-09-04,0.0
DOWN,2020-09-04,2020-09-07,4,53.62,48.54,2020-09-07,0.0
UP,2020-09-07,2020-09-09,3,48.54,49.63,2020-09-09,0.0
DOWN,2020-09-09,2020-09-11,3,49.63,50.76,2020-09-11,0.0
UP,2020-09-11,2020-09-14,4,50.76,48.82,2020-09-14,0.0
DOWN,2020-09-14,2020-09-16,3,48.82,52.39,2020-09-16,0.0
UP,2020-09-16,2020-09-24,9,52.39,29.21,2020-09-24,0.0
DOWN,2020-09-24,2020-09-28,5,29.21,46.61,2020-09-28,0.0
UP,2020-09-28,2020-09-29,2,46.61,47.99,2020-09-29,0.0
DOWN,2020-09-29,2020-10-14,16,47.99,79.09,2020-10-14,0.0
UP,2020-10-14,2020-10-15,2,79.09,79.81,2020-10-15,0.0
DOWN,2020-10-15,2020-10-21,7,79.81,77.65,2020-10-21,0.0
UP,2020-10-21,2020-10-22,2,77.65,71.69,2020-10-22,0.0
DOWN,2020-10-22,2020-10-23,2,71.69,70.66,2020-10-23,0.0
UP,2020-10-23,2020-10-26,4,70.66,56.99,2020-10-26,0.0
DOWN,2020-10-26,2020-10-27,2,56.99,57.74,2020-10-27,0.0
UP,2020-10-27,2020-10-30,4,57.74,38.73,2020-10-30,0.0
DOWN,2020-10-30,2020-11-11,13,38.73,75.59,2020-11-11,0.0
UP,2020-11-11,2020-11-12,2,75.59,72.11,2020-11-12,0.0
DOWN,2020-11-12,2020-11-18,7,72.11,92.81,2020-11-18,0.0
UP,2020-11-18,2020-11-19,2,92.81,85.47,2020-11-19,0.0
DOWN,2020-11-19,2020-11-24,6,85.47,85.26,2020-11-24,0.0
UP,2020-11-24,2020-11-25,2,85.26,72.57,2020-11-25,0.0
DOWN,2020-11-25,2020-11-26,2,72.57,71.96,2020-11-26,0.0
UP,2020-11-26,2020-11-27,2,71.96,66.19,2020-11-27,0.0
DOWN,2020-11-27,2020-12-01,5,66.19,64.91,2020-12-01,0.0
UP,2020-12-01,2020-12-02,2,64.91,61.8,2020-12-02,0.0
DOWN,2020-12-02,2020-12-09,8,61.8,70.17,2020-12-09,0.0
UP,2020-12-09,2020-12-10,2,70.17,77.24,2020-12-10,0.0
DOWN,2020-12-10,2020-12-18,9,77.24,94.3,2020-12-18,0.0
UP,2020-12-18,2020-12-21,4,94.3,61.03,2020-12-21,0.0
DOWN,2020-12-21,2021-01-05,16,61.03,71.8,2021-01-05,0.0
UP,2021-01-05,2021-01-07,3,71.8,62.78,2021-01-07,0.0
DOWN,2021-01-07,2021-01-12,6,62.78,91.8,2021-01-12,0.0
UP,2021-01-12,2021-01-13,2,91.8,90.25,2021-01-13,0.0
DOWN,2021-01-13,2021-01-14,2,90.25,88.97,2021-01-14,0.0
UP,2021-01-14,2021-01-18,5,88.97,62.75,2021-01-18,0.0
DOWN,2021-01-18,2021-01-20,3,62.75,71.17,2021-01-20,0.0
UP,2021-01-20,2021-01-29,10,71.17,31.1,2021-01-29,0.0
DOWN,2021-01-29,2021-02-08,11,31.1,64.21,2021-02-08,0.0
UP,2021-02-08,2021-02-10,3,64.21,58.81,2021-02-10,0.0
DOWN,2021-02-10,2021-02-15,6,58.81,73.76,2021-02-15,0.0
UP,2021-02-15,2021-02-22,8,73.76,49.45,2021-02-22,0.0
DOWN,2021-02-22,2021-02-25,4,49.45,52.96,2021-02-25,0.0
UP,2021-02-25,2021-02-26,2,52.96,32.78,2021-02-26,0.0
DOWN,2021-02-26,2021-03-03,6,32.78,49.5,2021-03-03,0.0
UP,2021-03-03,2021-03-05,3,49.5,40.31,2021-03-05,0.0
DOWN,2021-03-05,2021-03-10,6,40.31,49.75,2021-03-10,0.0
UP,2021-03-10,2021-03-18,9,49.75,38.97,2021-03-18,0.0
DOWN,2021-03-18,2021-03-19,2,38.97,55.44,2021-03-19,0.0
UP,2021-03-19,2021-03-22,4,55.44,49.38,2021-03-22,0.0
DOWN,2021-03-22,2021-03-23,2,49.38,48.0,2021-03-23,0.0
UP,2021-03-23,2021-03-25,3,48.0,29.94,2021-03-25,0.0
DOWN,2021-03-25,2021-03-30,6,29.94,47.89,2021-03-30,0.0
UP,2021-03-30,2021-03-31,2,47.89,39.56,2021-03-31,0.0
DOWN,2021-03-31,2021-04-01,2,39.56,41.7,2021-04-01,0.0
UP,2021-04-01,2021-04-05,5,41.7,39.68,2021-04-05,0.0
DOWN,2021-04-05,2021-04-08,4,39.68,49.63,2021-04-08,0.0
UP,2021-04-08,2021-04-12,5,49.63,37.87,2021-04-12,0.0
DOWN,2021-04-12,2021-04-16,5,37.87,47.78,2021-04-16,0.0
UP,2021-04-16,2021-04-20,5,47.78,41.51,2021-04-20,0.0
DOWN,2021-04-20,2021-04-22,3,41.51,35.14,2021-04-22,0.0
UP,2021-04-22,2021-04-23,2,35.14,37.44,2021-04-23,0.0
DOWN,2021-04-23,2021-04-29,7,37.44,50.8,2021-04-29,0.0
UP,2021-04-29,2021-05-04,6,50.8,53.06,2021-05-04,0.0
DOWN,2021-05-04,2021-05-10,7,53.06,64.2,2021-05-10,0.0
UP,2021-05-10,2021-05-12,3,64.2,55.39,2021-05-12,0.0
DOWN,2021-05-12,2021-05-18,7,55.39,60.59,2021-05-18,0.0
UP,2021-05-18,2021-05-20,3,60.59,48.24,2021-05-20,0.0
DOWN,2021-05-20,2021-05-24,5,48.24,66.83,2021-05-24,0.0
UP,2021-05-24,2021-05-25,2,66.83,72.52,2021-05-25,0.0
DOWN,2021-05-25,2021-05-31,7,72.52,72.78,2021-05-31,0.0
UP,2021-05-31,2021-06-02,3,72.78,84.18,2021-06-02,0.0
DOWN,2021-06-02,2021-06-03,2,84.18,85.27,2021-06-03,0.0
UP,2021-06-03,2021-06-04,2,85.27,79.67,2021-06-04,0.0
DOWN,2021-06-04,2021-06-07,4,79.67,77.65,2021-06-07,0.0
UP,2021-06-07,2021-06-09,3,77.65,82.83,2021-06-09,0.0
DOWN,2021-06-09,2021-06-15,7,82.83,79.55,2021-06-15,0.0
UP,2021-06-15,2021-06-17,3,79.55,64.94,2021-06-17,0.0
DOWN,2021-06-17,2021-06-22,6,64.94,63.81,2021-06-22,0.0
UP,2021-06-22,2021-06-23,2,63.81,51.43,2021-06-23,0.0
DOWN,2021-06-23,2021-06-25,3,51.43,60.52,2021-06-25,0.0
UP,2021-06-25,2021-07-01,7,60.52,46.9,2021-07-01,0.0
DOWN,2021-07-01,2021-07-05,5,46.9,51.92,2021-07-05,0.0
UP,2021-07-05,2021-07-06,2,51.92,57.09,2021-07-06,0.0
DOWN,2021-07-06,2021-07-07,2,57.09,64.36,2021-07-07,0.0
UP,2021-07-07,2021-07-12,6,64.36,46.36,2021-07-12,0.0
DOWN,2021-07-12,2021-07-15,4,46.36,54.1,2021-07-15,0.0
UP,2021-07-15,2021-07-20,6,54.1,45.78,2021-07-20,0.0
DOWN,2021-07-20,2021-07-23,4,45.78,56.44,2021-07-23,0.0
UP,2021-07-23,2021-07-28,6,56.44,41.83,2021-07-28,0.0
DOWN,2021-07-28,2021-07-29,2,41.83,51.22,2021-07-29,0.0
UP,2021-07-29,2021-07-30,2,51.22,53.0,2021-07-30,0.0
DOWN,2021-07-30,2021-08-05,7,53.0,64.98,2021-08-05,0.0
UP,2021-08-05,2021-08-06,2,64.98,62.24,2021-08-06,0.0
DOWN,2021-08-06,2021-08-10,5,62.24,79.58,2021-08-10,0.0
UP,2021-08-10,2021-08-11,2,79.58,75.03,2021-08-11,0.0
DOWN,2021-08-11,2021-08-17,7,75.03,92.19,2021-08-17,0.0
UP,2021-08-17,2021-08-20,4,92.19,82.99,2021-08-20,0.0
DOWN,2021-08-20,2021-08-24,5,82.99,80.09,2021-08-24,0.0
UP,2021-08-24,2021-08-25,2,80.09,76.09,2021-08-25,0.0
DOWN,2021-08-25,2021-08-31,7,76.09,87.37,2021-08-31,0.0
UP,2021-08-31,2021-09-01,2,87.37,83.51,2021-09-01,0.0
DOWN,2021-09-01,2021-09-06,6,83.51,83.12,2021-09-06,0.0
UP,2021-09-06,2021-09-08,3,83.12,84.74,2021-09-08,0.0
DOWN,2021-09-08,2021-09-09,2,84.74,92.19,2021-09-09,0.0
UP,2021-09-09,2021-09-13,5,92.19,88.25,2021-09-13,0.0
DOWN,2021-09-13,2021-09-16,4,88.25,90.22,2021-09-16,0.0
UP,2021-09-16,2021-09-20,5,90.22,71.77,2021-09-20,0.0
DOWN,2021-09-20,2021-09-21,2,71.77,70.58,2021-09-21,0.0
UP,2021-09-21,2021-09-22,2,70.58,73.42,2021-09-22,0.0
DOWN,2021-09-22,2021-09-27,6,73.42,74.84,2021-09-27,0.0
UP,2021-09-27,2021-10-01,5,74.84,56.3,2021-10-01,0.0
DOWN,2021-10-01,2021-10-05,5,56.3,60.01,2021-10-05,0.0
UP,2021-10-05,2021-10-06,2,60.01,50.46,2021-10-06,0.0
DOWN,2021-10-06,2021-10-18,13,50.46,65.56,2021-10-18,0.0
UP,2021-10-18,2021-10-22,5,65.56,70.34,2021-10-22,0.0
DOWN,2021-10-22,2021-10-26,5,70.34,67.44,2021-10-26,0.0
UP,2021-10-26,2021-10-29,4,67.44,42.8,2021-10-29,0.0
DOWN,2021-10-29,2021-11-01,4,42.8,50.02,2021-11-01,0.0
UP,2021-11-01,2021-11-03,3,50.02,41.6,2021-11-03,0.0
DOWN,2021-11-03,2021-11-08,6,41.6,38.88,2021-11-08,0.0
UP,2021-11-08,2021-11-11,4,38.88,40.48,2021-11-11,0.0
DOWN,2021-11-11,2021-11-15,5,40.48,47.87,2021-11-15,0.0
UP,2021-11-15,2021-11-22,8,47.87,42.56,2021-11-22,0.0
DOWN,2021-11-22,2021-11-23,2,42.56,35.31,2021-11-23,0.0
UP,2021-11-23,2021-11-24,2,35.31,33.86,2021-11-24,0.0
DOWN,2021-11-24,2021-11-25,2,33.86,41.0,2021-11-25,0.0
UP,2021-11-25,2021-11-26,2,41.0,28.29,2021-11-26,0.0
DOWN,2021-11-26,2021-11-29,4,28.29,24.71,2021-11-29,0.0
UP,2021-11-29,2021-11-30,2,24.71,24.4,2021-11-30,0.0
DOWN,2021-11-30,2021-12-02,3,24.4,40.23,2021-12-02,0.0
UP,2021-12-02,2021-12-06,5,40.23,26.29,2021-12-06,0.0
DOWN,2021-12-06,2021-12-09,4,26.29,45.57,2021-12-09,0.0
UP,2021-12-09,2021-12-15,7,45.57,43.88,2021-12-15,0.0
DOWN,2021-12-15,2021-12-16,2,43.88,55.97,2021-12-16,0.0
UP,2021-12-16,2021-12-20,5,55.97,42.59,2021-12-20,0.0
DOWN,2021-12-20,2021-12-23,4,42.59,47.53,2021-12-23,0.0
UP,2021-12-23,2021-12-24,2,47.53,52.71,2021-12-24,0.0
DOWN,2021-12-24,2021-12-28,5,52.71,43.54,2021-12-28,0.0
UP,2021-12-28,2021-12-30,3,43.54,41.37,2021-12-30,0.0
DOWN,2021-12-30,2022-01-05,7,41.37,66.42,2022-01-05,0.0
UP,2022-01-05,2022-01-06,2,66.42,69.04,2022-01-06,0.0
DOWN,2022-01-06,2022-01-13,8,69.04,86.97,2022-01-13,0.0
UP,2022-01-13,2022-01-14,2,86.97,86.04,2022-01-14,0.0
DOWN,2022-01-14,2022-01-17,4,86.04,84.92,2022-01-17,0.0
UP,2022-01-17,2022-01-24,8,84.92,31.92,2022-01-24,0.0
DOWN,2022-01-24,2022-01-25,2,31.92,31.91,2022-01-25,0.0
UP,2022-01-25,2022-01-28,4,31.91,30.22,2022-01-28,0.0
DOWN,2022-01-28,2022-02-02,6,30.22,39.22,2022-02-02,0.0
UP,2022-02-02,2022-02-07,6,39.22,29.82,2022-02-07,0.0
DOWN,2022-02-07,2022-02-10,4,29.82,46.87,2022-02-10,0.0
UP,2022-02-10,2022-02-14,5,46.87,44.06,2022-02-14,0.0
DOWN,2022-02-14,2022-02-15,2,44.06,51.35,2022-02-15,0.0
UP,2022-02-15,2022-02-24,10,51.35,29.82,2022-02-24,0.0
DOWN,2022-02-24,2022-02-28,5,29.82,42.71,2022-02-28,0.0
UP,2022-02-28,2022-03-07,8,42.71,32.98,2022-03-07,0.0
DOWN,2022-03-07,2022-03-14,8,32.98,44.98,2022-03-14,0.0
UP,2022-03-14,2022-03-15,2,44.98,43.78,2022-03-15,0.0
DOWN,2022-03-15,2022-03-17,3,43.78,64.42,2022-03-17,0.0
UP,2022-03-17,2022-03-21,5,64.42,56.64,2022-03-21,0.0
DOWN,2022-03-21,2022-03-22,2,56.64,57.84,2022-03-22,0.0
UP,2022-03-22,2022-03-25,4,57.84,65.41,2022-03-25,0.0
DOWN,2022-03-25,2022-03-30,6,65.41,75.7,2022-03-30,0.0
UP,2022-03-30,2022-03-31,2,75.7,71.71,2022-03-31,0.0
DOWN,2022-03-31,2022-04-04,5,71.71,75.24,2022-04-04,0.0
UP,2022-04-04,2022-04-07,4,75.24,58.42,2022-04-07,0.0
DOWN,2022-04-07,2022-04-08,2,58.42,65.86,2022-04-08,0.0
UP,2022-04-08,2022-04-19,12,65.86,43.13,2022-04-19,0.0
DOWN,2022-04-19,2022-04-21,3,43.13,45.5,2022-04-21,0.0
UP,2022-04-21,2022-04-25,5,45.5,35.16,2022-04-25,0.0
DOWN,2022-04-25,2022-04-26,2,35.16,30.92,2022-04-26,0.0
UP,2022-04-26,2022-04-27,2,30.92,30.55,2022-04-27,0.0
DOWN,2022-04-27,2022-04-28,2,30.55,38.08,2022-04-28,0.0
UP,2022-04-28,2022-05-04,7,38.08,31.99,2022-05-04,0.0
DOWN,2022-05-04,2022-05-05,2,31.99,33.66,2022-05-05,0.0
UP,2022-05-05,2022-05-13,9,33.66,20.35,2022-05-13,0.0
DOWN,2022-05-13,2022-05-17,5,20.35,29.9,2022-05-17,0.0
UP,2022-05-17,2022-05-19,3,29.9,19.86,2022-05-19,0.0
DOWN,2022-05-19,2022-05-20,2,19.86,34.67,2022-05-20,0.0
UP,2022-05-20,2022-05-25,6,34.67,37.9,2022-05-25,0.0
DOWN,2022-05-25,2022-05-30,6,37.9,58.76,2022-05-30,0.0
UP,2022-05-30,2022-06-01,3,58.76,65.28,2022-06-01,0.0
DOWN,2022-06-01,2022-06-02,2,65.28,68.18,2022-06-02,0.0
UP,2022-06-02,2022-06-08,7,68.18,66.95,2022-06-08,0.0
DOWN,2022-06-08,2022-06-09,2,66.95,59.77,2022-06-09,0.0
UP,2022-06-09,2022-06-17,9,59.77,13.74,2022-06-17,0.0
DOWN,2022-06-17,2022-06-21,5,13.74,29.42,2022-06-21,0.0
UP,2022-06-21,2022-06-22,2,29.42,22.23,2022-06-22,0.0
DOWN,2022-06-22,2022-06-28,7,22.23,38.75,2022-06-28,0.0
UP,2022-06-28,2022-07-01,4,38.75,50.61,2022-07-01,0.0
DOWN,2022-07-01,2022-07-04,4,50.61,55.24,2022-07-04,0.0
UP,2022-07-04,2022-07-05,2,55.24,55.8,2022-07-05,0.0
DOWN,2022-07-05,2022-07-08,4,55.8,78.59,2022-07-08,0.0
UP,2022-07-08,2022-07-14,7,78.59,59.67,2022-07-14,0.0
DOWN,2022-07-14,2022-07-22,9,59.67,77.44,2022-07-22,0.0
UP,2022-07-22,2022-07-26,5,77.44,64.44,2022-07-26,0.0
DOWN,2022-07-26,2022-08-03,9,64.44,87.71,2022-08-03,0.0
UP,2022-08-03,2022-08-04,2,87.71,86.31,2022-08-04,0.0
DOWN,2022-08-04,2022-08-08,5,86.31,85.24,2022-08-08,0.0
UP,2022-08-08,2022-08-10,3,85.24,82.87,2022-08-10,0.0
DOWN,2022-08-10,2022-08-18,9,82.87,98.12,2022-08-18,0.0
UP,2022-08-18,2022-08-22,5,98.12,63.59,2022-08-22,0.0
DOWN,2022-08-22,2022-08-24,3,63.59,61.37,2022-08-24,0.0
UP,2022-08-24,2022-08-25,2,61.37,54.97,2022-08-25,0.0
DOWN,2022-08-25,2022-08-26,2,54.97,56.26,2022-08-26,0.0
UP,2022-08-26,2022-08-29,4,56.26,45.89,2022-08-29,0.0
DOWN,2022-08-29,2022-08-30,2,45.89,55.56,2022-08-30,0.0
UP,2022-08-30,2022-09-01,3,55.56,49.63,2022-09-01,0.0
DOWN,2022-09-01,2022-09-05,5,49.63,48.39,2022-09-05,0.0
UP,2022-09-05,2022-09-07,3,48.39,39.97,2022-09-07,0.0
DOWN,2022-09-07,2022-09-13,7,39.97,63.14,2022-09-13,0.0
UP,2022-09-13,2022-09-16,4,63.14,50.05,2022-09-16,0.0
DOWN,2022-09-16,2022-09-20,5,50.05,51.63,2022-09-20,0.0
UP,2022-09-20,2022-09-29,10,51.63,24.74,2022-09-29,0.0
DOWN,2022-09-29,2022-09-30,2,24.74,31.82,2022-09-30,0.0
UP,2022-09-30,2022-10-03,4,31.82,25.03,2022-10-03,0.0
DOWN,2022-10-03,2022-10-06,4,25.03,39.77,2022-10-06,0.0
UP,2022-10-06,2022-10-11,6,39.77,32.79,2022-10-11,0.0
DOWN,2022-10-11,2022-10-12,2,32.79,38.09,2022-10-12,0.0
UP,2022-10-12,2022-10-13,2,38.09,37.83,2022-10-13,0.0
DOWN,2022-10-13,2022-10-24,12,37.83,75.47,2022-10-24,0.0
UP,2022-10-24,2022-10-25,2,75.47,64.83,2022-10-25,0.0
DOWN,2022-10-25,2022-11-01,8,64.83,87.28,2022-11-01,0.0
UP,2022-11-01,2022-11-03,3,87.28,87.94,2022-11-03,0.0
DOWN,2022-11-03,2022-11-07,5,87.94,85.39,2022-11-07,0.0
UP,2022-11-07,2022-11-10,4,85.39,69.85,2022-11-10,0.0
DOWN,2022-11-10,2022-11-11,2,69.85,76.56,2022-11-11,0.0
UP,2022-11-11,2022-11-14,4,76.56,73.42,2022-11-14,0.0
DOWN,2022-11-14,2022-11-16,3,73.42,77.13,2022-11-16,0.0
UP,2022-11-16,2022-11-21,6,77.13,54.83,2022-11-21,0.0
DOWN,2022-11-21,2022-12-01,11,54.83,71.26,2022-12-01,0.0
UP,2022-12-01,2022-12-07,7,71.26,59.12,2022-12-07,0.0
DOWN,2022-12-07,2022-12-08,2,59.12,62.29,2022-12-08,0.0
UP,2022-12-08,2022-12-12,5,62.29,60.66,2022-12-12,0.0
DOWN,2022-12-12,2022-12-14,3,60.66,56.68,2022-12-14,0.0
UP,2022-12-14,2022-12-16,3,56.68,35.91,2022-12-16,0.0
DOWN,2022-12-16,2022-12-19,4,35.91,40.12,2022-12-19,0.0
UP,2022-12-19,2022-12-23,5,40.12,22.01,2022-12-23,0.0
DOWN,2022-12-23,2022-12-27,5,22.01,37.64,2022-12-27,0.0
UP,2022-12-27,2022-12-28,2,37.64,35.82,2022-12-28,0.0
DOWN,2022-12-28,2022-12-29,2,35.82,40.79,2022-12-29,0.0
UP,2022-12-29,2022-12-30,2,40.79,39.13,2022-12-30,0.0
DOWN,2022-12-30,2023-01-03,5,39.13,38.15,2023-01-03,0.0
UP,2023-01-03,2023-01-06,4,38.15,32.43,2023-01-06,0.0
DOWN,2023-01-06,2023-01-09,4,32.43,42.26,2023-01-09,0.0
UP,2023-01-09,2023-01-12,4,42.26,51.11,2023-01-12,0.0
DOWN,2023-01-12,2023-01-13,2,51.11,46.74,2023-01-13,0.0
UP,2023-01-13,2023-01-16,4,46.74,40.71,2023-01-16,0.0
DOWN,2023-01-16,2023-01-18,3,40.71,49.15,2023-01-18,0.0
UP,2023-01-18,2023-01-20,3,49.15,44.54,2023-01-20,0.0
DOWN,2023-01-20,2023-01-24,5,44.54,53.49,2023-01-24,0.0
UP,2023-01-24,2023-01-27,4,53.49,44.81,2023-01-27,0.0
DOWN,2023-01-27,2023-02-03,8,44.81,55.74,2023-02-03,0.0
UP,2023-02-03,2023-02-07,5,55.74,46.22,2023-02-07,0.0
DOWN,2023-02-07,2023-02-09,3,46.22,49.46,2023-02-09,0.0
UP,2023-02-09,2023-02-13,5,49.46,44.51,2023-02-13,0.0
DOWN,2023-02-13,2023-02-16,4,44.51,75.83,2023-02-16,0.0
UP,2023-02-16,2023-02-28,13,75.83,27.38,2023-02-28,0.0
DOWN,2023-02-28,2023-03-01,2,27.38,32.85,2023-03-01,0.0
UP,2023-03-01,2023-03-02,2,32.85,30.06,2023-03-02,0.0
DOWN,2023-03-02,2023-03-08,7,30.06,40.33,2023-03-08,0.0
UP,2023-03-08,2023-03-15,8,40.33,31.65,2023-03-15,0.0
DOWN,2023-03-15,2023-03-17,3,31.65,37.95,2023-03-17,0.0
UP,2023-03-17,2023-03-20,4,37.95,36.84,2023-03-20,0.0
DOWN,2023-03-20,2023-03-22,3,36.84,40.21,2023-03-22,0.0
UP,2023-03-22,2023-03-24,3,40.21,28.87,2023-03-24,0.0
DOWN,2023-03-24,2023-03-27,4,28.87,24.85,2023-03-27,0.0
UP,2023-03-27,2023-03-28,2,24.85,22.8,2023-03-28,0.0
DOWN,2023-03-28,2023-04-13,17,22.8,80.91,2023-04-13,0.0
UP,2023-04-13,2023-04-19,7,80.91,76.52,2023-04-19,0.0
DOWN,2023-04-19,2023-05-02,14,76.52,73.31,2023-05-02,0.0
UP,2023-05-02,2023-05-03,2,73.31,66.79,2023-05-03,0.0
DOWN,2023-05-03,2023-05-04,2,66.79,69.91,2023-05-04,0.0
UP,2023-05-04,2023-05-05,2,69.91,57.67,2023-05-05,0.0
DOWN,2023-05-05,2023-05-08,4,57.67,71.79,2023-05-08,0.0
UP,2023-05-08,2023-05-09,2,71.79,74.98,2023-05-09,0.0
DOWN,2023-05-09,2023-05-10,2,74.98,79.0,2023-05-10,0.0
UP,2023-05-10,2023-05-11,2,79.0,77.97,2023-05-11,0.0
DOWN,2023-05-11,2023-05-15,5,77.97,78.06,2023-05-15,0.0
UP,2023-05-15,2023-05-18,4,78.06,58.89,2023-05-18,0.0
DOWN,2023-05-18,2023-05-23,6,58.89,59.65,2023-05-23,0.0
UP,2023-05-23,2023-05-24,2,59.65,50.33,2023-05-24,0.0
DOWN,2023-05-24,2023-05-30,7,50.33,65.38,2023-05-30,0.0
UP,2023-05-30,2023-06-01,3,65.38,55.38,2023-06-01,0.0
DOWN,2023-06-01,2023-06-07,7,55.38,76.67,2023-06-07,0.0
UP,2023-06-07,2023-06-09,3,76.67,60.36,2023-06-09,0.0
DOWN,2023-06-09,2023-06-14,6,60.36,69.53,2023-06-14,0.0
UP,2023-06-14,2023-06-15,2,69.53,56.59,2023-06-15,0.0
DOWN,2023-06-15,2023-06-16,2,56.59,58.21,2023-06-16,0.0
UP,2023-06-16,2023-06-19,4,58.21,52.96,2023-06-19,0.0
DOWN,2023-06-19,2023-06-21,3,52.96,67.19,2023-06-21,0.0
UP,2023-06-21,2023-06-26,6,67.19,52.63,2023-06-26,0.0
DOWN,2023-06-26,2023-07-04,9,52.63,75.97,2023-07-04,0.0
UP,2023-07-04,2023-07-05,2,75.97,74.95,2023-07-05,0.0
DOWN,2023-07-05,2023-07-06,2,74.95,82.06,2023-07-06,0.0
UP,2023-07-06,2023-07-07,2,82.06,71.01,2023-07-07,0.0
DOWN,2023-07-07,2023-07-11,5,71.01,75.6,2023-07-11,0.0
UP,2023-07-11,2023-07-12,2,75.6,70.78,2023-07-12,0.0
DOWN,2023-07-12,2023-07-20,9,70.78,82.59,2023-07-20,0.0
UP,2023-07-20,2023-07-25,6,82.59,59.48,2023-07-25,0.0
DOWN,2023-07-25,2023-07-26,2,59.48,59.58,2023-07-26,0.0
UP,2023-07-26,2023-07-28,3,59.58,58.52,2023-07-28,0.0
DOWN,2023-07-28,2023-07-31,4,58.52,59.31,2023-07-31,0.0
UP,2023-07-31,2023-08-03,4,59.31,42.23,2023-08-03,0.0
DOWN,2023-08-03,2023-08-07,5,42.23,39.32,2023-08-07,0.0
DOWN,2023-08-07,2023-08-09,3,39.32,32.58,2023-08-09,0.0
UP,2023-08-09,2023-08-11,3,32.58,36.76,2023-08-11,0.0
DOWN,2023-08-11,2023-08-16,6,36.76,34.82,2023-08-16,0.0
UP,2023-08-16,2023-08-18,3,34.82,34.43,2023-08-18,0.0
DOWN,2023-08-18,2023-08-23,6,34.43,44.64,2023-08-23,0.0
UP,2023-08-23,2023-08-25,3,44.64,35.02,2023-08-25,0.0
DOWN,2023-08-25,2023-08-30,6,35.02,33.25,2023-08-30,0.0
UP,2023-08-30,2023-08-31,2,33.25,33.9,2023-08-31,0.0
DOWN,2023-08-31,2023-09-15,16,33.9,92.37,2023-09-15,0.0
UP,2023-09-15,2023-09-22,8,92.37,57.26,2023-09-22,0.0
DOWN,2023-09-22,2023-09-25,4,57.26,54.88,2023-09-25,0.0
UP,2023-09-25,2023-09-26,2,54.88,52.08,2023-09-26,0.0
DOWN,2023-09-26,2023-09-27,2,52.08,52.94,2023-09-27,0.0
UP,2023-09-27,2023-09-28,2,52.94,41.15,2023-09-28,0.0
DOWN,2023-09-28,2023-09-29,2,41.15,40.97,2023-09-29,0.0
UP,2023-09-29,2023-10-04,6,40.97,26.51,2023-10-04,0.0
DOWN,2023-10-04,2023-10-06,3,26.51,33.85,2023-10-06,0.0
UP,2023-10-06,2023-10-09,4,33.85,26.17,2023-10-09,0.0
DOWN,2023-10-09,2023-10-11,3,26.17,46.59,2023-10-11,0.0
UP,2023-10-11,2023-10-16,6,46.59,51.66,2023-10-16,0.0
DOWN,2023-10-16,2023-10-17,2,51.66,55.38,2023-10-17,0.0
UP,2023-10-17,2023-10-26,10,55.38,28.04,2023-10-26,0.0
DOWN,2023-10-26,2023-10-30,5,28.04,37.88,2023-10-30,0.0
UP,2023-10-30,2023-11-01,3,37.88,22.98,2023-11-01,0.0
DOWN,2023-11-01,2023-11-06,6,22.98,40.55,2023-11-06,0.0
UP,2023-11-06,2023-11-07,2,40.55,37.92,2023-11-07,0.0
DOWN,2023-11-07,2023-11-08,2,37.92,42.0,2023-11-08,0.0
UP,2023-11-08,2023-11-09,2,42.0,42.79,2023-11-09,0.0
DOWN,2023-11-09,2023-11-12,4,42.79,57.02,2023-11-12,0.0
UP,2023-11-12,2023-11-13,2,57.02,59.41,2023-11-13,0.0
DOWN,2023-11-13,2023-11-16,4,59.41,76.11,2023-11-16,0.0
UP,2023-11-16,2023-11-20,5,76.11,72.41,2023-11-20,0.0
DOWN,2023-11-20,2023-11-22,3,72.41,77.22,2023-11-22,0.0
UP,2023-11-22,2023-11-24,3,77.22,68.44,2023-11-24,0.0
DOWN,2023-11-24,2023-12-06,13,68.44,91.97,2023-12-06,0.0
UP,2023-12-06,2023-12-07,2,91.97,88.77,2023-12-07,0.0
DOWN,2023-12-07,2023-12-11,5,88.77,96.01,2023-12-11,0.0
UP,2023-12-11,2023-12-12,2,96.01,88.14,2023-12-12,0.0
DOWN,2023-12-12,2023-12-15,4,88.14,92.2,2023-12-15,0.0
UP,2023-12-15,2023-12-18,4,92.2,89.56,2023-12-18,0.0
DOWN,2023-12-18,2023-12-19,2,89.56,88.49,2023-12-19,0.0
UP,2023-12-19,2023-12-20,2,88.49,76.11,2023-12-20,0.0
DOWN,2023-12-20,2023-12-28,9,76.11,74.72,2023-12-28,0.0
UP,2023-12-28,2023-12-29,2,74.72,71.15,2023-12-29,0.0
DOWN,2023-12-29,2024-01-01,4,71.15,70.78,2024-01-01,0.0
UP,2024-01-01,2024-01-03,3,70.78,64.43,2024-01-03,0.0
DOWN,2024-01-03,2024-01-05,3,64.43,55.52,2024-01-05,0.0
UP,2024-01-05,2024-01-08,4,55.52,50.37,2024-01-08,0.0
DOWN,2024-01-08,2024-01-15,8,50.37,68.09,2024-01-15,0.0
UP,2024-01-15,2024-01-18,4,68.09,41.77,2024-01-18,0.0
DOWN,2024-01-18,2024-01-19,2,41.77,45.71,2024-01-19,0.0
UP,2024-01-19,2024-01-23,5,45.71,43.21,2024-01-23,0.0
DOWN,2024-01-23,2024-01-24,2,43.21,44.72,2024-01-24,0.0
UP,2024-01-24,2024-01-25,2,44.72,41.33,2024-01-25,0.0
DOWN,2024-01-25,2024-01-29,5,41.33,53.57,2024-01-29,0.0
UP,2024-01-29,2024-01-30,2,53.57,48.63,2024-01-30,0.0
DOWN,2024-01-30,2024-01-31,2,48.63,50.51,2024-01-31,0.0
UP,2024-01-31,2024-02-01,2,50.51,49.59,2024-02-01,0.0
DOWN,2024-02-01,2024-02-02,2,49.59,47.31,2024-02-02,0.0
UP,2024-02-02,2024-02-05,4,47.31,40.67,2024-02-05,0.0
DOWN,2024-02-05,2024-02-06,2,40.67,44.65,2024-02-06,0.0
UP,2024-02-06,2024-02-08,3,44.65,51.58,2024-02-08,0.0
DOWN,2024-02-08,2024-02-09,2,51.58,49.4,2024-02-09,0.0
UP,2024-02-09,2024-02-12,4,49.4,47.68,2024-02-12,0.0
DOWN,2024-02-12,2024-02-20,9,47.68,67.75,2024-02-20,0.0
UP,2024-02-20,2024-02-21,2,67.75,58.34,2024-02-21,0.0
DOWN,2024-02-21,2024-02-22,2,58.34,63.39,2024-02-22,0.0
UP,2024-02-22,2024-02-26,5,63.39,60.13,2024-02-26,0.0
DOWN,2024-02-26,2024-02-27,2,60.13,58.96,2024-02-27,0.0
UP,2024-02-27,2024-02-28,2,58.96,51.31,2024-02-28,0.0
DOWN,2024-02-28,2024-03-04,6,51.31,71.05,2024-03-04,0.0
UP,2024-03-04,2024-03-05,2,71.05,67.07,2024-03-05,0.0
DOWN,2024-03-05,2024-03-07,3,67.07,64.15,2024-03-07,0.0
UP,2024-03-07,2024-03-11,5,64.15,54.24,2024-03-11,0.0
DOWN,2024-03-11,2024-03-12,2,54.24,60.48,2024-03-12,0.0
UP,2024-03-12,2024-03-13,2,60.48,46.3,2024-03-13,0.0
DOWN,2024-03-13,2024-03-14,2,46.3,49.6,2024-03-14,0.0
UP,2024-03-14,2024-03-15,2,49.6,48.73,2024-03-15,0.0
DOWN,2024-03-15,2024-03-18,4,48.73,46.89,2024-03-18,0.0
UP,2024-03-18,2024-03-19,2,46.89,47.35,2024-03-19,0.0
DOWN,2024-03-19,2024-03-21,3,47.35,38.28,2024-03-21,0.0
UP,2024-03-21,2024-03-26,6,38.28,36.15,2024-03-26,0.0
DOWN,2024-03-26,2024-04-01,7,36.15,49.37,2024-04-01,0.0
UP,2024-04-01,2024-04-03,3,49.37,53.61,2024-04-03,0.0
DOWN,2024-04-03,2024-04-08,6,53.61,67.72,2024-04-08,0.0
UP,2024-04-08,2024-04-09,2,67.72,74.02,2024-04-09,0.0
DOWN,2024-04-09,2024-04-10,2,74.02,75.46,2024-04-10,0.0
UP,2024-04-10,2024-04-18,9,75.46,50.17,2024-04-18,0.0
DOWN,2024-04-18,2024-04-25,8,50.17,54.07,2024-04-25,0.0
UP,2024-04-25,2024-04-26,2,54.07,45.81,2024-04-26,0.0
DOWN,2024-04-26,2024-04-29,4,45.81,53.08,2024-04-29,0.0
UP,2024-04-29,2024-04-30,2,53.08,48.02,2024-04-30,0.0
DOWN,2024-04-30,2024-05-02,3,48.02,49.45,2024-05-02,0.0
UP,2024-05-02,2024-05-03,2,49.45,41.71,2024-05-03,0.0
DOWN,2024-05-03,2024-05-06,4,41.71,47.19,2024-05-06,0.0
UP,2024-05-06,2024-05-09,4,47.19,49.29,2024-05-09,0.0
DOWN,2024-05-09,2024-05-14,6,49.29,44.14,2024-05-14,0.0
UP,2024-05-14,2024-05-15,2,44.14,42.0,2024-05-15,0.0
DOWN,2024-05-15,2024-05-18,4,42.0,42.43,2024-05-18,0.0
UP,2024-05-18,2024-05-21,4,42.43,43.78,2024-05-21,0.0
DOWN,2024-05-21,2024-05-23,3,43.78,65.83,2024-05-23,0.0
UP,2024-05-23,2024-05-30,8,65.83,63.2,2024-05-30,0.0
DOWN,2024-05-30,2024-06-03,5,63.2,74.85,2024-06-03,0.0
UP,2024-06-03,2024-06-04,2,74.85,45.89,2024-06-04,0.0
DOWN,2024-06-04,2024-06-07,4,45.89,59.18,2024-06-07,0.0
UP,2024-06-07,2024-06-11,5,59.18,57.68,2024-06-11,0.0
DOWN,2024-06-11,2024-06-20,10,57.68,63.99,2024-06-20,0.0
UP,2024-06-20,2024-06-21,2,63.99,62.46,2024-06-21,0.0
DOWN,2024-06-21,2024-06-27,7,62.46,90.24,2024-06-27,0.0
UP,2024-06-27,2024-06-28,2,90.24,81.01,2024-06-28,0.0
DOWN,2024-06-28,2024-07-01,4,81.01,87.21,2024-07-01,0.0
UP,2024-07-01,2024-07-02,2,87.21,87.19,2024-07-02,0.0
DOWN,2024-07-02,2024-07-04,3,87.19,87.95,2024-07-04,0.0
UP,2024-07-04,2024-07-08,5,87.95,84.39,2024-07-08,0.0
DOWN,2024-07-08,2024-07-09,2,84.39,85.7,2024-07-09,0.0
UP,2024-07-09,2024-07-11,3,85.7,81.51,2024-07-11,0.0
DOWN,2024-07-11,2024-07-18,8,81.51,78.55,2024-07-18,0.0
UP,2024-07-18,2024-07-25,8,78.55,49.87,2024-07-25,0.0
DOWN,2024-07-25,2024-08-01,8,49.87,71.52,2024-08-01,0.0
UP,2024-08-01,2024-08-06,6,71.52,34.9,2024-08-06,0.0
DOWN,2024-08-06,2024-08-07,2,34.9,37.12,2024-08-07,0.0
UP,2024-08-07,2024-08-08,2,37.12,37.94,2024-08-08,0.0
DOWN,2024-08-08,2024-08-09,2,37.94,44.92,2024-08-09,0.0
UP,2024-08-09,2024-08-13,5,44.92,42.76,2024-08-13,0.0
DOWN,2024-08-13,2024-08-16,4,42.76,44.61,2024-08-16,0.0
UP,2024-08-16,2024-08-19,4,44.61,44.39,2024-08-19,0.0
DOWN,2024-08-19,2024-09-02,15,44.39,83.68,2024-09-02,0.0
UP,2024-09-02,2024-09-06,5,83.68,60.81,2024-09-06,0.0
DOWN,2024-09-06,2024-09-10,5,60.81,63.48,2024-09-10,0.0
UP,2024-09-10,2024-09-11,2,63.48,55.85,2024-09-11,0.0
DOWN,2024-09-11,2024-09-12,2,55.85,67.3,2024-09-12,0.0
UP,2024-09-12,2024-09-13,2,67.3,62.21,2024-09-13,0.0
DOWN,2024-09-13,2024-09-17,5,62.21,62.98,2024-09-17,0.0
UP,2024-09-17,2024-09-18,2,62.98,58.53,2024-09-18,0.0
DOWN,2024-09-18,2024-09-23,6,58.53,68.78,2024-09-23,0.0
UP,2024-09-23,2024-09-24,2,68.78,70.89,2024-09-24,0.0
DOWN,2024-09-24,2024-09-26,3,70.89,89.53,2024-09-26,0.0
UP,2024-09-26,2024-10-07,12,89.53,37.77,2024-10-07,0.0
DOWN,2024-10-07,2024-10-08,2,37.77,41.42,2024-10-08,0.0
UP,2024-10-08,2024-10-09,2,41.42,41.24,2024-10-09,0.0
DOWN,2024-10-09,2024-10-10,2,41.24,40.59,2024-10-10,0.0
UP,2024-10-10,2024-10-11,2,40.59,28.14,2024-10-11,0.0
DOWN,2024-10-11,2024-10-14,4,28.14,30.14,2024-10-14,0.0
UP,2024-10-14,2024-10-17,4,30.14,17.68,2024-10-17,0.0
DOWN,2024-10-17,2024-10-18,2,17.68,20.73,2024-10-18,0.0
UP,2024-10-18,2024-10-25,8,20.73,32.57,2024-10-25,0.0
DOWN,2024-10-25,2024-10-29,5,32.57,38.89,2024-10-29,0.0
UP,2024-10-29,2024-10-31,3,38.89,32.04,2024-10-31,0.0
DOWN,2024-10-31,2024-11-01,2,32.04,28.74,2024-11-01,0.0
UP,2024-11-01,2024-11-04,4,28.74,25.01,2024-11-04,0.0
DOWN,2024-11-04,2024-11-06,3,25.01,45.42,2024-11-06,0.0
UP,2024-11-06,2024-11-08,3,45.42,38.84,2024-11-08,0.0
DOWN,2024-11-08,2024-11-11,4,38.84,44.46,2024-11-11,0.0
UP,2024-11-11,2024-11-18,8,44.46,31.68,2024-11-18,0.0
DOWN,2024-11-18,2024-11-19,2,31.68,30.49,2024-11-19,0.0
UP,2024-11-19,2024-11-21,3,30.49,30.51,2024-11-21,0.0
DOWN,2024-11-21,2024-11-25,5,30.51,52.09,2024-11-25,0.0
UP,2024-11-25,2024-11-26,2,52.09,57.29,2024-11-26,0.0
DOWN,2024-11-26,2024-11-27,2,57.29,54.79,2024-11-27,0.0
UP,2024-11-27,2024-11-28,2,54.79,41.86,2024-11-28,0.0
DOWN,2024-11-28,2024-12-05,8,41.86,74.8,2024-12-05,0.0
UP,2024-12-05,2024-12-09,5,74.8,75.67,2024-12-09,0.0
DOWN,2024-12-09,2024-12-11,3,75.67,79.22,2024-12-11,0.0
UP,2024-12-11,2024-12-12,2,79.22,68.89,2024-12-12,0.0
DOWN,2024-12-12,2024-12-13,2,68.89,68.06,2024-12-13,0.0
UP,2024-12-13,2024-12-20,8,68.06,34.16,2024-12-20,0.0
DOWN,2024-12-20,2024-12-23,4,34.16,33.21,2024-12-23,0.0
UP,2024-12-23,2024-12-26,4,33.21,22.61,2024-12-26,0.0
DOWN,2024-12-26,2024-12-27,2,22.61,25.65,2024-12-27,0.0
UP,2024-12-27,2024-12-31,5,25.65,24.23,2024-12-31,0.0
DOWN,2024-12-31,2025-01-02,3,24.23,41.68,2025-01-02,0.0
UP,2025-01-02,2025-01-06,5,41.68,28.61,2025-01-06,0.0
DOWN,2025-01-06,2025-01-07,2,28.61,34.49,2025-01-07,0.0
UP,2025-01-07,2025-01-13,7,34.49,33.61,2025-01-13,0.0
DOWN,2025-01-13,2025-01-16,4,33.61,38.43,2025-01-16,0.0
UP,2025-01-16,2025-01-17,2,38.43,38.58,2025-01-17,0.0
DOWN,2025-01-17,2025-01-20,4,38.58,42.87,2025-01-20,0.0
UP,2025-01-20,2025-01-21,2,42.87,34.01,2025-01-21,0.0
DOWN,2025-01-21,2025-01-23,3,34.01,30.33,2025-01-23,0.0
UP,2025-01-23,2025-01-27,5,30.33,28.31,2025-01-27,0.0
DOWN,2025-01-27,2025-02-01,6,28.31,57.59,2025-02-01,0.0
UP,2025-02-01,2025-02-03,3,57.59,53.44,2025-02-03,0.0
DOWN,2025-02-03,2025-02-04,2,53.44,59.87,2025-02-04,0.0
UP,2025-02-04,2025-02-14,11,59.87,50.32,2025-02-14,0.0
DOWN,2025-02-14,2025-02-17,4,50.32,45.03,2025-02-17,0.0
UP,2025-02-17,2025-02-24,8,45.03,1.36,2025-02-24,0.0
DOWN,2025-02-24,2025-02-27,4,1.36,5.56,2025-02-27,0.0
UP,2025-02-27,2025-03-04,6,5.56,5.77,2025-03-04,0.0
DOWN,2025-03-04,2025-03-06,3,5.77,31.76,2025-03-06,0.0
UP,2025-03-06,2025-03-13,8,31.76,30.63,2025-03-13,0.0
DOWN,2025-03-13,2025-03-25,13,30.63,91.55,2025-03-25,0.0
UP,2025-03-25,2025-03-26,2,91.55,79.47,2025-03-26,0.0
DOWN,2025-03-26,2025-03-27,2,79.47,78.42,2025-03-27,0.0
UP,2025-03-27,2025-04-01,6,78.42,63.44,2025-04-01,0.0
DOWN,2025-04-01,2025-04-02,2,63.44,66.37,2025-04-02,0.0
UP,2025-04-02,2025-04-07,6,66.37,45.11,2025-04-07,0.0
DOWN,2025-04-07,2025-04-08,2,45.11,44.89,2025-04-08,0.0
UP,2025-04-08,2025-04-09,2,44.89,42.54,2025-04-09,0.0
DOWN,2025-04-09,2025-04-23,15,42.54,60.23,2025-04-23,0.0
UP,2025-04-23,2025-04-25,3,60.23,60.7,2025-04-25,0.0
DOWN,2025-04-25,2025-04-29,5,60.7,70.61,2025-04-29,0.0
UP,2025-04-29,2025-04-30,2,70.61,86.38,2025-04-30,0.0
DOWN,2025-04-30,2025-05-05,6,86.38,89.26,2025-05-05,0.0
UP,2025-05-05,2025-05-06,2,89.26,85.63,2025-05-06,0.0
DOWN,2025-05-06,2025-05-07,2,85.63,82.23,2025-05-07,0.0
UP,2025-05-07,2025-05-09,3,82.23,57.91,2025-05-09,0.0
DOWN,2025-05-09,2025-05-12,4,57.91,69.32,2025-05-12,0.0
UP,2025-05-12,2025-05-13,2,69.32,58.71,2025-05-13,0.0
DOWN,2025-05-13,2025-05-15,3,58.71,64.43,2025-05-15,0.0
UP,2025-05-15,2025-05-16,2,64.43,67.19,,
