Date,Price,Open,High,Low,Vol.,Change(%),RSI,Target
2020-06-04,1001.7,1028.05,1038.95,991.1,27139478.0,-2.01%,,1
2020-06-05,1033.35,1003.1,1042.4,1002.8,17598103.0,3.16%,100.0,0
2020-06-08,1015.9,1060.0,1066.65,1006.4,24906362.0,-1.69%,64.4602851323829,0
2020-06-09,987.3,1020.0,1026.75,979.55,30922894.0,-2.82%,40.73359073359065,1
2020-06-10,991.85,990.0,999.85,978.2,18248880.0,0.46%,44.01215805471123,0
2020-06-11,968.6,985.0,988.4,965.0,15449142.0,-2.34%,34.31279620853077,1
2020-06-12,982.75,928.0,986.65,928.0,21322880.0,1.46%,42.081069786878366,0
2020-06-15,949.85,968.0,974.0,943.0,16004973.0,-3.35%,33.005571943625014,1
2020-06-16,990.4,975.0,993.95,952.0,22700113.0,4.27%,47.07405489383737,0
2020-06-17,979.25,989.0,998.9,973.25,18479504.0,-1.13%,44.504283965728256,1
2020-06-18,1019.95,980.0,1024.9,972.0,20435469.0,4.16%,53.72525005103082,1
2020-06-19,1033.35,1017.95,1043.0,1012.15,23939324.0,1.31%,56.12541126378941,0
2020-06-22,1028.75,1039.45,1045.95,1023.8,14847321.0,-0.45%,55.14356341509792,1
2020-06-23,1042.3,1039.0,1045.0,1016.55,14415640.0,1.32%,57.34177215189873,0
2020-06-24,1032.5,1048.5,1057.5,1030.05,19714664.0,-0.94%,55.37897310513447,0
2020-06-25,1028.75,1021.9,1049.0,1007.0,35323457.0,-0.36%,49.109907120743046,1
2020-06-26,1056.45,1041.0,1063.0,1028.0,19986677.0,2.69%,57.546994230411336,1
2020-06-29,1076.05,1037.0,1082.6,1037.0,23003725.0,1.86%,67.09031388407473,0
2020-06-30,1065.85,1074.0,1078.55,1056.3,17873316.0,-0.95%,63.94647568790049,1
2020-07-01,1084.6,1065.85,1096.0,1061.3,17423378.0,1.76%,72.23926380368098,1
2020-07-02,1089.4,1090.3,1111.25,1085.2,18477248.0,0.44%,71.20699940345997,0
2020-07-03,1073.95,1093.0,1095.8,1070.0,13798879.0,-1.42%,76.51709401709402,1
2020-07-06,1103.0,1107.95,1119.9,1100.0,17779243.0,2.70%,75.30337078651687,1
2020-07-07,1105.15,1109.4,1111.7,1093.05,12175425.0,0.19%,79.48477751756442,1
2020-07-08,1110.35,1107.0,1124.9,1105.0,15028412.0,0.47%,75.39325842696628,1
2020-07-09,1124.95,1118.0,1129.7,1107.25,10057717.0,1.31%,75.55803571428575,0
2020-07-10,1105.1,1117.9,1120.0,1099.55,8781604.0,-1.76%,69.63229622010795,0
2020-07-13,1080.25,1109.9,1113.0,1071.3,14961695.0,-2.25%,59.22235722964763,0
2020-07-14,1058.85,1062.6,1068.9,1050.0,13306511.0,-1.98%,56.06165171382559,0
2020-07-15,1053.15,1070.2,1079.0,1050.1,10487246.0,-0.54%,55.56315549475605,1
2020-07-16,1062.55,1053.65,1065.5,1034.1,11831256.0,0.89%,51.51741293532336,1
2020-07-17,1098.45,1059.05,1104.0,1058.3,14202933.0,3.38%,55.15416474919468,1
2020-07-20,1133.05,1135.0,1152.9,1124.15,32562064.0,3.15%,63.90153082333472,1
2020-07-21,1138.55,1152.05,1157.95,1134.0,23757768.0,0.49%,61.80783541256293,0
2020-07-22,1126.35,1138.5,1144.5,1117.55,12359024.0,-1.07%,57.833368666525296,1
2020-07-23,1130.4,1125.0,1143.9,1116.25,10074805.0,0.36%,62.57518378257964,0
2020-07-24,1119.1,1122.9,1122.9,1101.25,9799222.0,-1.00%,53.89453313981613,0
2020-07-27,1079.5,1099.85,1103.0,1075.35,18985167.0,-3.54%,44.74708171206225,1
2020-07-28,1086.65,1079.0,1094.4,1059.5,17798330.0,0.66%,45.18488419341735,0
2020-07-29,1064.6,1081.0,1088.5,1055.55,16796652.0,-2.03%,38.098994281206856,0
2020-07-30,1050.65,1074.0,1083.65,1046.7,13478951.0,-1.31%,39.00666262870992,0
2020-07-31,1032.8,1057.7,1057.7,1020.05,18865230.0,-1.70%,40.14128402243924,0
2020-08-03,1002.0,1025.95,1026.95,993.0,15891781.0,-2.98%,38.63227354529097,1
2020-08-04,1041.65,1008.0,1061.05,1003.0,30153418.0,3.96%,47.97535211267606,0
2020-08-05,1027.55,1047.95,1055.8,1020.0,16610696.0,-1.35%,43.93834430204366,1
2020-08-06,1040.7,1037.0,1055.0,1026.25,16823558.0,1.28%,39.142695995487905,1
2020-08-07,1043.85,1034.85,1047.2,1020.6,12418816.0,0.30%,30.98081023454162,1
2020-08-10,1050.65,1044.0,1064.0,1043.8,11086465.0,0.65%,31.361323155216382,1
2020-08-11,1066.65,1048.5,1071.0,1048.5,10068150.0,1.52%,37.541736227045156,0
2020-08-12,1063.7,1065.0,1066.0,1048.0,10333222.0,-0.28%,36.01677148846963,0
2020-08-13,1059.05,1067.95,1071.35,1056.5,9946370.0,-0.44%,37.049816691826656,0
2020-08-14,1034.45,1065.9,1065.9,1027.3,10462350.0,-2.32%,39.61263546230117,0
2020-08-17,1032.75,1047.0,1047.0,1020.2,9780591.0,-0.16%,37.25165562913908,1
2020-08-18,1056.5,1028.0,1061.65,1022.0,12020562.0,2.30%,48.09948381041767,1
2020-08-19,1066.6,1065.0,1069.8,1056.25,8858056.0,0.96%,53.811230585424084,0
2020-08-20,1059.0,1054.95,1068.95,1052.0,9608591.0,-0.71%,56.58291457286433,1
2020-08-21,1085.65,1065.4,1088.8,1064.6,14462237.0,2.52%,71.46522966384396,1
2020-08-24,1117.05,1086.0,1122.95,1085.65,18389929.0,2.89%,70.20364415862804,1
2020-08-25,1119.7,1119.0,1127.0,1106.2,13800972.0,0.24%,76.306023408507,0
2020-08-26,1118.45,1121.0,1131.75,1109.5,12595131.0,-0.11%,73.81316998468607,0
2020-08-27,1112.1,1125.8,1129.9,1106.25,10323015.0,-0.57%,70.5016521477921,1
2020-08-28,1114.5,1111.95,1125.0,1095.0,19349069.0,0.22%,69.70070965751307,1
2020-08-31,1115.85,1129.5,1148.8,1100.7,19250721.0,0.12%,66.68928086838527,1
2020-09-01,1127.3,1128.0,1143.6,1108.0,14438949.0,1.03%,70.39769082745346,1
2020-09-02,1134.15,1124.1,1139.0,1120.7,9880855.0,0.61%,73.75079063883621,0
2020-09-03,1130.9,1137.25,1145.95,1128.0,9916701.0,-0.29%,85.26508226691038,0
2020-09-04,1119.3,1110.0,1125.4,1104.4,11830686.0,-1.03%,79.50903511762692,0
2020-09-07,1110.5,1116.3,1119.5,1099.0,8807764.0,-0.79%,70.50113895216397,1
2020-09-08,1112.45,1114.0,1118.8,1103.0,7312460.0,0.18%,68.55524079320114,0
2020-09-09,1096.5,1101.0,1110.0,1091.25,7864545.0,-1.43%,64.21531463229712,0
2020-09-10,1090.55,1103.0,1104.85,1084.0,7594209.0,-0.54%,52.203237410071864,0
2020-09-11,1078.65,1096.45,1104.85,1071.0,10397545.0,-1.09%,29.062159214831155,0
2020-09-14,1057.95,1088.0,1094.0,1052.35,10825874.0,-1.92%,21.867881548975063,1
2020-09-15,1070.5,1068.0,1076.15,1058.1,8252566.0,1.19%,30.19413465510125,1
2020-09-16,1093.65,1070.2,1096.0,1068.35,9355126.0,2.16%,43.307943416757425,0
2020-09-17,1083.6,1084.0,1094.0,1078.0,9159413.0,-0.92%,39.38144329896908,0
2020-09-18,1057.3,1092.0,1092.2,1047.2,11740889.0,-2.43%,32.824875330008865,0
2020-09-21,1049.3,1055.0,1071.35,1041.5,9921439.0,-0.76%,26.64670658682641,0
2020-09-22,1035.4,1054.05,1058.15,1029.5,9310339.0,-1.32%,21.6317150244183,1
2020-09-23,1047.25,1046.0,1055.0,1034.35,8039935.0,1.14%,27.10101286613741,0
2020-09-24,1030.4,1038.0,1047.0,1025.0,9904895.0,-1.61%,26.343799893560416,1
2020-09-25,1044.0,1050.0,1051.95,1025.65,10160775.0,1.32%,32.74519979242345,1
2020-09-28,1054.2,1048.95,1059.0,1042.65,8076211.0,0.98%,35.506344861905944,1
2020-09-29,1062.55,1058.0,1069.9,1051.0,6322274.0,0.79%,41.22058443237649,1
2020-09-30,1078.6,1060.0,1086.9,1052.0,9407038.0,1.51%,47.063160481690815,1
2020-10-01,1106.95,1090.1,1110.0,1090.1,10601566.0,2.63%,56.43474306502956,1
2020-10-05,1114.35,1112.0,1132.0,1111.0,8470109.0,0.67%,63.649564375605024,1
2020-10-06,1144.1,1135.05,1148.0,1126.2,9685997.0,2.67%,66.44325290437891,1
2020-10-07,1162.25,1144.9,1164.85,1137.6,10624527.0,1.59%,65.6764168190128,1
2020-10-08,1191.8,1180.0,1203.0,1163.35,17530368.0,2.54%,72.70247587075121,1
2020-10-09,1233.55,1201.0,1237.0,1191.65,22486215.0,3.50%,84.72906403940893,0
2020-10-12,1213.65,1231.55,1242.75,1205.6,9610277.0,-1.61%,80.93355919442885,0
2020-10-13,1198.45,1213.4,1222.45,1195.0,9177015.0,-1.25%,80.53942685896239,1
2020-10-14,1211.5,1195.55,1214.3,1175.5,11291473.0,1.09%,80.6265150102555,0
2020-10-15,1169.25,1214.2,1217.0,1164.0,14123569.0,-3.49%,73.6501447794243,1
2020-10-16,1199.35,1180.0,1203.5,1173.0,12911559.0,2.57%,75.05241090146751,1
2020-10-19,1203.55,1235.0,1235.0,1192.6,21179884.0,0.35%,74.56010524584772,1
2020-10-20,1223.95,1207.5,1227.4,1205.9,13705994.0,1.69%,75.5298956026574,1
2020-10-21,1246.7,1230.6,1251.0,1221.7,17820565.0,1.86%,76.03779429987611,0
2020-10-22,1233.3,1239.95,1250.0,1223.0,10956548.0,-1.07%,70.52135780412539,1
2020-10-23,1235.8,1243.5,1248.45,1231.2,7933126.0,0.20%,70.04456180887937,0
2020-10-26,1210.9,1229.8,1242.0,1204.6,9786023.0,-2.01%,61.20429386112046,1
2020-10-27,1233.1,1226.0,1236.0,1197.85,12158922.0,1.83%,61.72430911798776,0
2020-10-28,1209.6,1228.0,1232.0,1201.5,8285625.0,-1.91%,53.00574130361364,0
2020-10-29,1187.2,1200.6,1204.45,1178.5,11530152.0,-1.85%,41.6260162601626,0
2020-10-30,1183.55,1182.55,1199.3,1176.35,5761470.0,-0.31%,44.2226487523992,1
2020-11-02,1215.25,1194.35,1225.0,1177.5,10963040.0,2.68%,53.03249097472923,1
2020-11-03,1247.95,1226.45,1250.75,1225.5,14082115.0,2.69%,56.14360357323447,1
2020-11-04,1257.4,1252.0,1264.8,1230.0,11702411.0,0.76%,66.70456698881944,1
2020-11-05,1269.2,1266.0,1276.0,1252.35,10716964.0,0.94%,64.22317246996542,1
2020-11-06,1307.65,1266.25,1310.0,1265.5,17852862.0,3.03%,68.60257326661903,1
2020-11-09,1340.55,1315.2,1345.95,1315.2,13144220.0,2.52%,69.94526171741362,1
2020-11-10,1393.65,1357.0,1395.0,1351.55,20758678.0,3.96%,72.77235394390208,0
2020-11-11,1389.95,1399.9,1414.8,1370.5,18058097.0,-0.27%,75.02795973797734,0
2020-11-12,1371.7,1377.4,1388.55,1360.0,13526974.0,-1.31%,70.67234560389414,0
2020-11-13,1358.8,1368.8,1368.8,1347.0,11236240.0,-0.94%,73.35017366592987,1
2020-11-14,1369.7,1367.8,1374.95,1365.2,917533.0,0.80%,72.36411263916176,1
2020-11-17,1408.45,1385.8,1412.6,1380.6,15529950.0,2.83%,81.00732886324653,1
2020-11-18,1408.7,1403.0,1419.0,1399.05,9431388.0,0.02%,87.10217755443881,0
2020-11-19,1374.35,1389.7,1399.45,1368.0,10133441.0,-2.44%,78.97934386391246,1
2020-11-20,1403.65,1372.65,1408.4,1365.05,10202681.0,2.13%,78.82496940024475,0
2020-11-23,1394.6,1415.0,1423.65,1375.35,12623318.0,-0.64%,74.18769586013516,1
2020-11-24,1438.2,1408.0,1445.0,1402.05,20077200.0,3.13%,76.80106729914016,0
2020-11-25,1402.8,1451.3,1464.4,1397.0,12076301.0,-2.46%,68.50928234968129,1
2020-11-26,1426.65,1415.0,1432.0,1387.0,13971563.0,1.70%,67.18163442102218,1
2020-11-27,1440.85,1431.8,1446.0,1415.55,8997290.0,1.00%,65.30830280830276,0
2020-12-01,1433.3,1440.85,1449.0,1425.5,8573787.0,-0.52%,57.02889558588898,0
2020-12-02,1406.95,1431.0,1431.8,1394.8,8946075.0,-1.84%,52.78962914341975,0
2020-12-03,1377.2,1429.0,1432.0,1374.05,18966611.0,-2.11%,50.8697027197976,1
2020-12-04,1385.6,1381.0,1401.45,1373.3,13456161.0,0.61%,54.29900545396213,0
2020-12-07,1372.25,1375.0,1379.95,1358.1,12158159.0,-0.96%,50.40585707464586,1
2020-12-08,1376.3,1375.0,1388.8,1365.15,9728948.0,0.30%,44.24762927178385,1
2020-12-09,1407.2,1377.0,1410.05,1375.05,11034537.0,2.25%,49.758142534666234,0
2020-12-10,1385.85,1398.0,1402.0,1375.75,9863983.0,-1.52%,51.935375294513626,0
2020-12-11,1382.8,1390.05,1395.0,1373.0,10678192.0,-0.22%,46.15100609193278,0
2020-12-14,1372.15,1383.0,1388.0,1368.0,8611025.0,-0.77%,45.8799779776106,1
2020-12-15,1391.3,1380.8,1394.95,1366.0,10780718.0,1.40%,40.54435483870964,1
2020-12-16,1410.7,1404.0,1416.8,1394.5,8416046.0,1.39%,51.702586206896584,1
2020-12-17,1441.8,1418.6,1445.0,1404.5,10962239.0,2.20%,53.16614420062694,0
2020-12-18,1411.35,1435.0,1439.7,1406.3,11497959.0,-2.11%,44.227005870841474,0
2020-12-21,1372.65,1417.5,1423.85,1366.7,11880912.0,-2.74%,39.42089656375371,1
2020-12-22,1373.1,1384.8,1384.8,1345.0,11425779.0,0.03%,43.50910834132306,1
2020-12-23,1375.65,1367.5,1380.95,1361.05,7733697.0,0.19%,49.66816527510169,1
2020-12-24,1397.1,1389.4,1404.0,1377.0,7476094.0,1.56%,52.33171127331712,1
2020-12-28,1412.85,1405.0,1421.0,1404.0,5849597.0,1.13%,58.15261044176707,1
2020-12-29,1427.2,1421.05,1434.75,1420.0,7247673.0,1.02%,59.814886232163545,1
2020-12-30,1432.5,1439.9,1439.9,1413.0,8108363.0,0.37%,55.41292255027813,1
2020-12-31,1436.3,1435.0,1444.0,1425.05,11072875.0,0.27%,61.67013647929683,0
2021-01-01,1425.05,1440.0,1443.0,1420.6,4405469.0,-0.78%,59.41609092935148,0
2021-01-04,1416.0,1438.0,1438.0,1399.0,7870096.0,-0.64%,59.84287317620652,1
2021-01-05,1426.7,1419.2,1430.75,1409.0,7193412.0,0.76%,58.25944937004203,0
2021-01-06,1420.55,1435.0,1440.0,1413.1,11067025.0,-0.43%,52.44963939318576,0
2021-01-07,1416.25,1432.5,1432.6,1412.55,9947421.0,-0.30%,42.66857962697274,1
2021-01-08,1431.65,1432.0,1442.0,1423.1,6884382.0,1.09%,56.375628140703576,1
2021-01-11,1451.45,1450.0,1464.9,1436.3,8665696.0,1.38%,78.08267997148965,1
2021-01-12,1481.0,1452.45,1487.7,1449.1,10194078.0,2.04%,81.84769775678868,0
2021-01-13,1470.65,1492.9,1496.9,1462.1,8467325.0,-0.70%,76.80586907449212,0
2021-01-14,1468.75,1471.15,1488.0,1456.0,6148583.0,-0.13%,72.72438947034571,0
2021-01-15,1466.65,1469.1,1471.65,1445.0,7082618.0,-0.14%,68.68055555555563,1
2021-01-18,1483.1,1469.9,1502.85,1467.0,21412816.0,1.12%,69.13073237508556,1
2021-01-19,1503.85,1491.8,1511.65,1467.0,8680127.0,1.40%,72.08294645620552,0
2021-01-20,1492.0,1501.0,1501.0,1486.0,6673026.0,-0.79%,66.42099056603777,0
2021-01-21,1474.8,1492.0,1494.35,1468.15,13166527.0,-1.15%,64.16975220734835,0
2021-01-22,1443.55,1467.9,1467.9,1440.15,7696182.0,-2.12%,56.96586599241466,1
2021-01-25,1462.85,1465.1,1481.0,1455.15,10172359.0,1.34%,58.75938938696387,0
2021-01-27,1409.6,1468.0,1471.9,1406.15,11778138.0,-3.64%,47.839810613533224,0
2021-01-28,1371.45,1389.9,1401.3,1342.0,21352223.0,-2.71%,42.20327184128088,1
2021-01-29,1390.5,1391.35,1408.75,1364.5,14352251.0,1.39%,42.92833820244025,1
2021-02-01,1476.75,1410.25,1482.5,1401.0,13185272.0,6.20%,53.53945159485171,1
2021-02-02,1560.55,1501.0,1578.5,1497.4,21210103.0,5.67%,59.66233450746995,1
2021-02-03,1574.8,1579.0,1581.7,1542.0,10118627.0,0.91%,62.53158464685356,1
2021-02-04,1579.1,1566.0,1588.0,1543.45,12242342.0,0.27%,63.20133987319058,1
2021-02-05,1597.6,1548.0,1618.25,1548.0,13527358.0,1.17%,65.07424887763324,1
2021-02-08,1605.25,1620.0,1631.65,1595.7,8723790.0,0.48%,64.35201503936085,1
2021-02-09,1611.85,1610.0,1628.0,1586.7,9210683.0,0.41%,63.125911521633455,0
2021-02-10,1581.75,1608.35,1614.85,1567.0,9894003.0,-1.87%,60.44454788781567,0
2021-02-11,1572.35,1582.0,1597.8,1564.2,6824309.0,-0.59%,61.56216664691241,1
2021-02-12,1581.95,1573.9,1592.5,1573.0,4955053.0,0.61%,67.2913543228386,1
2021-02-15,1616.6,1600.1,1625.0,1596.7,5177622.0,2.19%,68.49957887137529,1
2021-02-16,1626.65,1621.2,1641.0,1608.45,6948679.0,0.62%,79.14596481804756,0
2021-02-17,1586.5,1620.0,1621.8,1583.0,6397213.0,-2.47%,78.7231200747963,0
2021-02-18,1554.3,1605.95,1605.95,1548.0,7360280.0,-2.03%,71.13548387096773,0
2021-02-19,1539.1,1545.0,1564.2,1533.0,8569754.0,-0.98%,59.85147732659185,1
2021-02-22,1548.0,1545.05,1573.9,1539.45,14725919.0,0.58%,47.402194162699246,0
2021-02-23,1529.15,1553.75,1557.7,1522.65,9119953.0,-1.22%,40.72719886248226,1
2021-02-24,1606.45,1526.5,1613.95,1516.25,7157166.0,5.06%,54.28481905060318,0
2021-02-25,1606.4,1609.75,1636.25,1602.0,10054785.0,0.00%,51.46325241104093,0
2021-02-26,1534.4,1587.05,1588.9,1521.0,13956423.0,-4.48%,40.29584988357761,1
2021-03-01,1558.9,1564.0,1572.55,1540.7,6768009.0,1.60%,43.08656482569529,1
2021-03-02,1568.2,1575.7,1587.5,1551.0,8055019.0,0.60%,48.12922822035069,1
2021-03-03,1586.85,1584.0,1596.0,1565.0,5611205.0,1.19%,51.9520732364028,0
2021-03-04,1552.05,1548.55,1571.0,1539.1,8145719.0,-2.19%,46.23045890065556,0
2021-03-05,1530.0,1531.0,1545.6,1521.1,8722911.0,-1.42%,38.72395833333334,0
2021-03-08,1519.5,1542.0,1555.0,1512.5,7558525.0,-0.69%,36.06450773832746,1
2021-03-09,1562.5,1545.0,1565.7,1538.25,7533348.0,2.83%,46.90162664601085,0
2021-03-10,1555.75,1572.0,1575.0,1552.15,5527508.0,-0.43%,50.200359264888775,0
2021-03-12,1551.95,1600.0,1600.0,1535.05,7815602.0,-0.24%,51.83335711228422,0
2021-03-15,1528.65,1548.4,1548.4,1515.3,6115242.0,-1.50%,47.34822529806771,0
2021-03-16,1512.15,1530.9,1540.4,1510.0,6861183.0,-1.08%,47.6551724137931,0
2021-03-17,1495.35,1524.25,1539.0,1490.2,10532214.0,-1.11%,31.60596026490063,0
2021-03-18,1491.0,1511.75,1522.05,1481.15,9032770.0,-0.29%,31.162259222983977,1
2021-03-19,1497.5,1485.0,1511.2,1474.05,10617510.0,0.44%,42.33803986710961,0
2021-03-22,1469.15,1494.9,1494.9,1460.4,7007816.0,-1.89%,31.657469854894714,1
2021-03-23,1500.15,1470.0,1507.45,1469.1,9880714.0,2.11%,37.22545522808334,0
2021-03-24,1478.8,1490.9,1506.45,1471.0,8184450.0,-1.42%,29.920089202750418,0
2021-03-25,1463.35,1490.2,1495.55,1450.25,11982178.0,-1.04%,32.238686423708444,1
2021-03-26,1491.3,1494.0,1499.0,1474.0,6010629.0,1.91%,42.42957746478873,1
2021-03-30,1553.7,1506.65,1562.55,1501.55,12804032.0,4.18%,55.5609756097561,0
2021-03-31,1493.65,1548.0,1548.0,1488.0,15387253.0,-3.86%,39.3930057002003,0
2021-04-01,1486.75,1499.4,1499.4,1465.0,17881881.0,-0.46%,39.3748075146289,0
2021-04-05,1449.6,1480.0,1485.0,1431.0,8003293.0,-2.50%,35.707303449238935,0
2021-04-06,1440.25,1460.0,1462.65,1432.65,7537867.0,-0.65%,37.15489683231618,1
2021-04-07,1447.2,1439.3,1456.7,1421.55,12544090.0,0.48%,40.29293080257062,0
2021-04-08,1432.8,1453.0,1460.9,1430.5,8806796.0,-1.00%,40.58407346078581,0
2021-04-09,1421.75,1426.0,1432.8,1415.1,14078908.0,-0.77%,39.78161428360633,0
2021-04-12,1367.05,1393.0,1399.0,1353.0,11274564.0,-3.85%,33.1481720707919,1
2021-04-13,1400.35,1368.0,1406.45,1361.0,9300341.0,2.44%,41.22448979591835,1
2021-04-15,1430.1,1405.0,1436.7,1391.0,17222492.0,2.12%,41.03646833013435,0
2021-04-16,1428.65,1434.95,1445.0,1423.5,7803263.0,-0.10%,43.23850613455577,0
2021-04-19,1412.4,1390.0,1417.7,1372.3,12034621.0,-1.14%,43.14543253060678,0
2021-04-20,1391.4,1425.0,1426.4,1383.95,11593135.0,-1.49%,36.30381135179602,1
2021-04-22,1422.5,1380.0,1426.8,1371.05,19242656.0,2.24%,30.323935212957394,0
2021-04-23,1414.15,1409.0,1434.6,1400.2,11356764.0,-0.59%,35.889243876464306,0
2021-04-26,1404.8,1413.0,1429.0,1402.75,15085476.0,-0.66%,35.579799401724415,1
2021-04-27,1438.7,1407.25,1442.0,1404.8,10296453.0,2.41%,48.059807760768976,1
2021-04-28,1476.8,1436.25,1479.0,1431.0,12051970.0,2.65%,55.9018246407234,0
2021-04-29,1472.5,1486.2,1503.65,1461.0,12039276.0,-0.29%,54.12052117263843,0
2021-04-30,1412.3,1445.0,1453.8,1407.5,17616451.0,-4.09%,47.09467120181406,1
2021-05-03,1414.45,1393.0,1421.9,1377.3,11236850.0,0.15%,48.93864495492877,0
2021-05-04,1388.35,1409.95,1423.0,1383.3,10743164.0,-1.85%,53.377735490009506,1
2021-05-05,1402.6,1401.0,1409.6,1381.7,7210806.0,1.03%,50.379746835443036,0
2021-05-06,1400.9,1407.6,1410.8,1395.0,5738522.0,-0.12%,44.556301267710694,1
2021-05-07,1414.75,1412.95,1424.95,1410.25,6024167.0,0.99%,47.523164647184586,1
2021-05-10,1419.85,1427.0,1430.0,1412.8,5530025.0,0.36%,51.38244572276857,0
2021-05-11,1403.55,1396.0,1424.2,1395.05,7259517.0,-1.15%,52.29461756373936,0
2021-05-12,1399.5,1399.75,1408.6,1388.85,6887463.0,-0.29%,45.16196886832141,0
2021-05-14,1386.85,1394.35,1398.9,1382.35,5302071.0,-0.90%,44.359504132231365,1
2021-05-17,1440.25,1395.15,1442.6,1381.3,7560346.0,3.85%,56.19646914875023,1
2021-05-18,1476.7,1458.95,1482.75,1455.0,11082640.0,2.53%,56.58350658350658,0
2021-05-19,1458.2,1470.2,1478.85,1452.55,5065458.0,-1.25%,46.54275092936805,0
2021-05-20,1432.8,1458.35,1465.9,1428.5,5342092.0,-1.74%,43.1575318855567,1
2021-05-21,1497.3,1443.0,1501.9,1443.0,9670823.0,4.50%,64.43614130434781,1
2021-05-24,1509.95,1503.25,1520.45,1498.5,11073051.0,0.84%,65.66087241718596,0
2021-05-25,1478.95,1510.5,1513.75,1470.5,9618487.0,-2.05%,64.62233699160751,0
2021-05-26,1477.05,1480.0,1487.0,1470.0,6141995.0,-0.13%,62.514708354345274,1
2021-05-27,1482.65,1473.1,1489.0,1462.45,10219748.0,0.38%,63.563962170233935,1
2021-05-28,1503.45,1490.9,1513.0,1478.75,8875010.0,1.40%,64.38533895556276,1
2021-05-31,1515.85,1500.0,1519.5,1487.5,7830527.0,0.82%,65.20912547528515,0
2021-06-01,1511.7,1520.3,1527.0,1507.25,5515081.0,-0.27%,67.82006920415225,0
2021-06-02,1504.0,1510.0,1510.2,1493.0,5312008.0,-0.51%,67.01400195376097,1
2021-06-03,1520.55,1508.0,1524.95,1487.75,5143630.0,1.10%,71.49517684887459,0
2021-06-04,1500.95,1516.0,1520.65,1499.2,4712238.0,-1.29%,60.94877344877345,0
2021-06-07,1499.85,1510.0,1514.0,1496.0,4045834.0,-0.07%,54.786024395286304,0
2021-06-08,1483.05,1496.55,1501.3,1481.5,4936270.0,-1.12%,55.17384967728501,0
2021-06-09,1480.3,1483.9,1502.0,1472.05,5111721.0,-0.19%,60.91954022988505,1
2021-06-10,1481.05,1482.1,1489.0,1473.65,5741770.0,0.05%,44.71544715447155,1
2021-06-11,1486.35,1491.0,1496.55,1481.05,3602987.0,0.36%,41.939890710382464,0
2021-06-14,1479.45,1478.25,1486.0,1462.55,4440982.0,-0.46%,50.204415372035974,1
2021-06-15,1490.25,1486.0,1496.0,1474.8,3784801.0,0.73%,55.03048780487808,0
2021-06-16,1484.6,1488.0,1494.0,1478.1,3851049.0,-0.38%,50.74285714285708,0
2021-06-17,1466.1,1466.0,1478.75,1460.0,4641901.0,-1.25%,35.5176424970918,1
2021-06-18,1479.8,1469.5,1490.0,1455.0,5969030.0,0.93%,36.16122840690978,1
2021-06-21,1488.7,1461.35,1491.8,1459.0,3630236.0,0.60%,41.48148148148148,0
2021-06-22,1483.8,1497.0,1508.0,1480.0,7183412.0,-0.33%,42.36006051437215,1
2021-06-23,1485.5,1490.0,1497.8,1478.6,3922434.0,0.11%,35.06604175543251,1
2021-06-24,1506.25,1490.0,1513.45,1488.0,7392512.0,1.40%,52.2362869198312,1
2021-06-25,1515.1,1511.1,1522.0,1507.0,5191588.0,0.59%,56.03960396039604,0
2021-06-28,1508.35,1520.0,1523.0,1505.0,4678393.0,-0.45%,60.886402753872616,0
2021-06-29,1502.05,1507.0,1508.2,1492.15,5485846.0,-0.42%,59.081419624217126,0
2021-06-30,1497.9,1498.0,1509.0,1494.1,4839511.0,-0.28%,56.841250507511226,0
2021-07-01,1486.75,1502.0,1502.0,1483.0,8455721.0,-0.74%,50.15503875968995,0
2021-07-02,1480.4,1485.0,1489.25,1477.0,7413518.0,-0.43%,50.36979369404439,1
2021-07-05,1495.45,1489.95,1504.5,1484.55,3686941.0,1.02%,51.95930670685758,1
2021-07-06,1534.7,1497.0,1540.0,1496.0,8834516.0,2.62%,65.06313890559235,1
2021-07-07,1539.5,1534.0,1545.35,1527.7,4814595.0,0.31%,74.04980340760162,0
2021-07-08,1520.45,1525.0,1537.7,1513.45,4210461.0,-1.24%,62.86799620132958,0
2021-07-09,1502.0,1512.55,1516.0,1497.5,5347921.0,-1.21%,53.97014925373133,0
2021-07-12,1487.0,1502.0,1502.0,1484.0,7229489.0,-1.00%,50.900900900900915,1
2021-07-13,1501.85,1496.1,1506.1,1484.1,9089071.0,1.00%,54.28571428571427,0
2021-07-14,1499.15,1497.5,1507.35,1491.1,4894247.0,-0.18%,47.94441227562249,1
2021-07-15,1520.7,1505.0,1526.75,1499.65,5219401.0,1.44%,51.510248112189906,1
2021-07-16,1522.35,1527.95,1529.95,1518.8,2585314.0,0.11%,53.8824181919024,0
2021-07-19,1471.0,1487.0,1488.85,1466.0,12555800.0,-3.37%,43.110716662968706,0
2021-07-20,1443.15,1442.0,1454.0,1436.15,12087125.0,-1.89%,39.008231278859625,1
2021-07-22,1448.7,1456.1,1468.5,1445.0,6603557.0,0.38%,42.185253645512404,0
2021-07-23,1442.75,1451.5,1457.45,1435.3,6563342.0,-0.41%,42.25468010697383,0
2021-07-26,1434.55,1430.0,1444.0,1428.1,6583583.0,-0.57%,37.10838272650291,1
2021-07-27,1439.75,1436.1,1449.9,1436.1,11200715.0,0.36%,26.514964135542826,0
2021-07-28,1417.3,1435.05,1438.7,1404.0,10335171.0,-1.56%,22.20200181983614,1
2021-07-29,1418.25,1428.25,1429.95,1413.3,6851115.0,0.07%,24.665344571145212,1
2021-07-30,1426.45,1419.0,1431.75,1407.95,5827744.0,0.58%,30.268999738835177,0
2021-08-02,1422.65,1435.0,1435.0,1416.25,6629393.0,-0.27%,32.149791955617175,1
2021-08-03,1434.7,1410.0,1439.9,1410.0,6016560.0,0.85%,31.079177233023387,1
2021-08-04,1465.3,1441.0,1474.5,1440.0,11026974.0,2.13%,41.75797419040658,1
2021-08-05,1484.85,1467.1,1507.05,1457.4,9411204.0,1.33%,41.18514875829845,1
2021-08-06,1492.65,1483.55,1500.0,1474.0,6669635.0,0.53%,42.911694510739906,1
2021-08-09,1503.9,1492.0,1507.35,1476.0,5499024.0,0.75%,59.71074380165292,1
2021-08-10,1507.65,1489.0,1519.75,1489.0,7419173.0,0.25%,72.19545767377836,0
2021-08-11,1494.95,1514.9,1518.85,1491.05,6292893.0,-0.84%,65.16890783863559,1
2021-08-12,1501.4,1497.0,1507.6,1489.3,4298837.0,0.43%,69.17293233082707,1
2021-08-13,1526.2,1501.2,1531.0,1501.0,8329214.0,1.65%,77.02742553818932,1
2021-08-16,1530.6,1526.15,1535.0,1521.45,3126389.0,0.29%,76.91851851851848,0
2021-08-17,1514.65,1517.2,1524.0,1505.3,4141333.0,-1.04%,80.00000000000009,0
2021-08-18,1513.0,1556.7,1565.35,1508.35,11492966.0,-0.11%,79.07333537895063,1
2021-08-20,1514.75,1486.05,1519.8,1486.05,6575203.0,0.12%,78.21086261980834,1
2021-08-23,1524.6,1529.85,1533.15,1508.65,5421527.0,0.65%,81.35958166717933,1
2021-08-24,1558.85,1530.0,1564.5,1527.45,9190657.0,2.25%,83.59945872801083,0
2021-08-25,1557.4,1552.1,1564.8,1548.0,3863987.0,-0.09%,79.59511568123403,0
2021-08-26,1554.8,1550.0,1571.0,1543.45,5559501.0,-0.17%,75.22538766678692,0
2021-08-27,1548.45,1552.0,1558.65,1545.25,3191069.0,-0.41%,70.33527696793007,1
2021-08-30,1568.25,1555.6,1570.0,1551.6,4524583.0,1.28%,72.07547169811325,1
2021-08-31,1581.4,1563.5,1583.35,1562.2,6031288.0,0.84%,73.76732194650344,0
2021-09-01,1579.1,1575.0,1598.0,1574.5,6211279.0,-0.15%,79.06735751295336,1
2021-09-02,1589.0,1574.1,1592.0,1571.25,4809262.0,0.63%,79.55465587044534,0
2021-09-03,1576.05,1586.1,1598.0,1568.3,5367667.0,-0.81%,68.28016134946826,0
2021-09-06,1565.7,1579.95,1580.95,1561.95,3938448.0,-0.66%,62.33309908643716,1
2021-09-07,1569.25,1562.5,1582.0,1555.2,3622748.0,0.23%,71.01616628175515,1
2021-09-08,1576.4,1571.95,1580.5,1565.6,3362040.0,0.46%,73.41211225997048,0
2021-09-09,1568.6,1574.0,1579.45,1561.0,4125474.0,-0.49%,69.034994697773,0
2021-09-13,1555.55,1562.0,1584.0,1553.65,4479582.0,-0.83%,60.69823712409262,0
2021-09-14,1548.55,1560.0,1564.5,1546.6,4879253.0,-0.45%,45.61328790459969,0
2021-09-15,1546.8,1535.0,1554.8,1535.0,7411499.0,-0.11%,45.4970263381478,1
2021-09-16,1559.95,1537.75,1564.3,1536.3,5130275.0,0.85%,52.007797270955194,1
2021-09-17,1582.15,1569.0,1589.0,1559.2,10249051.0,1.42%,61.69326856349755,0
2021-09-20,1559.85,1564.0,1581.7,1558.0,4390805.0,-1.41%,47.1350613915416,0
2021-09-21,1551.95,1562.0,1568.65,1528.95,7387498.0,-0.51%,39.582596391934935,0
2021-09-22,1533.7,1549.0,1550.15,1530.0,5291101.0,-1.18%,35.56897647806747,1
2021-09-23,1570.0,1542.0,1572.0,1542.0,6832152.0,2.37%,44.828524768644535,1
2021-09-24,1601.55,1579.0,1607.95,1575.0,10403351.0,2.01%,56.30252100840335,1
2021-09-27,1625.1,1615.7,1635.5,1608.0,8207731.0,1.47%,63.78190255220413,0
2021-09-28,1615.05,1632.0,1632.0,1582.0,6386895.0,-0.62%,60.31531531531529,0
2021-09-29,1593.85,1597.0,1606.6,1585.15,8131518.0,-1.31%,53.69625079432319,1
2021-09-30,1594.95,1586.0,1606.35,1583.1,7987674.0,0.07%,55.74449531284066,0
2021-10-01,1582.7,1583.0,1589.0,1565.25,5564298.0,-0.77%,55.939619339313076,1
2021-10-04,1585.75,1589.0,1601.35,1583.6,3525514.0,0.19%,58.28138913624221,1
2021-10-05,1595.45,1592.0,1597.5,1576.25,5128589.0,0.61%,60.46011610406366,1
2021-10-06,1614.9,1596.0,1626.85,1587.0,9300415.0,1.22%,61.50303537785221,0
2021-10-07,1610.5,1626.6,1627.7,1607.0,5632862.0,-0.27%,56.4125763401945,0
2021-10-08,1602.65,1612.0,1622.0,1600.15,3622781.0,-0.49%,60.358180058083306,1
2021-10-11,1633.8,1599.9,1645.0,1599.0,6540424.0,1.94%,67.80509027626712,0
2021-10-12,1629.6,1625.0,1641.55,1625.0,4088473.0,-0.26%,72.21964782205744,1
2021-10-13,1639.4,1637.0,1648.0,1630.0,3112822.0,0.60%,68.33069202324354,1
2021-10-14,1687.4,1638.0,1690.0,1638.0,7378644.0,2.93%,70.86269744835967,0
2021-10-18,1670.3,1705.0,1725.0,1667.05,14428228.0,-1.01%,61.33968891118916,1
2021-10-19,1688.7,1675.45,1692.45,1671.0,4493770.0,1.10%,67.73416807127376,0
2021-10-20,1673.85,1689.1,1698.75,1664.45,5454284.0,-0.88%,69.87083954297063,1
2021-10-21,1676.3,1671.8,1681.95,1660.85,4869095.0,0.15%,70.07155193683684,1
2021-10-22,1680.75,1680.1,1708.0,1670.75,6087777.0,0.27%,75.16037977931734,0
2021-10-25,1657.0,1690.0,1690.0,1613.8,8213383.0,-1.41%,66.52748782185103,0
2021-10-26,1652.75,1650.0,1673.85,1646.35,6045328.0,-0.26%,63.63636363636359,0
2021-10-27,1642.8,1652.75,1665.05,1637.3,6624821.0,-0.60%,56.95413758723824,0
2021-10-28,1593.6,1650.0,1650.0,1587.15,8898875.0,-2.99%,46.55664221678891,0
2021-10-29,1582.85,1590.0,1602.0,1560.0,6203437.0,-0.67%,46.012887635924265,1
2021-11-01,1605.3,1585.0,1611.0,1583.55,4061160.0,1.42%,44.052587646076816,1
2021-11-02,1606.75,1606.0,1622.0,1600.05,6618861.0,0.09%,45.176271902047745,0
2021-11-03,1581.45,1605.1,1609.9,1575.55,5103669.0,-1.57%,38.517931444422445,1
2021-11-04,1593.95,1595.0,1597.85,1590.1,548404.0,0.79%,28.452847590500397,1
2021-11-08,1600.25,1592.1,1604.7,1570.45,9471790.0,0.40%,33.00169861684063,0
2021-11-09,1572.25,1594.6,1594.6,1569.05,6347738.0,-1.75%,23.000231857176004,0
2021-11-10,1555.25,1568.0,1569.0,1550.0,6857063.0,-1.08%,22.773186409550092,0
2021-11-11,1548.3,1550.05,1554.9,1535.6,3999702.0,-0.45%,21.210076473234395,1
2021-11-12,1553.0,1550.0,1559.05,1545.05,7457046.0,0.30%,21.298584587733117,1
2021-11-15,1557.25,1562.1,1571.85,1554.4,4766797.0,0.27%,25.43708446195521,0
2021-11-16,1548.0,1555.0,1557.2,1541.6,4122703.0,-0.59%,24.82576303773135,0
2021-11-17,1530.8,1536.9,1544.0,1528.5,3799439.0,-1.11%,23.989781699953568,1
2021-11-18,1539.4,1526.05,1543.5,1525.25,4576437.0,0.56%,34.48769318832291,0
2021-11-22,1515.35,1546.0,1552.7,1499.05,7630636.0,-1.56%,32.047872340425585,1
2021-11-23,1515.55,1502.0,1527.8,1496.35,5617607.0,0.01%,22.926093514328883,1
2021-11-24,1518.05,1524.0,1536.35,1514.05,15401143.0,0.16%,23.411270983213484,1
2021-11-25,1525.95,1514.8,1533.3,1507.0,5125826.0,0.52%,31.425702811245046,0
2021-11-26,1489.9,1500.0,1506.7,1485.0,9312468.0,-2.36%,19.919051749060515,1
2021-11-29,1501.25,1494.8,1507.65,1462.0,6495498.0,0.76%,22.19101123595513,0
2021-11-30,1493.55,1495.0,1529.0,1486.55,12610771.0,-0.51%,25.047558655675402,1
2021-12-01,1504.65,1495.0,1507.05,1489.1,4338817.0,0.74%,33.33333333333343,1
2021-12-02,1525.75,1504.5,1528.8,1500.0,5601555.0,1.40%,43.205784874962376,0
2021-12-03,1513.55,1525.8,1535.95,1507.05,4062347.0,-0.80%,38.6278466416835,0
2021-12-06,1503.8,1513.0,1518.8,1497.35,3514766.0,-0.64%,35.06566079910593,1
2021-12-07,1525.7,1513.95,1532.0,1509.9,6213767.0,1.46%,44.18058455114825,1
2021-12-08,1553.8,1536.0,1555.05,1534.0,7647767.0,1.84%,55.679012345679006,0
2021-12-09,1526.85,1545.2,1554.7,1522.0,5873872.0,-1.73%,47.15870500339593,0
2021-12-10,1522.55,1524.9,1528.0,1508.45,3889692.0,-0.28%,51.79015415216311,0
2021-12-13,1511.15,1526.0,1537.65,1507.2,5161071.0,-0.75%,48.96373056994822,0
2021-12-14,1502.45,1502.5,1516.0,1497.05,4595550.0,-0.58%,46.430205949656774,0
2021-12-15,1500.0,1503.0,1523.35,1495.65,5057574.0,-0.16%,43.90988030978642,1
2021-12-16,1500.1,1512.8,1517.0,1494.0,6605216.0,0.01%,52.87972896668544,0
2021-12-17,1473.05,1497.0,1506.0,1467.7,7497384.0,-1.80%,42.68672199170123,0
2021-12-20,1425.65,1452.0,1458.0,1414.1,10578334.0,-3.22%,35.39784946236561,1
2021-12-21,1441.8,1439.5,1450.75,1430.0,4559375.0,1.13%,36.77120606188165,1
2021-12-22,1445.2,1452.3,1456.0,1435.7,4288742.0,0.24%,31.680691380486678,0
2021-12-23,1444.1,1453.25,1457.8,1436.85,4889583.0,-0.08%,33.365269461077816,0
2021-12-24,1438.9,1445.5,1452.0,1428.0,2780512.0,-0.36%,34.108716944172386,1
2021-12-27,1450.8,1428.9,1454.0,1422.15,2352549.0,0.83%,30.715756951596205,1
2021-12-28,1460.8,1460.7,1466.9,1453.4,2725339.0,0.69%,23.594548551959022,0
2021-12-29,1453.85,1456.05,1461.0,1447.4,3834351.0,-0.48%,26.61755285073663,1
2021-12-30,1461.5,1458.5,1466.85,1445.0,3607959.0,0.53%,30.856067732831576,1
2021-12-31,1479.4,1461.5,1484.8,1461.5,3162868.0,1.22%,40.43386562217535,1
2022-01-03,1519.65,1485.0,1523.0,1480.5,4534592.0,2.72%,54.35443037974685,1
2022-01-04,1528.55,1520.0,1532.9,1507.8,4428676.0,0.59%,56.999264525619026,1
2022-01-05,1564.85,1536.8,1572.0,1528.1,7166319.0,2.37%,63.481157609827214,0
2022-01-06,1539.75,1543.0,1554.75,1530.05,4814465.0,-1.60%,64.00083963056258,1
2022-01-07,1550.55,1544.0,1566.75,1535.9,5589692.0,0.70%,80.97718253968256,1
2022-01-10,1559.15,1558.0,1572.0,1545.5,4428248.0,0.55%,80.23705230610672,1
2022-01-11,1565.9,1561.55,1568.7,1547.8,4194599.0,0.43%,80.57244174265455,0
2022-01-12,1556.65,1568.0,1576.65,1552.0,10542765.0,-0.59%,77.37776696667486,0
2022-01-13,1528.0,1555.0,1555.0,1520.4,20981948.0,-1.84%,69.4541484716157,1
2022-01-14,1545.15,1530.0,1548.7,1519.0,5604484.0,1.12%,70.13874066168624,0
2022-01-17,1521.5,1530.0,1556.0,1519.15,11494686.0,-1.53%,62.242839854780144,1
2022-01-18,1529.25,1533.0,1550.9,1523.0,6170576.0,0.51%,65.1588258946522,0
2022-01-19,1518.45,1534.0,1539.75,1513.35,7158813.0,-0.71%,61.306333134802465,0
2022-01-20,1509.0,1528.45,1528.5,1500.1,7598923.0,-0.62%,56.080525883319616,1
2022-01-21,1521.6,1500.0,1529.8,1485.6,5768847.0,0.83%,50.45191193511004,0
2022-01-24,1486.65,1509.95,1521.25,1467.55,5934254.0,-2.30%,41.33581472291153,1
2022-01-25,1488.05,1458.65,1495.0,1444.0,6797124.0,0.09%,31.44030932817786,0
2022-01-27,1474.95,1450.0,1485.0,1435.0,14308919.0,-0.88%,33.37609030271935,0
2022-01-28,1463.25,1477.5,1486.7,1460.0,12462604.0,-0.79%,27.706843718079682,1
2022-01-31,1485.7,1472.75,1491.55,1466.8,6421273.0,1.53%,32.48270927736702,1
2022-02-01,1497.0,1508.5,1517.0,1473.45,7369742.0,0.76%,33.91690009337064,1
2022-02-02,1531.2,1511.95,1535.0,1505.6,6984645.0,2.28%,44.67907171231444,0
2022-02-03,1515.35,1528.75,1539.95,1509.0,5282381.0,-1.04%,47.205654959134066,1
2022-02-04,1524.0,1528.4,1532.85,1514.1,5789979.0,0.57%,45.14574248336008,0
2022-02-07,1468.15,1512.1,1519.0,1460.0,6134021.0,-3.66%,39.332133573285354,0
2022-02-08,1461.85,1476.4,1478.45,1444.55,6990565.0,-0.43%,36.44408688656474,1
2022-02-09,1497.6,1474.0,1499.7,1467.0,5654171.0,2.45%,46.1889965271431,1
2022-02-10,1525.1,1514.0,1535.5,1501.65,7157265.0,1.84%,52.76063100137173,0
2022-02-11,1518.85,1500.25,1525.0,1499.5,5355552.0,-0.41%,49.5179666958808,0
2022-02-14,1473.7,1490.0,1499.45,1469.3,7328310.0,-2.97%,47.80842782196648,1
2022-02-15,1517.8,1476.0,1524.9,1473.05,6567533.0,2.99%,54.398935383705464,0
2022-02-16,1515.75,1534.35,1534.75,1507.0,5016132.0,-0.14%,56.23662488535615,0
2022-02-17,1506.5,1513.1,1522.0,1502.0,3675604.0,-0.61%,56.66101955952564,1
2022-02-18,1512.35,1498.3,1517.0,1490.45,3898064.0,0.39%,54.32559649407561,1
2022-02-21,1522.1,1504.0,1530.7,1495.55,3734033.0,0.64%,54.09461663947796,0
2022-02-22,1510.7,1489.8,1522.1,1487.95,4768098.0,-0.75%,46.38702855128656,0
2022-02-23,1500.9,1525.1,1525.7,1495.65,4514781.0,-0.65%,47.397802989375144,0
2022-02-24,1419.4,1449.9,1474.95,1407.15,11815383.0,-5.43%,35.07845934379458,1
2022-02-25,1456.1,1439.95,1465.9,1432.85,9159327.0,2.59%,48.181681001961636,0
2022-02-28,1426.25,1426.0,1438.55,1414.05,12440416.0,-2.05%,44.984502676810365,0
2022-03-02,1374.25,1386.5,1398.4,1354.4,19252780.0,-3.65%,33.38272935470832,0
2022-03-03,1371.0,1381.0,1392.0,1362.9,8763961.0,-0.24%,27.788988181031954,0
2022-03-04,1366.5,1360.0,1386.0,1336.9,10609682.0,-0.33%,27.92988555700417,0
2022-03-07,1324.8,1318.5,1332.35,1297.05,13527229.0,-3.05%,28.211881767632377,1
2022-03-08,1327.8,1302.2,1334.0,1292.0,19606246.0,0.23%,18.39654025282762,1
2022-03-09,1371.15,1330.0,1374.7,1318.85,11567347.0,3.26%,28.85346592570926,1
2022-03-10,1392.7,1427.0,1427.0,1380.25,11136603.0,1.57%,33.93562958780349,1
2022-03-11,1396.8,1388.0,1408.95,1372.7,7575390.0,0.29%,33.60760391544899,1
2022-03-14,1442.55,1415.0,1450.0,1415.0,12509063.0,3.28%,39.76058694812717,0
2022-03-15,1424.0,1443.5,1449.5,1411.75,9433964.0,-1.29%,39.04196157735085,1
2022-03-16,1448.15,1447.0,1455.0,1436.2,6682054.0,1.70%,43.566288571777044,1
2022-03-17,1480.05,1472.0,1489.8,1470.55,7411977.0,2.20%,58.41542944359649,1
2022-03-21,1486.5,1487.0,1493.65,1472.8,6128938.0,0.44%,54.604665252953666,1
2022-03-22,1494.15,1481.3,1498.0,1457.2,5230907.0,0.51%,61.026307242611246,0
2022-03-23,1479.25,1507.0,1518.8,1473.6,15594128.0,-1.00%,69.38700147710486,0
2022-03-24,1442.65,1466.0,1469.65,1434.55,10080022.0,-2.47%,61.77872760151242,0
2022-03-25,1430.9,1451.0,1452.0,1419.0,8183231.0,-0.81%,60.34039820166989,1
2022-03-28,1432.8,1430.9,1438.0,1401.6,7877443.0,0.13%,69.88217967599411,1
2022-03-29,1451.8,1441.0,1460.25,1430.0,6188724.0,1.33%,71.55771905424201,1
2022-03-30,1476.95,1472.0,1482.75,1454.05,10054871.0,1.73%,69.6362286562732,0
2022-03-31,1470.35,1471.0,1484.7,1465.9,7147857.0,-0.45%,65.2584004716054,1
2022-04-01,1506.0,1476.4,1510.0,1470.3,7284278.0,2.42%,69.09090909090908,1
2022-04-04,1656.8,1580.0,1722.1,1562.55,48725485.0,10.01%,77.39419511571408,0
2022-04-05,1608.25,1666.7,1666.7,1602.0,15461291.0,-2.93%,71.87982424890154,0
2022-04-06,1550.85,1587.7,1589.8,1547.35,13513930.0,-3.57%,61.30310367598501,0
2022-04-07,1516.75,1541.3,1541.35,1513.7,20390866.0,-2.20%,54.01971522453451,0
2022-04-08,1514.65,1512.1,1525.75,1497.3,20628161.0,-0.14%,53.11290500939954,0
2022-04-11,1496.15,1506.0,1510.0,1493.25,10399533.0,-1.22%,50.21598272138228,0
2022-04-12,1493.5,1484.0,1506.85,1480.15,13717701.0,-0.18%,51.58069883527454,0
2022-04-13,1464.95,1490.0,1502.3,1462.65,14446260.0,-1.91%,52.518635644906254,0
2022-04-18,1395.45,1418.85,1431.65,1390.05,22810188.0,-4.74%,46.458187631131985,0
2022-04-19,1342.2,1380.9,1389.55,1327.0,37048011.0,-3.82%,41.79050380572673,1
2022-04-20,1354.3,1354.45,1359.9,1335.35,24662868.0,0.90%,41.05340429436594,1
2022-04-21,1374.35,1365.0,1379.8,1353.3,26223135.0,1.48%,40.49648017784363,0
2022-04-22,1355.6,1360.0,1375.35,1349.15,10329574.0,-1.36%,39.605036688105805,1
2022-04-25,1365.75,1350.0,1370.65,1322.25,10467744.0,0.75%,36.67964669009402,1
2022-04-26,1372.05,1372.0,1381.95,1357.15,8508421.0,0.46%,12.724178557402794,1
2022-04-27,1372.55,1360.0,1379.0,1356.1,9027167.0,0.04%,14.705001497454305,0
2022-04-28,1371.35,1372.0,1379.0,1362.1,10386861.0,-0.09%,17.680950666186504,1
2022-04-29,1384.6,1380.35,1404.75,1371.55,14200738.0,0.97%,24.274868600350374,1
2022-05-02,1403.7,1362.05,1406.45,1362.05,9747158.0,1.38%,29.742559795508498,0
2022-05-04,1356.0,1400.0,1403.6,1350.0,14527958.0,-3.40%,26.876753011054276,0
2022-05-05,1352.95,1375.0,1375.0,1346.5,8931456.0,-0.22%,26.841324765200213,0
2022-05-06,1317.6,1330.0,1335.0,1313.0,13365634.0,-2.61%,26.253021756647854,1
2022-05-09,1319.85,1300.0,1326.5,1295.5,16381217.0,0.17%,34.44444444444443,1
2022-05-10,1341.05,1315.05,1353.0,1315.05,10056906.0,1.61%,49.727423560085306,1
2022-05-11,1348.6,1353.0,1355.0,1328.65,8551462.0,0.56%,48.61918604651162,0
2022-05-12,1303.05,1321.1,1326.8,1293.0,11191145.0,-3.38%,34.62699439413542,0
2022-05-13,1291.35,1310.05,1318.0,1287.0,8384119.0,-0.90%,35.71269735379144,1
2022-05-16,1305.1,1299.0,1312.0,1285.3,4902178.0,1.06%,36.72576056029766,1
2022-05-17,1314.0,1312.6,1317.0,1298.2,8320722.0,0.68%,37.437784029430894,0
2022-05-18,1313.9,1324.05,1333.3,1310.0,7866192.0,-0.01%,37.28593106438331,0
2022-05-19,1287.05,1286.2,1296.4,1278.3,10268753.0,-2.04%,33.55442840421384,1
2022-05-20,1320.95,1303.0,1324.2,1292.35,6959675.0,2.63%,38.50875609315766,0
2022-05-23,1304.0,1314.0,1329.95,1299.1,9743160.0,-1.28%,31.8595342066958,1
2022-05-24,1318.95,1300.0,1325.0,1296.9,6435398.0,1.15%,42.34662259863667,1
2022-05-25,1328.8,1330.0,1335.95,1323.2,6443556.0,0.75%,45.147679324894504,1
2022-05-26,1366.7,1342.15,1371.0,1340.0,13496214.0,2.85%,59.76531424025459,1
2022-05-27,1392.05,1371.8,1394.7,1370.75,12015859.0,1.85%,63.1511839708561,1
2022-05-30,1401.55,1410.25,1420.5,1398.45,6312337.0,0.68%,61.51065449010653,0
2022-05-31,1388.95,1395.9,1404.8,1380.0,6742694.0,-0.90%,57.53220085868958,1
2022-06-01,1394.85,1380.0,1400.45,1379.15,6045948.0,0.42%,70.11393514460997,0
2022-06-02,1385.1,1387.25,1388.0,1378.6,5737510.0,-0.70%,70.7182320441989,0
2022-06-03,1380.3,1398.3,1400.75,1376.3,3478622.0,-0.35%,67.30326737229638,0
2022-06-06,1378.45,1376.3,1387.0,1360.65,3086633.0,-0.13%,65.32699167657553,0
2022-06-07,1362.6,1362.0,1374.3,1354.1,5126983.0,-1.15%,60.774336283185804,1
2022-06-08,1367.4,1373.3,1381.0,1357.0,2993294.0,0.35%,69.69845550379998,1
2022-06-09,1377.7,1362.25,1382.05,1357.15,3655908.0,0.75%,65.733296368173,0
2022-06-10,1351.1,1360.1,1367.95,1343.6,4577715.0,-1.93%,62.39473684210523,0
2022-06-13,1326.6,1323.6,1330.0,1308.3,5446286.0,-1.81%,51.916812828864906,0
2022-06-14,1312.0,1311.25,1326.0,1305.0,5935178.0,-1.10%,45.888399412628495,0
2022-06-15,1307.45,1301.65,1315.8,1298.4,5905235.0,-0.35%,32.670371453641394,0
2022-06-16,1281.3,1310.0,1320.55,1278.0,6084596.0,-2.00%,17.758369723435223,1
2022-06-17,1289.75,1275.0,1299.0,1271.6,7361961.0,0.66%,17.252489748096096,1
2022-06-20,1322.15,1304.7,1325.0,1294.15,7968420.0,2.51%,32.467191601049905,1
2022-06-21,1336.55,1336.9,1354.0,1324.05,6610342.0,1.09%,35.35175879396988,0
2022-06-22,1330.25,1332.25,1336.95,1323.2,4079849.0,-0.47%,35.97545384812072,1
2022-06-23,1335.15,1330.5,1348.0,1318.5,7686122.0,0.37%,38.46153846153851,1
2022-06-24,1353.8,1338.55,1361.65,1338.55,4006716.0,1.40%,44.19863497293479,1
2022-06-27,1356.25,1370.0,1376.0,1352.0,4902082.0,0.18%,48.40492338608392,0
2022-06-28,1345.9,1344.0,1351.0,1338.4,4885287.0,-0.76%,44.74584555229716,0
2022-06-29,1343.95,1331.25,1350.75,1331.25,4997023.0,-0.14%,41.40127388535033,1
2022-06-30,1348.0,1336.0,1354.0,1336.0,6237911.0,0.30%,49.107656879677634,1
2022-07-01,1353.75,1343.95,1360.0,1330.05,5736226.0,0.43%,58.760890609874195,1
2022-07-04,1355.65,1353.7,1360.2,1342.25,4243740.0,0.14%,65.34270650263623,0
2022-07-05,1352.6,1364.0,1379.35,1348.3,7162859.0,-0.22%,66.0390763765541,1
2022-07-06,1371.25,1348.0,1373.4,1347.1,7524539.0,1.38%,83.75234521575982,1
2022-07-07,1395.8,1380.0,1398.0,1374.45,8871571.0,1.79%,85.50385001673916,1
2022-07-08,1397.1,1410.0,1410.0,1394.75,6237015.0,0.09%,81.69133192388999,1
2022-07-11,1406.15,1394.0,1409.9,1393.25,3731440.0,0.65%,80.82373782108058,0
2022-07-12,1391.8,1405.25,1405.25,1389.4,4938487.0,-1.02%,75.4443985117816,0
2022-07-13,1357.85,1390.0,1394.2,1354.25,7972805.0,-2.44%,57.56666666666658,0
2022-07-14,1351.05,1362.0,1372.65,1349.25,5186205.0,-0.50%,49.00470503076367,1
2022-07-15,1362.05,1353.0,1364.9,1346.8,6797823.0,0.81%,51.97682344921607,0
2022-07-18,1347.55,1348.0,1366.1,1342.05,10166110.0,-1.06%,50.54690089492868,1
2022-07-19,1348.05,1337.0,1358.55,1337.0,7896269.0,0.04%,51.372155287817904,1
2022-07-20,1365.05,1359.9,1371.1,1355.25,10173931.0,1.26%,55.25100092392975,0
2022-07-21,1360.75,1360.55,1369.5,1358.1,6320139.0,-0.32%,52.1752641392169,1
2022-07-22,1392.5,1366.0,1397.0,1362.4,6364796.0,2.33%,59.65923984272603,1
2022-07-25,1396.6,1395.0,1404.6,1383.3,5071563.0,0.29%,61.47028154327423,0
2022-07-26,1393.75,1396.0,1402.0,1386.3,4263982.0,-0.20%,56.39204545454546,1
2022-07-27,1404.4,1388.9,1406.0,1384.25,4606389.0,0.76%,52.65268352868604,1
2022-07-28,1416.85,1415.05,1424.0,1411.0,8710203.0,0.89%,55.6998556998557,1
2022-07-29,1434.2,1438.0,1438.6,1415.3,10009868.0,1.22%,57.72514458826769,1
2022-08-01,1446.15,1439.0,1448.45,1430.05,6596518.0,0.83%,65.16885291655043,0
2022-08-02,1430.25,1442.0,1444.6,1423.05,7518255.0,-1.10%,72.47051520794541,1
2022-08-03,1433.6,1424.95,1435.75,1417.0,5487749.0,0.23%,76.18141452584841,0
2022-08-04,1431.9,1440.0,1446.7,1412.95,6006103.0,-0.12%,73.54229861813289,0
2022-08-05,1427.05,1433.0,1436.95,1421.15,4634491.0,-0.34%,78.65897620764244,1
2022-08-08,1462.05,1428.0,1464.5,1427.1,7678868.0,2.45%,82.90993071593537,1
2022-08-10,1466.3,1461.35,1471.5,1449.05,8676551.0,0.29%,81.55188532253042,1
2022-08-11,1485.7,1486.5,1491.0,1474.55,9150883.0,1.32%,85.58815152378241,0
2022-08-12,1485.15,1485.0,1489.3,1475.95,4425185.0,-0.04%,82.09213716660899,1
2022-08-16,1502.15,1494.8,1508.5,1488.05,6281878.0,1.14%,83.56120826709068,1
2022-08-17,1509.9,1500.0,1512.75,1485.75,6192175.0,0.52%,85.81560283687944,1
2022-08-18,1511.7,1500.0,1513.9,1499.65,4171069.0,0.12%,84.99673842139595,0
2022-08-19,1493.05,1510.0,1512.0,1490.0,4031851.0,-1.23%,73.88714733542318,0
2022-08-22,1470.35,1484.8,1488.35,1467.7,4117033.0,-1.52%,60.96451319381251,0
2022-08-23,1465.8,1453.3,1475.95,1450.4,7483442.0,-0.31%,56.24007621467128,1
2022-08-24,1472.85,1461.9,1475.5,1459.2,6727760.0,0.48%,64.33378196500671,0
2022-08-25,1464.85,1479.9,1486.8,1457.0,5911520.0,-0.54%,60.1957585644372,1
2022-08-26,1465.1,1472.05,1481.8,1461.2,3853088.0,0.02%,60.935441370223906,0
2022-08-29,1439.4,1437.0,1446.0,1428.6,4326589.0,-1.75%,53.576600057920686,1
2022-08-30,1486.1,1446.45,1489.95,1443.1,5067700.0,3.24%,56.522918361811776,0
2022-09-01,1472.15,1464.75,1489.45,1459.0,11201568.0,-0.94%,51.50734346817835,1
2022-09-02,1485.5,1472.15,1490.5,1465.2,6019043.0,0.91%,49.94680851063829,1
2022-09-05,1495.05,1486.1,1499.0,1484.1,6065966.0,0.64%,52.512690355329916,0
2022-09-06,1489.35,1498.9,1506.65,1486.45,6119348.0,-0.38%,46.55358104469568,0
2022-09-07,1482.3,1471.3,1490.0,1471.3,4888103.0,-0.47%,42.54054054054048,1
2022-09-08,1497.6,1490.1,1500.0,1482.15,5582345.0,1.03%,46.448362720402976,1
2022-09-09,1498.6,1496.2,1509.0,1494.05,7564444.0,0.07%,51.534420790710534,0
2022-09-12,1493.55,1500.0,1504.0,1490.0,5540246.0,-0.34%,57.10784313725496,1
2022-09-13,1513.1,1498.9,1515.9,1498.55,6500983.0,1.31%,63.27160493827166,1
2022-09-14,1528.65,1494.05,1538.9,1492.35,10109880.0,1.03%,64.94376004284959,0
2022-09-15,1520.7,1530.0,1540.95,1512.0,6769686.0,-0.52%,64.96115724618278,0
2022-09-16,1492.75,1503.1,1514.7,1483.0,10280023.0,-1.84%,56.44973174714256,1
2022-09-19,1502.6,1489.0,1514.0,1480.0,6038019.0,0.66%,65.91939546599495,1
2022-09-20,1520.7,1514.0,1524.0,1509.9,5390834.0,1.20%,60.18246027074755,0
2022-09-21,1518.35,1508.0,1521.5,1505.0,4536152.0,-0.15%,64.59254579911553,0
2022-09-22,1486.0,1502.0,1510.15,1482.75,6024072.0,-2.13%,50.141003948110544,0
2022-09-23,1446.15,1472.35,1475.0,1437.0,7903126.0,-2.68%,38.22254335260119,0
2022-09-26,1426.65,1425.35,1436.45,1418.0,4461743.0,-1.35%,35.840108401084066,0
2022-09-27,1413.85,1432.4,1440.0,1407.0,6319850.0,-0.90%,34.93286374642308,0
2022-09-28,1389.55,1406.0,1410.6,1385.9,5908066.0,-1.72%,27.12259157315269,0
2022-09-29,1382.35,1396.3,1402.2,1378.8,7205194.0,-0.52%,26.01609242830621,1
2022-09-30,1421.35,1378.8,1431.45,1365.0,7890878.0,2.82%,36.934491494752095,0
2022-10-03,1413.2,1409.95,1417.85,1401.1,5770556.0,-0.57%,31.143827859569697,1
2022-10-04,1453.0,1429.5,1458.0,1426.15,5769263.0,2.82%,36.918554383537945,0
2022-10-06,1437.0,1459.95,1462.6,1434.2,6274599.0,-1.10%,35.918573351278596,0
2022-10-07,1430.8,1430.25,1434.95,1420.35,6648997.0,-0.43%,38.754764930114355,0
2022-10-10,1415.0,1408.0,1426.0,1398.2,6554651.0,-1.10%,34.4349680170576,0
2022-10-11,1400.65,1401.1,1417.0,1399.45,7260810.0,-1.01%,28.3810552854313,1
2022-10-12,1409.8,1403.2,1414.85,1397.3,4612525.0,0.65%,30.919317982070652,0
2022-10-13,1393.6,1402.05,1406.25,1384.0,7357117.0,-1.15%,32.78046962355569,1
2022-10-14,1439.0,1417.0,1447.0,1415.25,6424960.0,3.26%,48.694540807011116,1
2022-10-17,1446.55,1435.0,1457.6,1427.0,9205250.0,0.52%,53.79915998472696,0
2022-10-18,1443.85,1458.05,1462.9,1440.0,5280554.0,-0.19%,55.95710881652105,1
2022-10-19,1458.65,1464.0,1477.4,1453.4,6483520.0,1.03%,64.25918283120103,0
2022-10-20,1448.8,1444.0,1452.9,1442.5,3949039.0,-0.68%,63.563992651561556,0
2022-10-21,1438.6,1452.0,1457.65,1434.0,5246303.0,-0.70%,53.99028452463567,1
2022-10-24,1461.05,1454.3,1463.0,1454.3,1083897.0,1.56%,60.38186157517896,0
2022-10-25,1450.9,1461.1,1467.8,1445.0,6886697.0,-0.69%,49.47709163346616,1
2022-10-27,1454.4,1464.5,1467.35,1451.25,7968638.0,0.24%,54.62028677642062,1
2022-10-28,1458.7,1450.0,1467.0,1447.4,5237139.0,0.30%,57.483905579399156,1
2022-10-31,1496.7,1472.0,1498.0,1467.25,6415264.0,2.61%,69.5829338446788,1
2022-11-01,1513.25,1503.5,1529.0,1498.9,9536878.0,1.11%,76.70777988614796,1
2022-11-02,1514.2,1517.0,1528.25,1511.6,6360203.0,0.06%,75.76505429417568,0
2022-11-03,1507.55,1497.7,1520.25,1497.0,5166176.0,-0.44%,79.51307951307946,0
2022-11-04,1497.15,1503.2,1516.1,1489.6,5409030.0,-0.69%,68.39607719076243,1
2022-11-07,1508.8,1510.0,1512.0,1492.1,4917917.0,0.78%,69.19518963922293,0
2022-11-09,1508.35,1515.05,1517.95,1504.0,4634895.0,-0.03%,70.16885553470918,1
2022-11-10,1524.75,1497.1,1527.0,1495.05,6387091.0,1.09%,70.46439628482969,1
2022-11-11,1611.15,1545.0,1637.0,1538.0,28361169.0,5.67%,84.09997899600927,1
2022-11-14,1615.05,1612.0,1628.0,1598.0,9597695.0,0.24%,88.06903991370015,1
2022-11-15,1619.0,1623.15,1623.15,1605.25,5515101.0,0.24%,87.03399765533416,1
2022-11-16,1632.9,1618.65,1642.0,1612.0,6789075.0,0.86%,91.93548387096774,0
2022-11-17,1618.15,1618.1,1631.55,1613.9,6050465.0,-0.90%,85.87075575027382,0
2022-11-18,1613.9,1621.0,1623.0,1605.25,5229616.0,-0.26%,84.00525854513585,0
2022-11-21,1597.35,1607.65,1612.0,1590.2,4172408.0,-1.03%,74.34099153567104,0
2022-11-22,1595.0,1600.0,1604.35,1591.0,4273157.0,-0.15%,71.22825240197349,1
2022-11-23,1599.15,1605.0,1605.0,1594.0,5092869.0,0.26%,71.698595146871,1
2022-11-24,1625.15,1605.95,1632.0,1599.15,8598980.0,1.63%,77.33612273361229,0
2022-11-25,1617.65,1629.7,1631.7,1614.1,4205248.0,-0.46%,78.39302544769082,0
2022-11-28,1600.25,1602.9,1607.45,1594.05,8052990.0,-1.08%,70.97958247304425,0
2022-11-29,1597.85,1597.25,1612.35,1592.85,6319118.0,-0.15%,70.35015916325598,1
2022-11-30,1608.45,1597.1,1612.9,1597.1,7592403.0,0.66%,69.5469406819243,1
2022-12-01,1619.5,1622.0,1637.0,1615.0,10223183.0,0.69%,53.00900900900896,0
2022-12-02,1607.1,1610.0,1618.6,1605.15,3905539.0,-0.77%,47.30050933786078,1
2022-12-05,1612.95,1609.95,1614.6,1596.2,5796311.0,0.36%,47.97184042909825,0
2022-12-06,1611.15,1601.0,1613.7,1600.0,6176546.0,-0.11%,42.06493980299165,0
2022-12-07,1610.45,1614.15,1618.6,1604.45,5837360.0,-0.04%,46.869918699187,1
2022-12-08,1619.5,1610.0,1626.0,1605.0,7401817.0,0.56%,52.19092331768384,1
2022-12-09,1631.05,1626.0,1634.85,1620.0,5981692.0,0.71%,63.72149837133548,1
2022-12-12,1643.75,1625.0,1653.6,1621.4,7217404.0,0.78%,68.30642132932775,1
2022-12-13,1648.3,1650.0,1657.0,1645.0,8515851.0,0.28%,68.40134780980895,1
2022-12-14,1662.25,1653.0,1665.5,1650.0,7113820.0,0.85%,65.26748971193406,0
2022-12-15,1631.8,1657.05,1669.4,1627.05,9091324.0,-1.83%,54.89788854274829,1
2022-12-16,1639.65,1620.05,1645.1,1609.0,7323979.0,0.48%,64.6034099332839,1
2022-12-19,1644.75,1644.0,1646.65,1626.2,4802271.0,0.31%,67.04215116279069,0
2022-12-20,1633.4,1620.2,1636.4,1620.2,3587349.0,-0.69%,59.016985905312616,0
2022-12-21,1617.6,1641.0,1644.8,1606.55,4634599.0,-0.97%,49.336128581411565,0
2022-12-22,1612.05,1622.2,1627.5,1609.0,4873548.0,-0.34%,51.8165137614679,0
2022-12-23,1597.65,1587.0,1604.15,1585.45,5346576.0,-0.89%,44.7168508287293,1
2022-12-26,1629.45,1599.5,1639.0,1590.0,4953661.0,1.99%,55.2345537757437,1
2022-12-27,1631.1,1633.0,1635.95,1613.5,3963386.0,0.10%,55.87482219061163,0
2022-12-28,1629.8,1623.1,1633.0,1623.1,4345935.0,-0.08%,53.06547619047618,1
2022-12-29,1641.3,1620.1,1643.5,1611.0,5506448.0,0.71%,53.05150342363799,0
2022-12-30,1628.15,1645.0,1645.0,1620.0,3561320.0,-0.80%,45.36817102137769,1
2023-01-02,1628.7,1627.0,1639.75,1618.55,2190689.0,0.03%,44.03892944038931,1
2023-01-03,1639.35,1622.2,1643.0,1622.2,4189015.0,0.65%,42.892613283674685,0
2023-01-04,1610.05,1635.0,1645.75,1607.0,5175800.0,-1.79%,43.20100031259766,0
2023-01-05,1599.7,1615.0,1618.05,1589.4,5470718.0,-0.64%,37.70390889504455,0
2023-01-06,1594.4,1602.0,1609.1,1578.2,4546231.0,-0.33%,34.521979711035925,1
2023-01-09,1597.5,1596.0,1611.55,1590.0,5364670.0,0.19%,38.374352331606126,0
2023-01-10,1568.3,1600.0,1600.0,1565.0,8185883.0,-1.83%,35.30989272943975,1
2023-01-11,1590.9,1567.95,1598.0,1560.0,7597899.0,1.44%,44.27914525290777,1
2023-01-12,1599.4,1587.8,1603.9,1584.15,4625035.0,0.53%,50.488963397597104,1
2023-01-13,1600.65,1598.75,1609.9,1586.0,4622273.0,0.08%,40.29649595687329,0
2023-01-16,1585.3,1615.0,1621.3,1580.3,7374047.0,-0.96%,35.87291795188155,1
2023-01-17,1608.9,1589.8,1611.0,1577.5,5393177.0,1.49%,44.332971800433874,1
2023-01-18,1637.3,1605.0,1641.6,1599.7,9545321.0,1.77%,49.00645802285146,1
2023-01-19,1644.1,1637.0,1650.0,1633.0,5586081.0,0.42%,54.09079251090018,1
2023-01-20,1660.95,1644.1,1669.0,1643.4,9421702.0,1.02%,57.63313609467455,1
2023-01-23,1673.1,1666.25,1682.6,1661.4,7722200.0,0.73%,57.931844888366626,1
2023-01-24,1695.5,1675.05,1702.4,1675.0,12491970.0,1.34%,70.75540442069467,0
2023-01-25,1648.65,1691.4,1692.95,1645.3,7352071.0,-2.76%,60.09903032803797,0
2023-01-27,1615.8,1632.0,1637.0,1589.95,17589974.0,-1.99%,53.96443127084102,0
2023-01-30,1614.15,1595.0,1625.3,1582.0,9256411.0,-0.10%,53.101136151983624,0
2023-01-31,1603.5,1619.7,1622.7,1595.0,9298122.0,-0.66%,57.042817126850736,1
2023-02-01,1627.55,1624.0,1665.0,1606.0,8651395.0,1.50%,57.29063059478811,0
2023-02-02,1603.35,1608.1,1624.5,1588.75,8748553.0,-1.49%,50.73956187979775,1
2023-02-03,1658.8,1611.0,1660.5,1607.0,7205550.0,3.46%,59.05058365758752,0
2023-02-06,1651.75,1660.0,1669.4,1646.2,5583836.0,-0.43%,60.61671193481387,1
2023-02-07,1654.2,1659.4,1664.9,1632.6,5132294.0,0.15%,57.76216586703221,0
2023-02-08,1654.0,1654.25,1668.2,1650.0,4222413.0,-0.01%,53.167678300455236,0
2023-02-09,1650.55,1660.0,1661.65,1635.55,5888668.0,-0.21%,51.2391930835735,1
2023-02-10,1657.1,1648.8,1658.5,1642.2,4086058.0,0.40%,49.22984596919381,1
2023-02-13,1658.35,1655.0,1661.75,1644.55,2868472.0,0.08%,46.914871365823046,1
2023-02-14,1673.7,1665.0,1677.5,1657.95,5454296.0,0.93%,45.301724137931046,0
2023-02-15,1670.3,1678.0,1678.0,1656.75,5719356.0,-0.20%,55.74118271015641,0
2023-02-16,1664.25,1673.2,1681.9,1661.0,4031250.0,-0.36%,64.97681607418855,0
2023-02-17,1655.9,1661.0,1668.15,1642.95,4478135.0,-0.50%,62.39240130602551,0
2023-02-20,1640.35,1660.0,1669.45,1634.8,4043353.0,-0.94%,60.628785693683255,1
2023-02-21,1646.5,1640.0,1662.35,1634.0,6194648.0,0.37%,56.095207462206496,0
2023-02-22,1614.2,1639.0,1641.95,1609.05,5179551.0,-1.96%,53.317028431672306,0
2023-02-23,1603.25,1613.0,1618.85,1592.1,13941005.0,-0.68%,26.669466610667882,0
2023-02-24,1588.95,1617.9,1617.9,1585.2,8530870.0,-0.89%,25.13855898654009,1
2023-02-27,1592.9,1585.9,1599.0,1577.3,7156486.0,0.25%,26.01721439749619,1
2023-02-28,1599.6,1592.0,1605.3,1588.7,9496996.0,0.42%,29.746835443037966,0
2023-03-01,1598.05,1612.0,1613.0,1595.75,7068628.0,-0.10%,30.173716012084597,0
2023-03-02,1584.45,1594.0,1605.95,1582.0,8695907.0,-0.85%,23.951237002509913,1
2023-03-03,1615.9,1596.0,1620.0,1588.0,7493117.0,1.98%,37.488947833775484,1
2023-03-06,1627.3,1620.0,1639.45,1618.05,13502355.0,0.71%,35.99879299939646,1
2023-03-08,1630.55,1620.0,1639.5,1620.0,10049887.0,0.20%,37.99456357595891,1
2023-03-09,1630.7,1629.95,1645.95,1627.0,10350083.0,0.01%,39.492640150328846,0
2023-03-10,1588.65,1610.45,1613.75,1585.0,13693500.0,-2.58%,32.60925782260149,0
2023-03-13,1568.55,1587.9,1603.8,1564.95,13221775.0,-1.27%,31.85952501263263,0
2023-03-14,1564.35,1570.25,1583.6,1559.3,16592806.0,-0.27%,29.038019903036442,0
2023-03-15,1541.9,1578.0,1582.9,1536.6,18632377.0,-1.44%,30.57495969908649,1
2023-03-16,1551.9,1539.0,1559.1,1532.05,10876671.0,0.65%,36.13286524439643,1
2023-03-17,1572.65,1557.5,1579.2,1540.0,11475438.0,1.34%,45.7463465553236,0
2023-03-20,1561.75,1567.95,1568.1,1545.4,13251557.0,-0.69%,42.15562830521276,1
2023-03-21,1579.45,1571.95,1582.5,1556.2,16525247.0,1.13%,45.192078262944435,0
2023-03-22,1575.8,1584.0,1586.05,1565.3,7088662.0,-0.23%,44.74368060477204,0
2023-03-23,1563.15,1567.75,1590.35,1558.55,14182089.0,-0.80%,44.94542002847652,0
2023-03-24,1560.65,1560.0,1573.9,1554.95,15738874.0,-0.16%,34.80055020632737,1
2023-03-27,1567.45,1562.2,1579.45,1558.9,15936003.0,0.44%,33.10753598645219,1
2023-03-28,1580.2,1565.7,1582.9,1564.1,19638151.0,0.81%,36.51218858826684,1
2023-03-29,1587.8,1584.0,1602.0,1581.9,19881806.0,0.48%,38.94899536321481,1
2023-03-31,1609.55,1595.6,1612.95,1592.4,17355614.0,1.37%,56.01265822784807,1
2023-04-03,1610.55,1607.55,1615.7,1602.75,20012699.0,0.06%,63.57466063348418,1
2023-04-05,1653.75,1618.6,1656.0,1616.0,21682696.0,2.68%,73.07692307692312,1
2023-04-06,1666.35,1648.55,1669.2,1647.1,22318672.0,0.76%,83.84552624422079,0
2023-04-10,1658.45,1663.25,1671.0,1654.0,15906643.0,-0.47%,79.31224209078407,1
2023-04-11,1663.3,1659.0,1669.4,1651.1,21180771.0,0.29%,77.32891166716914,1
2023-04-12,1684.9,1668.0,1688.2,1667.8,13477752.0,1.30%,84.87680543755317,1
2023-04-13,1692.45,1688.3,1697.05,1678.15,17665043.0,0.45%,83.95432692307699,0
2023-04-17,1666.65,1720.0,1720.0,1653.3,16202574.0,-1.52%,74.09175285070283,0
2023-04-18,1659.6,1670.0,1677.25,1656.4,14818613.0,-0.42%,76.35966110959276,1
2023-04-19,1665.7,1665.0,1670.3,1657.15,12370584.0,0.37%,78.1559903511123,1
2023-04-20,1671.9,1671.7,1677.45,1666.4,16461358.0,0.37%,78.08550685668192,1
2023-04-21,1674.6,1669.0,1676.95,1663.25,10064309.0,0.16%,76.8334280841387,1
2023-04-24,1688.15,1687.0,1691.45,1674.1,17837926.0,0.81%,77.5914215012373,0
2023-04-25,1664.15,1687.7,1687.7,1661.9,25176534.0,-1.42%,64.82889733840307,1
2023-04-26,1671.8,1660.0,1675.0,1655.0,13696375.0,0.46%,66.05504587155963,1
2023-04-27,1681.0,1670.5,1685.25,1665.85,23895196.0,0.55%,58.69218500797448,1
2023-04-28,1687.6,1684.7,1691.0,1670.0,13958136.0,0.39%,57.04809286898839,0
2023-05-02,1687.25,1688.7,1699.0,1682.0,16110592.0,-0.02%,60.05586592178769,1
2023-05-03,1693.15,1684.95,1696.0,1679.65,14703635.0,0.35%,60.346620450606615,1
2023-05-04,1727.8,1687.1,1734.45,1687.1,28427319.0,2.05%,63.6363636363636,0
2023-05-05,1625.65,1639.0,1660.95,1622.1,31385208.0,-5.91%,36.74077014688368,1
2023-05-08,1644.45,1635.0,1650.35,1630.0,18622262.0,1.16%,45.46753777051857,1
2023-05-09,1644.5,1649.9,1656.0,1639.95,21844469.0,0.00%,46.82639764606979,1
2023-05-10,1652.1,1644.5,1654.65,1633.1,23170275.0,0.46%,47.15956558061818,1
2023-05-11,1653.2,1665.15,1688.0,1649.25,17867309.0,0.07%,46.00938967136149,1
2023-05-12,1667.8,1647.0,1672.8,1644.25,11239380.0,0.88%,48.61900893582454,1
2023-05-15,1675.8,1672.0,1680.75,1665.1,9256130.0,0.48%,47.434032827758124,0
2023-05-16,1647.3,1671.8,1671.8,1644.0,16361043.0,-1.70%,46.5633285743422,0
2023-05-17,1638.45,1650.0,1650.0,1625.35,15233434.0,-0.54%,43.23117515729653,1
2023-05-18,1645.0,1648.0,1653.95,1640.0,24823471.0,0.40%,42.613869511694695,1
2023-05-19,1646.9,1648.0,1650.0,1631.55,15230166.0,0.12%,41.485355648535595,0
2023-05-22,1641.05,1645.0,1652.9,1632.7,14167016.0,-0.36%,40.55214723926379,0
2023-05-23,1637.2,1649.0,1649.6,1633.45,11235037.0,-0.23%,38.461538461538424,0
2023-05-24,1615.8,1627.55,1634.75,1613.6,16794056.0,-1.31%,25.56719022687608,0
2023-05-25,1609.6,1615.7,1620.05,1597.35,14888465.0,-0.38%,43.97748592870537,1
2023-05-26,1615.8,1619.0,1619.0,1602.25,13317533.0,0.39%,38.12681309573143,1
2023-05-29,1635.5,1628.5,1641.0,1624.85,10908146.0,1.22%,46.792587312900935,1
2023-05-30,1636.75,1633.6,1642.65,1628.55,18562964.0,0.08%,44.27025009331845,0
2023-05-31,1610.85,1629.9,1634.95,1604.65,21667135.0,-1.58%,36.66141732283462,0
2023-06-01,1604.0,1619.9,1619.9,1600.0,25183469.0,-0.43%,28.87417218543051,1
2023-06-02,1606.5,1612.45,1614.8,1601.0,8929855.0,0.16%,26.185567010309327,0
2023-06-05,1604.4,1614.5,1616.5,1602.45,9348621.0,-0.13%,31.989924433249456,0
2023-06-06,1599.4,1607.65,1609.85,1592.25,16091426.0,-0.31%,33.05856832971806,1
2023-06-07,1607.7,1603.45,1612.55,1596.0,12474513.0,0.52%,34.05982905982911,1
2023-06-08,1608.7,1603.25,1626.0,1603.25,18697761.0,0.06%,33.54866494401378,1
2023-06-09,1610.6,1615.9,1618.5,1607.0,9106289.0,0.12%,36.42443156486845,0
2023-06-12,1600.8,1612.55,1615.8,1599.45,6704146.0,-0.61%,34.58933107535982,1
2023-06-13,1603.5,1590.1,1609.0,1590.1,13963054.0,0.17%,43.812877263581505,0
2023-06-14,1601.75,1610.45,1612.0,1600.2,10056984.0,-0.11%,45.86624539231178,0
2023-06-15,1582.05,1604.0,1605.95,1579.0,17688738.0,-1.23%,34.43983402489624,1
2023-06-16,1602.75,1587.15,1609.2,1584.0,7889636.0,1.31%,35.03883051621743,1
2023-06-19,1604.15,1611.0,1614.25,1598.35,12414573.0,0.09%,35.12773722627739,1
2023-06-20,1607.5,1604.15,1611.0,1590.65,10002813.0,0.21%,48.075818495117794,1
2023-06-21,1635.6,1616.0,1637.25,1611.0,12154473.0,1.75%,64.58910433979686,1
2023-06-22,1643.6,1640.0,1657.55,1639.05,28298070.0,0.49%,66.30052724077328,0
2023-06-23,1643.5,1637.55,1659.9,1634.05,10669609.0,-0.01%,67.4865831842576,0
2023-06-26,1635.55,1645.0,1650.75,1628.7,8065157.0,-0.48%,65.75163398692808,1
2023-06-27,1658.6,1642.95,1672.9,1638.55,16915932.0,1.41%,69.65250965250964,1
2023-06-28,1676.15,1670.0,1679.9,1660.5,29781475.0,1.06%,73.09140705237934,1
2023-06-30,1701.4,1704.0,1708.8,1683.25,20349508.0,1.51%,76.80047225501775,1
2023-07-03,1719.8,1712.5,1757.5,1710.0,22052058.0,1.08%,83.42696629213484,1
2023-07-04,1728.2,1723.45,1747.0,1713.8,19397594.0,0.49%,83.9412084921067,0
2023-07-05,1673.3,1716.25,1720.0,1668.55,18582877.0,-3.18%,65.10449651678276,1
2023-07-06,1675.0,1673.0,1687.85,1660.4,26078272.0,0.10%,71.23600639707561,0
2023-07-07,1660.4,1665.0,1675.0,1656.3,9963168.0,-0.87%,63.54876615746183,0
2023-07-10,1656.45,1661.0,1676.75,1649.7,19199221.0,-0.24%,62.145843009753825,0
2023-07-11,1648.4,1663.0,1676.0,1645.5,25335213.0,-0.49%,59.29545454545457,0
2023-07-12,1632.95,1655.35,1666.3,1627.15,35479179.0,-0.94%,49.360983843742495,1
2023-07-13,1641.1,1656.7,1657.45,1638.05,20956773.0,0.50%,49.397590361445786,1
2023-07-14,1644.5,1653.6,1653.6,1635.0,12363607.0,0.21%,50.237191650853894,1
2023-07-17,1678.9,1650.0,1682.0,1633.0,24626464.0,2.09%,59.13593256059011,0
2023-07-18,1677.5,1698.0,1704.0,1670.0,40538409.0,-0.08%,54.38311688311689,1
2023-07-19,1685.1,1681.1,1688.75,1675.0,16467567.0,0.45%,52.17602723073178,1
2023-07-20,1688.75,1681.15,1692.0,1680.0,28105474.0,0.22%,46.56343384949739,0
2023-07-21,1675.75,1680.0,1689.8,1673.25,21077124.0,-0.77%,37.671424573187835,1
2023-07-24,1678.4,1678.5,1684.65,1670.1,16089722.0,0.16%,35.59861191440143,1
2023-07-25,1696.6,1684.65,1699.0,1678.4,27996298.0,1.08%,58.553597650513936,0
2023-07-26,1690.7,1699.6,1699.6,1688.0,12397179.0,-0.35%,55.59116809116811,0
2023-07-27,1673.15,1699.9,1703.0,1667.45,29870651.0,-1.04%,54.44715730728986,0
2023-07-28,1643.5,1661.5,1668.9,1641.1,20507842.0,-1.77%,46.16977225672877,1
2023-07-31,1651.2,1650.05,1656.8,1638.7,17282503.0,0.47%,50.82987551867219,1
2023-08-01,1662.25,1654.45,1667.45,1650.0,17697094.0,0.67%,58.91661594643943,0
2023-08-02,1640.5,1642.0,1651.5,1633.15,14058161.0,-1.31%,49.83136593591908,0
2023-08-03,1628.65,1640.0,1651.35,1623.0,28836973.0,-0.72%,45.747249798765786,1
2023-08-04,1652.2,1635.15,1656.5,1629.25,18694152.0,1.45%,42.39316239316236,0
2023-08-07,1651.25,1663.1,1663.1,1647.55,14150459.0,-0.06%,42.502142245072825,0
2023-08-08,1649.9,1651.7,1655.6,1642.05,21886914.0,-0.08%,39.57345971563985,1
2023-08-09,1650.5,1653.0,1654.5,1631.1,16680618.0,0.04%,38.461538461538424,0
2023-08-10,1635.85,1647.05,1654.25,1631.0,25390559.0,-0.89%,38.082437275985605,0
2023-08-11,1618.8,1638.4,1638.4,1616.2,14112911.0,-1.04%,33.608360836083534,0
2023-08-14,1610.9,1611.0,1615.0,1600.25,15652205.0,-0.49%,25.014577259475203,0
2023-08-16,1606.2,1583.1,1609.65,1581.3,17068771.0,-0.29%,25.190839694656447,0
2023-08-17,1597.3,1597.6,1609.9,1594.0,26442020.0,-0.55%,26.538818434890132,0
2023-08-18,1590.75,1587.55,1596.3,1585.5,12816683.0,-0.41%,30.96355106459758,0
2023-08-21,1589.5,1600.5,1600.5,1587.0,10918635.0,-0.08%,26.646479939439743,0
2023-08-22,1582.7,1596.35,1598.0,1580.0,16136785.0,-0.43%,18.889323425889657,1
2023-08-23,1586.6,1580.0,1590.55,1573.25,18249294.0,0.25%,25.499999999999858,0
2023-08-24,1579.3,1593.3,1596.2,1576.15,21572896.0,-0.46%,26.600284495021185,0
2023-08-25,1561.5,1574.55,1577.5,1558.4,15034878.0,-1.13%,4.513540621865374,1
2023-08-28,1577.75,1561.5,1582.65,1561.5,14433619.0,1.04%,18.043478260869435,1
2023-08-29,1590.3,1589.7,1592.65,1581.45,17769466.0,0.80%,26.386687797147246,0
2023-08-30,1578.7,1603.95,1603.95,1573.7,14042102.0,-0.73%,23.833819241982454,0
2023-08-31,1571.45,1579.0,1583.15,1563.1,50037886.0,-0.46%,25.192604006163293,1
2023-09-01,1574.7,1571.0,1579.0,1559.35,21613388.0,0.21%,30.991379310344797,1
2023-09-04,1584.55,1590.0,1591.45,1574.9,12536819.0,0.63%,38.83001271725298,0
2023-09-05,1574.9,1588.4,1588.4,1570.6,19356041.0,-0.61%,37.266069975589865,1
2023-09-06,1595.5,1576.8,1600.0,1574.9,28160455.0,1.31%,49.331352154531956,1
2023-09-07,1610.85,1595.5,1614.0,1587.15,17104171.0,0.96%,57.00836820083683,1
2023-09-08,1623.4,1608.3,1632.9,1607.6,17251105.0,0.78%,60.95669036845515,1
2023-09-11,1631.8,1628.9,1636.5,1624.0,15786511.0,0.52%,65.70697376839416,1
2023-09-12,1636.9,1640.0,1642.9,1625.05,19516670.0,0.31%,65.96825396825407,1
2023-09-13,1643.9,1631.3,1651.6,1628.6,23210047.0,0.43%,70.5470737913487,0
2023-09-14,1642.9,1644.25,1650.0,1635.1,11769424.0,-0.06%,78.9886039886041,1
2023-09-15,1661.75,1650.0,1670.0,1650.0,86705601.0,1.15%,79.37062937062947,0
2023-09-18,1629.05,1653.75,1655.0,1626.1,18528144.0,-1.97%,61.87557462457863,0
2023-09-20,1563.7,1599.0,1599.0,1560.4,57737324.0,-4.01%,46.542185338865835,0
2023-09-21,1553.35,1553.0,1568.95,1537.05,36420721.0,-0.66%,45.886363636363605,0
2023-09-22,1529.65,1559.0,1564.4,1523.75,30852125.0,-1.53%,40.63214805572883,1
2023-09-25,1531.0,1525.0,1540.7,1525.0,20104377.0,0.09%,38.45656391463676,1
2023-09-26,1537.65,1525.0,1540.0,1525.0,13787654.0,0.43%,41.86503603406857,0
2023-09-27,1526.85,1523.0,1532.5,1515.0,19669269.0,-0.70%,34.33721195528176,0
2023-09-28,1523.7,1534.0,1537.6,1518.35,27677094.0,-0.21%,28.944189417733796,1
2023-09-29,1526.3,1523.7,1535.45,1522.3,16026891.0,0.17%,25.355329949238524,0
2023-10-03,1508.05,1527.0,1527.0,1506.0,19485847.0,-1.20%,20.08701957940535,1
2023-10-04,1529.55,1495.0,1535.0,1489.25,27324715.0,1.43%,25.957446808510582,1
2023-10-05,1535.75,1535.05,1551.55,1532.6,24256337.0,0.41%,25.69116655428182,0
2023-10-06,1534.05,1544.0,1545.0,1529.85,8879678.0,-0.11%,25.610575845843556,0
2023-10-09,1516.25,1528.0,1530.0,1512.0,8227486.0,-1.16%,17.24448446645654,1
2023-10-10,1524.85,1520.55,1529.0,1515.2,16633146.0,0.57%,23.68686868686865,1
2023-10-11,1539.6,1530.1,1542.15,1528.5,15666680.0,0.97%,41.824966078697365,1
2023-10-12,1549.85,1536.1,1552.0,1531.6,11012668.0,0.67%,48.81194840461642,0
2023-10-13,1535.75,1540.0,1548.8,1529.95,19872650.0,-0.91%,52.21496005809728,0
2023-10-16,1529.6,1531.5,1534.45,1520.5,8928042.0,-0.40%,49.508771929824526,1
2023-10-17,1541.2,1555.75,1555.75,1535.0,16451279.0,0.76%,51.20379789759239,0
2023-10-18,1519.75,1541.2,1541.2,1518.1,15608100.0,-1.39%,47.754585705249866,0
2023-10-19,1514.95,1505.4,1526.25,1503.2,15126182.0,-0.32%,47.261345852895154,1
2023-10-20,1522.8,1505.0,1527.0,1505.0,10547005.0,0.52%,48.939393939393945,0
2023-10-23,1506.05,1523.5,1528.75,1500.1,11188068.0,-1.10%,49.38837920489297,0
2023-10-25,1496.5,1521.0,1522.8,1491.45,14155998.0,-0.63%,39.09600791817883,0
2023-10-26,1463.4,1491.25,1492.0,1460.25,27780899.0,-2.21%,29.728215186326707,1
2023-10-27,1469.15,1469.5,1478.0,1466.9,15970266.0,0.39%,32.2191780821918,1
2023-10-30,1485.1,1463.25,1489.95,1461.9,11655491.0,1.09%,41.3783559368945,0
2023-10-31,1476.5,1504.0,1504.0,1474.0,16317412.0,-0.58%,36.61776916689731,0
2023-11-01,1474.5,1462.25,1477.45,1462.25,16938733.0,-0.14%,30.613460393091117,1
2023-11-02,1476.75,1485.0,1490.5,1467.15,22612577.0,0.15%,27.141963727329554,1
2023-11-03,1483.75,1488.0,1491.4,1481.65,9047670.0,0.47%,32.98429319371725,1
2023-11-06,1494.5,1498.0,1498.0,1483.0,12796865.0,0.72%,38.850063532401535,0
2023-11-07,1487.25,1494.0,1494.0,1477.2,20976424.0,-0.49%,32.375040836327926,1
2023-11-08,1491.55,1483.95,1493.45,1481.0,15699773.0,0.29%,39.62472406181009,0
2023-11-09,1485.65,1486.0,1492.6,1483.5,11058370.0,-0.40%,39.30656934306566,1
2023-11-10,1491.5,1480.1,1496.0,1480.05,7007593.0,0.39%,38.40740740740736,1
2023-11-12,1500.0,1500.0,1502.0,1496.15,1975463.0,0.57%,47.61341222879685,0
2023-11-13,1488.8,1492.1,1495.95,1485.9,10302957.0,-0.75%,47.00155763239872,1
2023-11-15,1504.4,1504.1,1510.95,1500.55,20622730.0,1.05%,68.48512173128951,1
2023-11-16,1508.35,1509.7,1519.0,1503.75,14856919.0,0.26%,67.96516956920257,0
2023-11-17,1505.1,1490.0,1507.5,1489.0,11850937.0,-0.22%,60.373443983402524,1
2023-11-20,1505.2,1513.0,1513.0,1501.55,9665726.0,0.01%,66.32536973833908,1
2023-11-21,1517.95,1519.0,1522.0,1512.1,12479986.0,0.85%,72.02230106436903,0
2023-11-22,1512.55,1520.0,1520.0,1503.55,14561825.0,-0.36%,67.58349705304516,1
2023-11-23,1521.3,1508.5,1523.85,1508.5,6523110.0,0.58%,68.13133751810719,1
2023-11-24,1532.1,1521.2,1533.15,1519.85,8234596.0,0.71%,68.14671814671811,0
2023-11-28,1528.65,1535.2,1537.25,1525.8,14244669.0,-0.23%,70.74148296593197,1
2023-11-29,1559.15,1533.9,1563.0,1533.0,17021244.0,2.00%,76.82539682539692,0
2023-11-30,1558.8,1569.15,1572.45,1542.15,34745720.0,-0.02%,80.3652968036529,0
2023-12-01,1555.4,1557.9,1565.75,1552.1,11076768.0,-0.22%,77.07627118644072,1
2023-12-04,1609.4,1588.0,1612.0,1573.65,25331228.0,3.47%,83.45565749235476,1
2023-12-05,1623.7,1636.5,1639.0,1616.5,26115410.0,0.89%,90.48619447779116,1
2023-12-06,1627.8,1638.45,1638.45,1616.65,19306530.0,0.25%,89.78078658929726,1
2023-12-07,1630.45,1625.0,1634.0,1616.2,10225193.0,0.16%,89.6944083224968,1
2023-12-08,1653.2,1630.45,1655.0,1630.45,16864019.0,1.40%,92.729371032891,0
2023-12-11,1651.0,1650.05,1663.7,1647.0,11593810.0,-0.13%,91.56214367160777,0
2023-12-12,1634.6,1654.2,1656.25,1631.85,18290738.0,-0.99%,82.57469980452385,0
2023-12-13,1630.9,1632.45,1636.0,1615.1,14673457.0,-0.23%,83.36622497885547,1
2023-12-14,1650.15,1646.0,1658.95,1645.0,17586183.0,1.18%,84.29598083577332,1
2023-12-15,1656.55,1650.0,1668.0,1646.6,69418565.0,0.39%,83.91932406650322,0
2023-12-18,1655.7,1660.7,1664.7,1650.95,9007377.0,-0.05%,85.12579485761685,0
2023-12-19,1652.9,1650.0,1658.65,1644.05,12004223.0,-0.17%,80.60724779627823,1
2023-12-20,1657.0,1658.0,1668.95,1644.45,17116260.0,0.25%,81.29381771829203,1
2023-12-21,1686.7,1657.0,1689.75,1650.25,18294620.0,1.79%,85.83515283842802,0
2023-12-22,1670.85,1683.6,1685.9,1667.1,24289425.0,-0.94%,71.18235091347809,1
2023-12-26,1682.45,1673.25,1685.95,1668.55,9022928.0,0.69%,70.63575693712681,1
2023-12-27,1703.3,1681.5,1706.5,1678.6,13504539.0,1.24%,73.72721558768072,1
2023-12-28,1705.25,1709.3,1721.4,1702.0,22038235.0,0.11%,73.61111111111111,1
2023-12-29,1709.25,1697.0,1714.9,1696.0,12505713.0,0.23%,70.06802721088435,0
2024-01-01,1698.1,1706.0,1709.15,1692.0,7119843.0,-0.65%,65.84791386271868,1
2024-01-02,1699.1,1698.8,1702.8,1688.7,14621046.0,0.06%,74.21171171171174,0
2024-01-03,1672.9,1702.0,1704.7,1668.95,14194881.0,-1.54%,63.4874759152216,1
2024-01-04,1690.85,1678.0,1694.95,1670.7,13367028.0,1.07%,63.18005181347148,0
2024-01-05,1682.2,1687.15,1704.9,1668.1,15944735.0,-0.51%,58.1870411745931,0
2024-01-08,1663.45,1678.5,1682.35,1660.0,8999235.0,-1.11%,52.219994270982525,0
2024-01-09,1650.5,1667.15,1677.8,1646.75,12663444.0,-0.78%,49.35029778018406,1
2024-01-10,1655.95,1643.0,1659.95,1641.4,8057912.0,0.33%,49.71781779091643,0
2024-01-11,1649.0,1660.0,1662.9,1643.0,9157005.0,-0.42%,38.456827924066125,0
2024-01-12,1641.2,1652.0,1656.0,1633.6,9886776.0,-0.47%,40.450885668277,1
2024-01-15,1672.8,1647.7,1680.9,1643.6,14160178.0,1.93%,47.24679029957201,1
2024-01-16,1679.15,1673.0,1683.65,1658.1,12661250.0,0.38%,42.48833592534996,0
2024-01-17,1537.5,1570.0,1596.8,1528.4,85072618.0,-8.44%,22.08354135463469,0
2024-01-18,1486.15,1494.0,1515.0,1480.05,80535465.0,-3.34%,17.926969522714188,0
2024-01-19,1470.65,1505.95,1510.25,1468.4,54800269.0,-1.04%,17.705523214539255,1
2024-01-20,1478.85,1483.2,1495.7,1476.0,12920293.0,0.56%,19.354389870599647,0
2024-01-23,1427.35,1465.0,1474.7,1425.0,57734701.0,-3.48%,18.08137267645907,1
2024-01-24,1455.9,1380.25,1458.45,1380.25,43002202.0,2.00%,20.278304870335248,0
2024-01-25,1434.9,1452.5,1457.35,1419.4,49470926.0,-1.44%,19.663886162904817,1
2024-01-29,1454.65,1448.05,1462.8,1445.8,32822749.0,1.38%,24.449339207048467,0
2024-01-30,1444.3,1454.55,1463.2,1440.9,20864384.0,-0.71%,24.605911330049267,1
2024-01-31,1462.55,1439.5,1474.95,1436.8,32880520.0,1.26%,26.910219675262653,1
2024-02-01,1466.35,1465.05,1473.6,1456.05,16345370.0,0.26%,28.028389269818348,0
2024-02-02,1446.15,1475.0,1480.85,1442.05,22433877.0,-1.38%,27.2164466767901,0
2024-02-05,1444.85,1446.0,1451.9,1434.05,19302523.0,-0.09%,21.345065996228797,0
2024-02-06,1444.1,1445.55,1449.7,1432.6,20537870.0,-0.05%,20.03060053550935,0
2024-02-07,1429.95,1453.0,1453.8,1426.65,27418543.0,-0.98%,29.68071037218968,0
2024-02-08,1403.05,1429.85,1438.95,1400.5,34553062.0,-1.88%,32.701915070774334,1
2024-02-09,1403.6,1392.15,1414.2,1387.0,28321062.0,0.04%,35.11653718091007,0
2024-02-12,1390.0,1399.65,1413.65,1383.35,17223906.0,-0.97%,30.73921526121832,1
2024-02-13,1394.45,1391.95,1404.35,1384.35,28790497.0,0.32%,41.04030501089329,0
2024-02-14,1384.05,1376.0,1391.5,1363.55,45660405.0,-0.75%,28.286491387125977,1
2024-02-15,1414.05,1385.0,1415.5,1384.35,20792472.0,2.17%,44.02407566638001,1
2024-02-16,1419.9,1423.9,1427.7,1408.45,16087871.0,0.41%,39.17782622236064,0
2024-02-19,1417.1,1429.0,1429.0,1415.2,17225878.0,-0.20%,41.11111111111111,1
2024-02-20,1454.3,1415.0,1457.25,1411.8,28066754.0,2.63%,47.60104681593487,0
2024-02-21,1439.15,1464.0,1464.0,1435.0,22946568.0,-1.04%,42.58046917621391,0
2024-02-22,1419.55,1417.75,1428.8,1412.2,25280441.0,-1.36%,42.72030651340994,1
2024-02-23,1420.6,1422.55,1433.9,1418.0,14916726.0,0.07%,43.35434365579612,1
2024-02-26,1422.3,1413.55,1434.85,1413.55,11753435.0,0.12%,44.05670665212652,0
2024-02-27,1420.15,1413.55,1426.7,1413.05,16043575.0,-0.15%,47.14119019836641,0
2024-02-28,1409.4,1420.15,1424.2,1404.0,12660993.0,-0.76%,52.045088566827744,0
2024-02-29,1403.4,1402.1,1410.4,1397.3,26647850.0,-0.43%,49.937772246421964,1
2024-03-01,1430.75,1400.0,1432.75,1400.0,17369449.0,1.95%,61.67956434508453,0
2024-03-02,1430.75,1434.55,1436.0,1428.1,895265.0,0.00%,60.67647058823527,1
2024-03-04,1432.7,1430.95,1437.0,1424.3,17808237.0,0.14%,65.05725781491799,1
2024-03-05,1440.85,1422.0,1443.0,1421.65,18995836.0,0.57%,59.59198282032926,1
2024-03-06,1442.6,1433.55,1452.85,1433.55,21204765.0,0.12%,58.37020648967546,1
2024-03-07,1446.1,1445.5,1451.05,1441.4,24674023.0,0.24%,60.63829787234045,0
2024-03-11,1427.8,1430.0,1445.95,1423.0,25265547.0,-1.27%,38.713798977853465,1
2024-03-12,1459.55,1434.0,1464.0,1429.25,32709227.0,2.22%,57.61194029850742,1
2024-03-13,1460.4,1465.5,1471.6,1450.1,31533727.0,0.06%,67.72234273318881,0
2024-03-14,1455.45,1462.1,1466.0,1444.3,26216079.0,-0.34%,64.62442299622333,0
2024-03-15,1452.65,1450.0,1459.3,1442.25,71806902.0,-0.19%,62.6195426195427,0
2024-03-18,1446.05,1447.0,1456.0,1435.8,10718928.0,-0.45%,60.38492381716113,1
2024-03-19,1449.35,1435.5,1452.4,1435.5,18091797.0,0.23%,67.03624733475472,0
2024-03-20,1431.05,1449.05,1451.65,1424.65,21803047.0,-1.26%,60.671555384021566,1
2024-03-21,1445.75,1442.6,1451.25,1438.3,14461430.0,1.03%,56.41573994867408,0
2024-03-22,1442.85,1441.0,1450.75,1437.75,22990163.0,-0.20%,55.05008347245405,0
2024-03-26,1425.4,1427.2,1437.95,1422.15,28422145.0,-1.21%,47.30229120473024,1
2024-03-27,1440.7,1423.55,1447.95,1421.25,31084334.0,1.07%,49.94734994734999,1
2024-03-28,1447.9,1440.7,1460.5,1440.7,27796071.0,0.50%,51.79175118323197,1
2024-04-01,1470.5,1458.0,1473.8,1455.6,12599785.0,1.56%,57.305389221556915,1
2024-04-02,1480.15,1465.15,1494.85,1463.25,20612723.0,0.66%,66.52983896431958,1
2024-04-03,1482.3,1472.1,1495.65,1471.4,22792193.0,0.15%,58.83495145631068,1
2024-04-04,1527.6,1504.0,1530.0,1504.0,44467533.0,3.06%,69.39953810623554,1
2024-04-05,1549.55,1539.0,1554.5,1530.15,29527951.0,1.44%,74.73711882229233,0
2024-04-08,1546.6,1554.95,1557.25,1541.55,10241470.0,-0.19%,74.67822432361436,1
2024-04-09,1548.55,1554.85,1554.85,1540.3,10942247.0,0.13%,77.59827679052238,0
2024-04-10,1536.35,1549.9,1549.9,1532.95,13903700.0,-0.79%,72.35354573484071,0
2024-04-12,1518.95,1521.0,1529.85,1513.45,20542104.0,-1.13%,72.68972638100159,0
2024-04-15,1494.7,1497.55,1510.0,1492.05,11707624.0,-1.60%,62.0418204182042,1
2024-04-16,1509.25,1487.0,1512.9,1482.25,10372443.0,0.97%,65.44904606793862,0
2024-04-18,1494.7,1509.8,1518.85,1491.05,17117442.0,-0.96%,66.34433962264151,1
2024-04-19,1531.3,1486.55,1534.95,1480.25,17288217.0,2.45%,69.41705957994,0
2024-04-22,1512.2,1557.4,1557.4,1508.3,21149219.0,-1.25%,63.111745513866246,0
2024-04-23,1507.6,1526.3,1526.5,1503.25,13413530.0,-0.30%,58.16461267605632,1
2024-04-24,1511.7,1515.0,1521.75,1509.05,11220790.0,0.27%,57.117076471915176,0
2024-04-25,1510.75,1506.25,1519.7,1506.25,17722602.0,-0.06%,56.452710365162176,0
2024-04-26,1509.8,1519.8,1528.0,1505.55,12427347.0,-0.06%,44.94605337876208,1
2024-04-29,1529.5,1515.0,1534.45,1506.55,18046675.0,1.30%,44.23353465631293,0
2024-04-30,1520.1,1529.2,1539.5,1514.9,26153691.0,-0.61%,42.651136993899065,1
2024-05-02,1532.25,1522.0,1537.0,1520.35,16737503.0,0.80%,45.7217847769029,0
2024-05-03,1519.6,1533.25,1540.6,1507.2,15932621.0,-0.83%,45.6140350877193,1
2024-05-06,1522.65,1522.0,1534.5,1517.15,14396698.0,0.20%,51.047565118912814,0
2024-05-07,1506.15,1521.95,1524.05,1504.15,14240301.0,-1.08%,53.39058335801007,0
2024-05-08,1482.65,1495.95,1496.95,1480.35,20843931.0,-1.56%,42.51968503937013,0
2024-05-09,1447.5,1474.95,1486.75,1445.3,23140639.0,-2.37%,38.10483870967745,0
2024-05-10,1437.9,1439.0,1451.95,1426.8,13638304.0,-0.66%,22.753792298716604,1
2024-05-13,1455.25,1432.0,1459.8,1430.3,13523601.0,1.21%,33.21544356027121,1
2024-05-14,1460.95,1452.25,1465.5,1450.3,12832571.0,0.39%,36.33967789165456,0
2024-05-15,1438.5,1459.7,1459.7,1435.8,19465998.0,-1.54%,30.645161290322633,1
2024-05-16,1460.25,1446.05,1462.55,1435.5,17472618.0,1.51%,37.97046212482137,1
2024-05-17,1464.1,1446.2,1468.0,1446.2,10460095.0,0.26%,39.26221804511279,1
2024-05-18,1466.05,1466.0,1467.1,1463.05,528557.0,0.13%,33.734939759036166,0
2024-05-21,1458.8,1450.1,1469.7,1450.1,21884989.0,-0.49%,34.110938310005224,1
2024-05-22,1459.2,1457.85,1465.6,1448.15,19998139.0,0.03%,29.837151531879698,1
2024-05-23,1492.6,1458.65,1495.65,1457.05,20430960.0,2.29%,43.31352154531947,1
2024-05-24,1517.2,1487.5,1519.9,1486.0,15530103.0,1.65%,48.78048780487804,1
2024-05-27,1527.7,1523.35,1545.0,1519.05,14692720.0,0.69%,54.955162106231306,1
2024-05-28,1530.5,1530.1,1536.05,1524.8,13954452.0,0.18%,62.16010165184242,0
2024-05-29,1508.3,1518.0,1523.85,1501.25,17573853.0,-1.45%,66.53971708378671,1
2024-05-30,1514.85,1499.2,1523.6,1497.65,16877675.0,0.43%,71.28630705394185,1
2024-05-31,1531.55,1519.0,1536.0,1514.0,37039794.0,1.10%,71.18267629094944,1
2024-06-03,1572.2,1599.0,1599.0,1550.0,36318628.0,2.65%,75.86607765635897,0
2024-06-04,1483.15,1557.0,1559.0,1454.0,44765620.0,-5.66%,57.9265045268951,1
2024-06-05,1551.8,1494.05,1559.6,1482.35,40815825.0,4.63%,63.93243037589407,1
2024-06-06,1559.7,1564.9,1565.45,1546.6,23211435.0,0.51%,64.371617558629,1
2024-06-07,1573.35,1561.05,1584.35,1552.05,18356108.0,0.88%,65.582340981702,0
2024-06-10,1561.3,1574.0,1580.65,1557.6,11227029.0,-0.77%,64.6806072758522,1
2024-06-11,1564.8,1556.0,1571.0,1552.2,14772663.0,0.22%,64.99148211243612,1
2024-06-12,1574.15,1575.0,1588.3,1566.4,19640218.0,0.60%,62.425719945147065,1
2024-06-13,1580.75,1581.75,1585.7,1574.0,12060096.0,0.42%,60.2450427212639,1
2024-06-14,1596.9,1584.0,1599.0,1577.7,12770277.0,1.02%,60.95630145661813,1
2024-06-18,1607.8,1596.9,1610.5,1589.45,16207857.0,0.68%,61.93269527631985,1
2024-06-19,1657.85,1613.4,1669.9,1604.0,45065598.0,3.11%,71.25799573560768,1
2024-06-20,1669.35,1669.8,1681.45,1652.0,20704371.0,0.69%,71.65685449957948,0
2024-06-21,1665.75,1672.85,1672.85,1643.15,25815388.0,-0.22%,69.52852153667058,1
2024-06-24,1672.4,1647.0,1675.1,1645.75,14272497.0,0.40%,66.18217054263567,1
2024-06-25,1711.35,1671.1,1716.95,1671.1,37260774.0,2.33%,93.96917148362239,0
2024-06-26,1701.5,1707.95,1710.9,1691.1,23798333.0,-0.58%,87.29446935724971,0
2024-06-27,1696.15,1696.1,1713.0,1686.6,27537325.0,-0.31%,84.43098662629333,0
2024-06-28,1683.8,1697.6,1706.6,1679.0,13238023.0,-0.73%,78.05435610871228,1
2024-07-01,1705.2,1680.0,1707.3,1680.0,10593512.0,1.27%,84.89330746847726,1
2024-07-02,1730.6,1715.0,1734.9,1702.75,22960845.0,1.49%,86.34370889960547,1
2024-07-03,1768.65,1791.0,1794.0,1764.65,61608901.0,2.20%,87.86993769470409,0
2024-07-04,1727.15,1759.75,1759.75,1724.85,22924329.0,-2.35%,75.0942749400069,0
2024-07-05,1648.1,1685.0,1685.0,1642.2,41121274.0,-4.58%,57.21940214325999,0
2024-07-08,1635.35,1645.3,1654.95,1627.15,19543900.0,-0.77%,53.86449712442137,1
2024-07-09,1636.5,1625.0,1646.7,1620.35,24275439.0,0.07%,46.52901967159813,0
2024-07-10,1626.1,1629.95,1640.0,1620.75,22753591.0,-0.64%,42.94338391254691,0
2024-07-11,1621.9,1623.95,1625.85,1601.0,22088537.0,-0.26%,42.85946914183359,1
2024-07-12,1622.7,1622.0,1638.4,1611.15,28024980.0,0.05%,41.74966799468791,0
2024-07-15,1622.1,1623.5,1629.8,1615.2,16687847.0,-0.04%,33.02263648468711,0
2024-07-16,1619.75,1620.75,1627.0,1616.8,14475162.0,-0.14%,33.9925592324261,0
2024-07-18,1614.8,1608.0,1623.95,1599.15,16858532.0,-0.31%,34.045891351245345,0
2024-07-19,1607.3,1616.0,1623.0,1603.5,13001076.0,-0.46%,34.706117552978824,1
2024-07-22,1642.55,1617.0,1651.0,1612.65,26872411.0,2.19%,38.132222011744645,0
2024-07-23,1618.4,1647.55,1647.8,1605.0,26001076.0,-1.47%,28.644842025123765,0
2024-07-24,1604.05,1608.15,1621.0,1588.05,30864103.0,-0.89%,15.56485355648536,1
2024-07-25,1616.6,1593.0,1625.0,1593.0,12767866.0,0.78%,23.68483694358484,1
2024-07-26,1618.15,1605.0,1621.75,1596.45,21905270.0,0.10%,38.702376461712646,0
2024-07-29,1605.05,1615.0,1631.85,1598.3,25500574.0,-0.81%,38.60045146726866,1
2024-07-30,1615.55,1602.0,1634.75,1599.0,27297917.0,0.65%,42.63620386643233,1
2024-07-31,1615.75,1614.0,1627.9,1609.2,18910242.0,0.01%,46.081029912911816,1
2024-08-01,1638.8,1622.9,1650.05,1617.95,13107587.0,1.43%,55.599734923790535,1
2024-08-02,1659.15,1631.0,1670.5,1631.0,22059619.0,1.24%,60.692285127603384,0
2024-08-05,1615.75,1640.1,1646.0,1601.0,20666817.0,-2.62%,48.511137162954306,0
2024-08-06,1601.2,1630.0,1632.95,1593.3,22558025.0,-0.90%,45.886005766245304,1
2024-08-07,1623.5,1617.0,1630.0,1602.2,21173132.0,1.39%,51.79159802306427,1
2024-08-08,1642.7,1624.0,1653.3,1619.25,16988475.0,1.18%,56.954813359528494,1
2024-08-09,1650.2,1652.0,1662.55,1645.8,13322309.0,0.46%,51.68687982359429,1
2024-08-12,1660.1,1652.0,1675.95,1647.35,19658098.0,0.60%,59.81176470588229,0
2024-08-13,1603.2,1628.0,1632.4,1601.15,27027521.0,-3.43%,49.83336600666537,1
2024-08-14,1607.8,1606.5,1613.7,1603.2,16167214.0,0.29%,48.219344394981796,1
2024-08-16,1632.1,1628.5,1634.15,1611.0,13924623.0,1.51%,52.584769316286796,0
2024-08-19,1631.55,1637.65,1637.65,1623.7,9751082.0,-0.03%,55.14963078118928,1
2024-08-20,1637.7,1627.45,1646.0,1627.45,15567247.0,0.38%,54.37833563945446,0
2024-08-21,1625.8,1628.1,1634.55,1617.8,23815452.0,-0.73%,51.89873417721518,1
2024-08-22,1631.3,1632.0,1638.3,1628.0,10650319.0,0.34%,48.48239579117766,0
2024-08-23,1625.05,1634.0,1634.0,1623.0,10166711.0,-0.38%,42.68240343347636,1
2024-08-26,1639.95,1632.2,1647.95,1632.2,11182133.0,0.92%,55.916870415647935,0
2024-08-27,1637.75,1643.4,1647.4,1632.2,17886622.0,-0.13%,59.51079885506114,0
2024-08-28,1637.1,1637.75,1639.75,1630.2,13460594.0,-0.04%,53.988269794721376,1
2024-08-29,1638.55,1642.0,1644.4,1631.15,24526302.0,0.09%,48.641571194762655,0
2024-08-30,1636.9,1656.0,1662.0,1621.15,222671050.0,-0.10%,45.47311095983663,0
2024-09-02,1626.95,1646.8,1646.8,1623.2,17024840.0,-0.61%,38.72065328342978,1
2024-09-03,1637.35,1634.0,1639.95,1624.6,18641430.0,0.64%,66.998506719761,1
2024-09-04,1641.8,1639.0,1644.8,1632.0,12341372.0,0.27%,66.94915254237284,1
2024-09-05,1645.45,1646.0,1649.9,1642.0,11438159.0,0.22%,58.38041431261775,0
2024-09-06,1636.95,1638.3,1647.75,1634.1,13014801.0,-0.52%,53.08219178082196,1
2024-09-09,1646.5,1638.0,1648.5,1630.1,11896457.0,0.58%,54.8351648351648,1
2024-09-10,1650.35,1654.0,1654.0,1638.0,13303323.0,0.23%,64.79807112718501,0
2024-09-11,1643.9,1650.4,1652.5,1639.2,11113342.0,-0.39%,57.50893921334932,1
2024-09-12,1666.6,1654.0,1670.0,1647.05,16212023.0,1.38%,70.70254110612859,0
2024-09-13,1665.95,1674.0,1674.0,1657.05,11930266.0,-0.04%,65.09872241579569,1
2024-09-16,1670.95,1667.0,1677.8,1664.05,7586410.0,0.30%,68.67266591676056,0
2024-09-17,1668.8,1678.0,1678.0,1664.15,10063561.0,-0.13%,67.5331858407081,1
2024-09-18,1694.8,1671.85,1698.9,1671.1,20458671.0,1.56%,74.46715963462388,1
2024-09-19,1708.5,1699.2,1719.0,1699.15,15325888.0,0.81%,78.18897637795283,1
2024-09-20,1741.2,1716.5,1744.95,1707.55,30311693.0,1.91%,88.14691151919878,1
2024-09-23,1759.8,1749.0,1766.35,1740.25,13482675.0,1.07%,88.76226654004444,1
2024-09-24,1768.05,1765.0,1781.65,1754.25,16519518.0,0.47%,89.02627511591973,1
2024-09-25,1779.1,1760.15,1788.0,1760.15,15982656.0,0.62%,89.50635530594157,1
2024-09-26,1783.45,1773.05,1788.0,1768.05,15949822.0,0.24%,94.39393939393952,0
2024-09-27,1752.65,1777.0,1778.2,1750.0,17806751.0,-1.73%,78.4966442953021,0
2024-09-30,1732.05,1748.8,1751.45,1724.4,13191767.0,-1.18%,70.12315270935963,0
2024-10-01,1726.2,1724.0,1742.0,1720.1,12286142.0,-0.34%,70.33102766798419,0
2024-10-03,1682.0,1715.65,1726.15,1673.35,24236699.0,-2.56%,53.43903528360878,0
2024-10-04,1657.65,1674.5,1690.65,1653.0,24341616.0,-1.45%,48.32390953150244,0
2024-10-07,1617.8,1652.2,1659.0,1613.0,47229148.0,-2.40%,40.59125508939635,1
2024-10-08,1651.05,1630.0,1656.8,1622.0,14867203.0,2.06%,47.169510444905114,0
2024-10-09,1633.15,1649.5,1656.75,1628.7,20562821.0,-1.08%,39.90833196922576,1
2024-10-10,1662.4,1639.0,1665.45,1632.5,10877383.0,1.79%,42.81931464174457,0
2024-10-11,1651.0,1664.45,1664.45,1643.25,11836297.0,-0.69%,34.95161828495161,1
2024-10-14,1688.1,1656.05,1692.05,1654.0,9263754.0,2.25%,38.73350094280326,0
2024-10-15,1684.1,1694.0,1698.0,1675.5,9825565.0,-0.24%,36.63003663003663,1
2024-10-16,1699.8,1680.1,1707.95,1680.1,10235341.0,0.93%,37.554927809165115,0
2024-10-17,1673.15,1694.95,1697.65,1665.2,7347866.0,-1.57%,33.82223525960693,1
2024-10-18,1681.85,1663.1,1691.0,1654.1,12404862.0,0.52%,38.8958594730238,1
2024-10-21,1728.7,1715.0,1748.15,1711.05,23274177.0,2.79%,49.51456310679613,0
2024-10-22,1714.55,1730.05,1740.0,1710.7,19437640.0,-0.82%,48.35149285411064,1
2024-10-23,1735.8,1705.05,1746.5,1705.05,19018045.0,1.24%,58.14164648910411,1
2024-10-24,1749.65,1738.1,1768.65,1738.1,15416129.0,0.80%,64.3794935917474,0
2024-10-25,1743.4,1755.0,1757.85,1728.7,13065239.0,-0.36%,71.93503318197698,0
2024-10-28,1734.2,1742.0,1751.0,1728.9,11006071.0,-0.53%,65.85319351763587,1
2024-10-29,1751.85,1726.15,1764.0,1725.1,17897463.0,1.02%,72.65267175572515,0
2024-10-30,1734.6,1742.0,1754.75,1724.2,16357862.0,-0.98%,64.43999999999997,1
2024-10-31,1735.7,1728.0,1738.9,1719.4,11447956.0,0.06%,67.66791823112224,1
2024-11-01,1737.3,1733.0,1744.1,1726.1,879846.0,0.09%,62.04701273261509,0
2024-11-04,1714.1,1745.0,1745.0,1710.9,14044624.0,-1.34%,56.714413607878235,1
2024-11-05,1757.85,1703.0,1762.7,1697.9,22116203.0,2.55%,61.54305030821236,0
2024-11-06,1755.25,1771.5,1771.5,1745.35,13893955.0,-0.15%,68.05189094107297,0
2024-11-07,1746.55,1744.3,1760.95,1738.0,9447728.0,-0.50%,64.22603342128406,1
2024-11-08,1754.45,1752.0,1761.8,1745.85,9951493.0,0.45%,56.83205094189439,1
2024-11-11,1766.3,1754.55,1782.8,1751.2,12282681.0,0.68%,63.900080580177274,0
2024-11-12,1718.2,1772.0,1775.0,1708.65,15697703.0,-2.72%,45.868544600938996,0
2024-11-13,1681.35,1716.75,1729.4,1673.0,17864250.0,-2.14%,35.529661016949106,1
2024-11-14,1692.75,1673.1,1704.85,1672.1,13573235.0,0.68%,39.49823761144514,1
2024-11-18,1705.1,1700.0,1718.9,1695.0,13540984.0,0.73%,44.04420794105605,1
2024-11-19,1742.25,1714.0,1753.75,1702.7,25490636.0,2.18%,48.18043972706597,0
2024-11-21,1741.2,1749.4,1759.0,1734.2,17858256.0,-0.06%,51.3327948303716,1
2024-11-22,1745.6,1743.55,1754.3,1729.55,12386806.0,0.25%,51.972897568752465,1
2024-11-25,1785.6,1785.05,1803.55,1764.9,213868637.0,2.29%,58.34773591427583,0
2024-11-26,1785.55,1810.0,1810.0,1769.8,15467783.0,0.00%,63.42288183355252,1
2024-11-27,1812.3,1789.9,1817.35,1785.15,16357488.0,1.50%,60.92715231788081,0
2024-11-28,1793.15,1819.0,1836.1,1788.0,17861196.0,-1.06%,57.13210387655253,1
2024-11-29,1796.05,1801.3,1804.6,1782.9,13834768.0,0.16%,59.522893420546374,1
2024-12-02,1804.7,1803.5,1808.15,1775.0,7555438.0,0.48%,59.63936313063496,1
2024-12-03,1826.3,1822.7,1837.4,1816.1,21705121.0,1.20%,61.094674556213036,1
2024-12-04,1860.1,1838.0,1865.0,1831.15,22334542.0,1.85%,77.70402186645842,1
2024-12-05,1865.75,1860.0,1879.95,1835.2,19841357.0,0.30%,90.99599822143183,0
2024-12-06,1855.85,1857.0,1864.2,1844.0,8891578.0,-0.53%,86.50402864816476,1
2024-12-09,1870.0,1853.65,1880.0,1849.0,13473956.0,0.76%,86.61190053285974,0
2024-12-10,1868.1,1877.7,1877.7,1858.55,6662740.0,-0.10%,83.12713872071599,0
2024-12-11,1863.1,1861.7,1871.9,1856.75,7022713.0,-0.27%,81.43372872614748,0
2024-12-12,1859.25,1851.0,1868.65,1848.7,8646895.0,-0.21%,79.38970778381177,1
2024-12-13,1871.75,1862.5,1875.0,1829.25,9504501.0,0.67%,75.97226409406093,0
2024-12-16,1865.2,1865.1,1869.95,1855.25,6553541.0,-0.35%,73.10704960835513,0
2024-12-17,1833.25,1856.35,1862.35,1826.5,10539766.0,-1.71%,55.89974655026754,0
2024-12-18,1810.7,1829.85,1836.0,1807.15,11711156.0,-1.23%,54.849405913235685,0
2024-12-19,1793.5,1799.6,1801.1,1779.0,12690385.0,-0.95%,49.34699103713189,0
2024-12-20,1771.5,1782.2,1797.55,1767.05,12846174.0,-1.23%,42.04218600191755,1
2024-12-23,1801.0,1782.0,1806.0,1781.3,5522296.0,1.67%,44.15704387990764,0
2024-12-24,1798.1,1802.05,1808.7,1789.55,7242917.0,-0.16%,33.29741379310347,0
2024-12-26,1790.75,1798.55,1812.0,1780.75,5240839.0,-0.41%,29.97864388681262,1
2024-12-27,1798.25,1794.8,1805.95,1789.1,3629665.0,0.42%,34.424012979989215,0
2024-12-30,1777.9,1792.2,1815.0,1771.0,11111109.0,-1.13%,25.90266875981162,0
2024-12-31,1772.85,1770.3,1781.8,1765.6,7058618.0,-0.28%,25.48262548262548,1
2025-01-01,1782.75,1773.45,1794.0,1761.1,3656903.0,0.56%,29.826763745920204,1
2025-01-02,1793.75,1777.1,1803.45,1773.0,9279288.0,0.62%,34.125060591371806,0
2025-01-03,1749.2,1791.0,1795.25,1746.3,12213097.0,-2.48%,24.29200755191947,0
2025-01-06,1710.5,1740.1,1757.2,1705.8,9408174.0,-2.21%,21.404805914972286,1
2025-01-07,1713.4,1715.0,1721.0,1700.0,6763953.0,0.17%,25.181196935183323,0
2025-01-08,1694.3,1708.25,1711.65,1683.35,9869095.0,-1.11%,25.54621848739498,0
2025-01-09,1667.8,1684.15,1689.0,1658.1,20210111.0,-1.56%,24.585523655479207,0
2025-01-10,1656.75,1671.0,1674.9,1654.0,8726640.0,-0.66%,25.72456103236729,0
2025-01-13,1630.85,1640.0,1646.75,1624.3,10834533.0,-1.56%,13.447905477980726,1
2025-01-14,1646.6,1639.9,1656.2,1637.0,13330716.0,0.97%,19.157166123778552,0
2025-01-15,1643.05,1656.5,1662.7,1636.3,7011446.0,-0.22%,19.458229942100942,1
2025-01-16,1652.05,1652.85,1660.55,1642.85,10606227.0,0.55%,19.954788327168146,0
2025-01-17,1636.75,1643.5,1650.5,1628.5,11556038.0,-0.93%,20.37775445960129,1
2025-01-20,1651.25,1626.0,1660.95,1626.0,8778809.0,0.89%,25.454178441663345,0
2025-01-21,1642.4,1658.25,1661.05,1633.05,15579072.0,-0.54%,21.54875329414152,1
2025-01-22,1666.05,1642.4,1671.9,1625.45,15309653.0,1.44%,25.37601234091784,0
2025-01-23,1664.9,1687.0,1687.0,1651.25,17454579.0,-0.07%,30.477072718851318,0
2025-01-24,1649.8,1660.0,1670.3,1644.5,12118100.0,-0.91%,34.217368694747776,0
2025-01-27,1629.8,1641.1,1643.6,1626.0,11402083.0,-1.21%,30.03820439350521,1
2025-01-28,1670.4,1647.0,1684.3,1647.0,15089656.0,2.49%,44.82459939367694,1
2025-01-29,1677.3,1675.0,1681.15,1668.85,6309945.0,0.41%,52.2479886417416,1
2025-01-30,1691.5,1681.0,1697.9,1672.55,12872423.0,0.85%,58.10212170669154,1
2025-01-31,1698.75,1687.25,1704.7,1683.95,7910843.0,0.43%,67.33912155260475,0
2025-02-01,1690.95,1697.5,1713.0,1676.05,2793764.0,-0.46%,61.80463135480442,0
2025-02-03,1678.0,1670.0,1686.8,1663.45,10138270.0,-0.77%,58.85931558935363,1
2025-02-04,1720.9,1688.7,1725.8,1680.05,14308251.0,2.56%,64.89292667099289,1
2025-02-05,1737.8,1733.0,1744.2,1718.9,11837753.0,0.98%,71.70784103114931,1
2025-02-06,1743.85,1735.5,1749.0,1724.0,13380358.0,0.35%,70.64199732501115,0
2025-02-07,1732.75,1750.0,1767.0,1725.0,11754800.0,-0.64%,69.9404105054072,0
2025-02-10,1715.75,1717.3,1723.45,1708.5,8597975.0,-0.98%,61.30059117780811,0
2025-02-11,1701.4,1703.0,1711.0,1688.7,11362352.0,-0.84%,57.829257829257834,1
2025-02-12,1706.8,1693.0,1712.0,1681.2,11404785.0,0.32%,62.75738585496869,0
2025-02-13,1697.7,1699.0,1714.25,1693.55,6301217.0,-0.53%,65.97647058823534,0
2025-02-14,1694.85,1701.9,1701.9,1680.0,9979946.0,-0.17%,56.9957081545064,1
2025-02-17,1717.35,1685.2,1720.0,1681.25,6469473.0,1.33%,60.52009456264776,1
2025-02-18,1723.05,1713.05,1731.55,1706.15,8175455.0,0.33%,58.67473192191367,1
2025-02-19,1727.2,1717.0,1737.9,1712.45,5942056.0,0.24%,57.95804195804198,0
2025-02-20,1687.1,1711.0,1714.7,1685.3,13195255.0,-2.32%,49.08789386401323,1
2025-02-21,1692.5,1680.9,1694.95,1677.25,7840470.0,0.32%,53.562653562653566,0
2025-02-24,1677.1,1681.1,1684.2,1661.1,10346823.0,-0.91%,37.55681818181813,1
2025-02-25,1682.35,1671.1,1688.0,1671.1,12069354.0,0.31%,33.13051414663826,1
2025-02-27,1700.7,1682.55,1710.75,1682.55,17893400.0,1.09%,37.786583639966096,1
2025-02-28,1732.4,1685.0,1737.25,1685.0,27258364.0,1.86%,49.91128010139419,0
2025-03-03,1701.55,1739.8,1743.05,1694.1,10602682.0,-1.78%,46.636665087636196,1
2025-03-04,1710.0,1698.0,1714.3,1693.25,9960479.0,0.50%,52.095516569200754,0
2025-03-05,1690.0,1701.95,1710.8,1688.25,10791936.0,-1.17%,46.17834394904462,1
2025-03-06,1691.2,1687.0,1699.9,1672.25,16483044.0,0.07%,48.46625766871166,0
2025-03-07,1689.25,1682.0,1701.15,1677.6,6686457.0,-0.12%,48.67298578199055,0
2025-03-10,1687.5,1689.0,1699.9,1683.05,7802025.0,-0.10%,42.15505913272016,0
2025-03-11,1685.5,1682.4,1694.0,1670.05,9949215.0,-0.12%,39.93567408201561,1
2025-03-12,1711.15,1691.55,1718.5,1691.55,9392053.0,1.52%,46.142754145638094,0
2025-03-13,1706.6,1716.05,1720.8,1700.05,7868132.0,-0.27%,55.65217391304345,1
2025-03-17,1710.4,1705.0,1724.0,1705.0,9475957.0,0.22%,55.23698069046226,1
2025-03-18,1732.2,1728.0,1737.4,1715.05,10953589.0,1.27%,65.53863508178225,1
2025-03-19,1744.1,1735.0,1751.0,1732.2,7610703.0,0.69%,66.78445229681972,1
2025-03-20,1768.75,1754.0,1774.0,1749.3,8916989.0,1.41%,67.88436268068324,1
2025-03-21,1770.35,1755.55,1774.1,1755.55,16754132.0,0.09%,61.84826724945354,1
2025-03-24,1800.0,1779.0,1804.4,1773.65,8696868.0,1.67%,80.9688581314878,1
2025-03-25,1821.45,1804.9,1843.7,1801.5,19550708.0,1.19%,82.40767665018893,0
2025-03-26,1806.55,1825.0,1827.5,1802.0,12239221.0,-0.82%,84.92658076116258,1
2025-03-27,1825.35,1800.0,1841.0,1798.1,20829050.0,1.04%,86.36486852805625,1
2025-03-28,1828.2,1829.0,1836.0,1805.85,14386824.0,0.16%,87.48314000539509,0
2025-04-01,1767.85,1802.0,1809.9,1765.35,14255503.0,-3.30%,66.46853863496611,1
2025-04-02,1796.9,1770.7,1799.2,1770.7,5786782.0,1.64%,70.5535055350553,0
2025-04-03,1794.85,1781.1,1804.0,1777.0,5625019.0,-0.11%,66.91592562651566,1
2025-04-04,1817.3,1813.0,1841.95,1811.1,16770227.0,1.25%,70.86317376554837,0
2025-04-07,1757.7,1762.8,1779.85,1738.2,18997725.0,-3.28%,57.36530675801929,1
2025-04-08,1769.15,1765.0,1782.0,1750.3,17781936.0,0.65%,55.945293644408686,0
2025-04-09,1765.0,1765.0,1775.0,1753.5,11227304.0,-0.23%,53.44884488448845,1
2025-04-11,1806.75,1774.75,1819.4,1774.75,16387883.0,2.37%,55.935645110902826,1
2025-04-15,1864.9,1865.0,1876.8,1855.0,24649172.0,3.22%,62.551440329218096,1
2025-04-16,1878.0,1883.8,1883.8,1860.5,9568410.0,0.70%,60.83032490974727,1
2025-04-17,1906.7,1882.0,1919.7,1876.7,17851542.0,1.53%,61.60337552742613,1
2025-04-21,1927.1,1924.0,1950.7,1910.0,17123649.0,1.07%,66.16601850610161,1
2025-04-22,1961.7,1935.0,1970.6,1935.0,22980875.0,1.80%,67.54148977228867,0
2025-04-23,1923.9,1978.9,1978.9,1920.5,15285321.0,-1.93%,61.29603399433427,0
2025-04-24,1916.8,1910.0,1923.9,1905.1,12965877.0,-0.37%,70.10935601458078,0
2025-04-25,1911.2,1924.8,1933.0,1891.8,9250439.0,-0.29%,66.47448832516574,1
2025-04-28,1920.2,1911.2,1929.7,1908.4,6960246.0,0.47%,67.71230747491876,0
2025-04-29,1908.8,1918.8,1928.8,1900.2,9459154.0,-0.59%,63.345974329054826,1
2025-04-30,1925.0,1913.0,1936.9,1910.3,15968435.0,0.85%,77.93921175684699,0
2025-05-02,1925.0,1929.8,1941.9,1920.0,11406024.0,0.00%,77.06198992880704,1
2025-05-05,1936.8,1939.0,1952.0,1932.3,7534012.0,0.61%,79.05953991880918,0
2025-05-06,1931.7,1930.0,1940.1,1924.3,8745078.0,-0.26%,74.12627920447963,1
2025-05-07,1945.6,1934.0,1948.7,1922.4,10710389.0,0.72%,68.79366557987888,0
2025-05-08,1928.5,1954.8,1954.8,1919.1,17401715.0,-0.88%,61.545496113397355,0
2025-05-09,1889.7,1910.1,1919.0,1886.8,8594398.0,-2.01%,46.28496503496503,1
2025-05-12,1957.2,1917.6,1959.9,1912.3,9309486.0,3.57%,55.454874954693764,0
