Date,Price,Open,High,Low,Vol.,Change %
19-05-2025,"1,938.70","1,937.00","1,945.00","1,931.00",5.10M,0.21%
16-05-2025,"1,934.70","1,933.80","1,943.80","1,928.40",7.93M,0.05%
15-05-2025,"1,933.80","1,913.50","1,944.80","1,897.00",16.12M,1.21%
14-05-2025,"1,910.60","1,922.10","1,930.20","1,903.00",7.72M,-0.62%
13-05-2025,"1,922.60","1,950.00","1,961.70","1,920.00",12.12M,-1.77%
12-05-2025,"1,957.20","1,917.60","1,959.90","1,912.30",9.31M,3.57%
09-05-2025,"1,889.70","1,910.10","1,919.00","1,886.80",8.59M,-2.01%
08-05-2025,"1,928.50","1,954.80","1,954.80","1,919.10",17.40M,-0.88%
07-05-2025,"1,945.60","1,934.00","1,948.70","1,922.40",10.71M,0.72%
06-05-2025,"1,931.70","1,930.00","1,940.10","1,924.30",8.75M,-0.26%
05-05-2025,"1,936.80","1,939.00","1,952.00","1,932.30",7.53M,0.61%
02-05-2025,"1,925.00","1,929.80","1,941.90","1,920.00",11.41M,0.00%
30-04-2025,"1,925.00","1,913.00","1,936.90","1,910.30",15.97M,0.85%
29-04-2025,"1,908.80","1,918.80","1,928.80","1,900.20",9.46M,-0.59%
28-04-2025,"1,920.20","1,911.20","1,929.70","1,908.40",6.96M,0.47%
25-04-2025,"1,911.20","1,924.80","1,933.00","1,891.80",9.25M,-0.29%
24-04-2025,"1,916.80","1,910.00","1,923.90","1,905.10",12.97M,-0.37%
23-04-2025,"1,923.90","1,978.90","1,978.90","1,920.50",15.29M,-1.93%
22-04-2025,"1,961.70","1,935.00","1,970.60","1,935.00",22.98M,1.80%
21-04-2025,"1,927.10","1,924.00","1,950.70","1,910.00",17.12M,1.07%
17-04-2025,"1,906.70","1,882.00","1,919.70","1,876.70",17.85M,1.53%
16-04-2025,"1,878.00","1,883.80","1,883.80","1,860.50",9.57M,0.70%
15-04-2025,"1,864.90","1,865.00","1,876.80","1,855.00",24.65M,3.22%
11-04-2025,"1,806.75","1,774.75","1,819.40","1,774.75",16.39M,2.37%
09-04-2025,"1,765.00","1,765.00","1,775.00","1,753.50",11.23M,-0.23%
08-04-2025,"1,769.15","1,765.00","1,782.00","1,750.30",17.78M,0.65%
07-04-2025,"1,757.70","1,762.80","1,779.85","1,738.20",19.00M,-3.28%
04-04-2025,"1,817.30","1,813.00","1,841.95","1,811.10",16.77M,1.25%
03-04-2025,"1,794.85","1,781.10","1,804.00","1,777.00",5.63M,-0.11%
02-04-2025,"1,796.90","1,770.70","1,799.20","1,770.70",5.79M,1.64%
01-04-2025,"1,767.85","1,802.00","1,809.90","1,765.35",14.26M,-3.30%
28-03-2025,"1,828.20","1,829.00","1,836.00","1,805.85",14.39M,0.16%
27-03-2025,"1,825.35","1,800.00","1,841.00","1,798.10",20.83M,1.04%
26-03-2025,"1,806.55","1,825.00","1,827.50","1,802.00",12.24M,-0.82%
25-03-2025,"1,821.45","1,804.90","1,843.70","1,801.50",19.55M,1.19%
24-03-2025,"1,800.00","1,779.00","1,804.40","1,773.65",8.70M,1.67%
21-03-2025,"1,770.35","1,755.55","1,774.10","1,755.55",16.75M,0.09%
20-03-2025,"1,768.75","1,754.00","1,774.00","1,749.30",8.92M,1.41%
19-03-2025,"1,744.10","1,735.00","1,751.00","1,732.20",7.61M,0.69%
18-03-2025,"1,732.20","1,728.00","1,737.40","1,715.05",10.95M,1.27%
17-03-2025,"1,710.40","1,705.00","1,724.00","1,705.00",9.48M,0.22%
13-03-2025,"1,706.60","1,716.05","1,720.80","1,700.05",7.87M,-0.27%
12-03-2025,"1,711.15","1,691.55","1,718.50","1,691.55",9.39M,1.52%
11-03-2025,"1,685.50","1,682.40","1,694.00","1,670.05",9.95M,-0.12%
10-03-2025,"1,687.50","1,689.00","1,699.90","1,683.05",7.80M,-0.10%
07-03-2025,"1,689.25","1,682.00","1,701.15","1,677.60",6.69M,-0.12%
06-03-2025,"1,691.20","1,687.00","1,699.90","1,672.25",16.48M,0.07%
05-03-2025,"1,690.00","1,701.95","1,710.80","1,688.25",10.79M,-1.17%
04-03-2025,"1,710.00","1,698.00","1,714.30","1,693.25",9.96M,0.50%
03-03-2025,"1,701.55","1,739.80","1,743.05","1,694.10",10.60M,-1.78%
28-02-2025,"1,732.40","1,685.00","1,737.25","1,685.00",27.26M,1.86%
27-02-2025,"1,700.70","1,682.55","1,710.75","1,682.55",17.89M,1.09%
25-02-2025,"1,682.35","1,671.10","1,688.00","1,671.10",12.07M,0.31%
24-02-2025,"1,677.10","1,681.10","1,684.20","1,661.10",10.35M,-0.91%
21-02-2025,"1,692.50","1,680.90","1,694.95","1,677.25",7.84M,0.32%
20-02-2025,"1,687.10","1,711.00","1,714.70","1,685.30",13.20M,-2.32%
19-02-2025,"1,727.20","1,717.00","1,737.90","1,712.45",5.94M,0.24%
18-02-2025,"1,723.05","1,713.05","1,731.55","1,706.15",8.18M,0.33%
17-02-2025,"1,717.35","1,685.20","1,720.00","1,681.25",6.47M,1.33%
14-02-2025,"1,694.85","1,701.90","1,701.90","1,680.00",9.98M,-0.17%
13-02-2025,"1,697.70","1,699.00","1,714.25","1,693.55",6.30M,-0.53%
12-02-2025,"1,706.80","1,693.00","1,712.00","1,681.20",11.40M,0.32%
11-02-2025,"1,701.40","1,703.00","1,711.00","1,688.70",11.36M,-0.84%
10-02-2025,"1,715.75","1,717.30","1,723.45","1,708.50",8.60M,-0.98%
07-02-2025,"1,732.75","1,750.00","1,767.00","1,725.00",11.75M,-0.64%
06-02-2025,"1,743.85","1,735.50","1,749.00","1,724.00",13.38M,0.35%
05-02-2025,"1,737.80","1,733.00","1,744.20","1,718.90",11.84M,0.98%
04-02-2025,"1,720.90","1,688.70","1,725.80","1,680.05",14.31M,2.56%
03-02-2025,"1,678.00","1,670.00","1,686.80","1,663.45",10.14M,-0.77%
01-02-2025,"1,690.95","1,697.50","1,713.00","1,676.05",2.79M,-0.46%
31-01-2025,"1,698.75","1,687.25","1,704.70","1,683.95",7.91M,0.43%
30-01-2025,"1,691.50","1,681.00","1,697.90","1,672.55",12.87M,0.85%
29-01-2025,"1,677.30","1,675.00","1,681.15","1,668.85",6.31M,0.41%
28-01-2025,"1,670.40","1,647.00","1,684.30","1,647.00",15.09M,2.49%
27-01-2025,"1,629.80","1,641.10","1,643.60","1,626.00",11.40M,-1.21%
24-01-2025,"1,649.80","1,660.00","1,670.30","1,644.50",12.12M,-0.91%
23-01-2025,"1,664.90","1,687.00","1,687.00","1,651.25",17.45M,-0.07%
22-01-2025,"1,666.05","1,642.40","1,671.90","1,625.45",15.31M,1.44%
21-01-2025,"1,642.40","1,658.25","1,661.05","1,633.05",15.58M,-0.54%
20-01-2025,"1,651.25","1,626.00","1,660.95","1,626.00",8.78M,0.89%
17-01-2025,"1,636.75","1,643.50","1,650.50","1,628.50",11.56M,-0.93%
16-01-2025,"1,652.05","1,652.85","1,660.55","1,642.85",10.61M,0.55%
15-01-2025,"1,643.05","1,656.50","1,662.70","1,636.30",7.01M,-0.22%
14-01-2025,"1,646.60","1,639.90","1,656.20","1,637.00",13.33M,0.97%
13-01-2025,"1,630.85","1,640.00","1,646.75","1,624.30",10.83M,-1.56%
10-01-2025,"1,656.75","1,671.00","1,674.90","1,654.00",8.73M,-0.66%
09-01-2025,"1,667.80","1,684.15","1,689.00","1,658.10",20.21M,-1.56%
08-01-2025,"1,694.30","1,708.25","1,711.65","1,683.35",9.87M,-1.11%
07-01-2025,"1,713.40","1,715.00","1,721.00","1,700.00",6.76M,0.17%
06-01-2025,"1,710.50","1,740.10","1,757.20","1,705.80",9.41M,-2.21%
03-01-2025,"1,749.20","1,791.00","1,795.25","1,746.30",12.21M,-2.48%
02-01-2025,"1,793.75","1,777.10","1,803.45","1,773.00",9.28M,0.62%
01-01-2025,"1,782.75","1,773.45","1,794.00","1,761.10",3.66M,0.56%
31-12-2024,"1,772.85","1,770.30","1,781.80","1,765.60",7.06M,-0.28%
30-12-2024,"1,777.90","1,792.20","1,815.00","1,771.00",11.11M,-1.13%
27-12-2024,"1,798.25","1,794.80","1,805.95","1,789.10",3.63M,0.42%
26-12-2024,"1,790.75","1,798.55","1,812.00","1,780.75",5.24M,-0.41%
24-12-2024,"1,798.10","1,802.05","1,808.70","1,789.55",7.24M,-0.16%
23-12-2024,"1,801.00","1,782.00","1,806.00","1,781.30",5.52M,1.67%
20-12-2024,"1,771.50","1,782.20","1,797.55","1,767.05",12.85M,-1.23%
19-12-2024,"1,793.50","1,799.60","1,801.10","1,779.00",12.69M,-0.95%
18-12-2024,"1,810.70","1,829.85","1,836.00","1,807.15",11.71M,-1.23%
17-12-2024,"1,833.25","1,856.35","1,862.35","1,826.50",10.54M,-1.71%
16-12-2024,"1,865.20","1,865.10","1,869.95","1,855.25",6.55M,-0.35%
13-12-2024,"1,871.75","1,862.50","1,875.00","1,829.25",9.50M,0.67%
12-12-2024,"1,859.25","1,851.00","1,868.65","1,848.70",8.65M,-0.21%
11-12-2024,"1,863.10","1,861.70","1,871.90","1,856.75",7.02M,-0.27%
10-12-2024,"1,868.10","1,877.70","1,877.70","1,858.55",6.66M,-0.10%
09-12-2024,"1,870.00","1,853.65","1,880.00","1,849.00",13.47M,0.76%
06-12-2024,"1,855.85","1,857.00","1,864.20","1,844.00",8.89M,-0.53%
05-12-2024,"1,865.75","1,860.00","1,879.95","1,835.20",19.84M,0.30%
04-12-2024,"1,860.10","1,838.00","1,865.00","1,831.15",22.33M,1.85%
03-12-2024,"1,826.30","1,822.70","1,837.40","1,816.10",21.71M,1.20%
02-12-2024,"1,804.70","1,803.50","1,808.15","1,775.00",7.56M,0.48%
29-11-2024,"1,796.05","1,801.30","1,804.60","1,782.90",13.83M,0.16%
28-11-2024,"1,793.15","1,819.00","1,836.10","1,788.00",17.86M,-1.06%
27-11-2024,"1,812.30","1,789.90","1,817.35","1,785.15",16.36M,1.50%
26-11-2024,"1,785.55","1,810.00","1,810.00","1,769.80",15.47M,0.00%
25-11-2024,"1,785.60","1,785.05","1,803.55","1,764.90",213.87M,2.29%
22-11-2024,"1,745.60","1,743.55","1,754.30","1,729.55",12.39M,0.25%
21-11-2024,"1,741.20","1,749.40","1,759.00","1,734.20",17.86M,-0.06%
19-11-2024,"1,742.25","1,714.00","1,753.75","1,702.70",25.49M,2.18%
18-11-2024,"1,705.10","1,700.00","1,718.90","1,695.00",13.54M,0.73%
14-11-2024,"1,692.75","1,673.10","1,704.85","1,672.10",13.57M,0.68%
13-11-2024,"1,681.35","1,716.75","1,729.40","1,673.00",17.86M,-2.14%
12-11-2024,"1,718.20","1,772.00","1,775.00","1,708.65",15.70M,-2.72%
11-11-2024,"1,766.30","1,754.55","1,782.80","1,751.20",12.28M,0.68%
08-11-2024,"1,754.45","1,752.00","1,761.80","1,745.85",9.95M,0.45%
07-11-2024,"1,746.55","1,744.30","1,760.95","1,738.00",9.45M,-0.50%
06-11-2024,"1,755.25","1,771.50","1,771.50","1,745.35",13.89M,-0.15%
05-11-2024,"1,757.85","1,703.00","1,762.70","1,697.90",22.12M,2.55%
04-11-2024,"1,714.10","1,745.00","1,745.00","1,710.90",14.04M,-1.34%
01-11-2024,"1,737.30","1,733.00","1,744.10","1,726.10",879.85K,0.09%
31-10-2024,"1,735.70","1,728.00","1,738.90","1,719.40",11.45M,0.06%
30-10-2024,"1,734.60","1,742.00","1,754.75","1,724.20",16.36M,-0.98%
29-10-2024,"1,751.85","1,726.15","1,764.00","1,725.10",17.90M,1.02%
28-10-2024,"1,734.20","1,742.00","1,751.00","1,728.90",11.01M,-0.53%
25-10-2024,"1,743.40","1,755.00","1,757.85","1,728.70",13.07M,-0.36%
24-10-2024,"1,749.65","1,738.10","1,768.65","1,738.10",15.42M,0.80%
23-10-2024,"1,735.80","1,705.05","1,746.50","1,705.05",19.02M,1.24%
22-10-2024,"1,714.55","1,730.05","1,740.00","1,710.70",19.44M,-0.82%
21-10-2024,"1,728.70","1,715.00","1,748.15","1,711.05",23.27M,2.79%
18-10-2024,"1,681.85","1,663.10","1,691.00","1,654.10",12.40M,0.52%
17-10-2024,"1,673.15","1,694.95","1,697.65","1,665.20",7.35M,-1.57%
16-10-2024,"1,699.80","1,680.10","1,707.95","1,680.10",10.24M,0.93%
15-10-2024,"1,684.10","1,694.00","1,698.00","1,675.50",9.83M,-0.24%
14-10-2024,"1,688.10","1,656.05","1,692.05","1,654.00",9.26M,2.25%
11-10-2024,"1,651.00","1,664.45","1,664.45","1,643.25",11.84M,-0.69%
10-10-2024,"1,662.40","1,639.00","1,665.45","1,632.50",10.88M,1.79%
09-10-2024,"1,633.15","1,649.50","1,656.75","1,628.70",20.56M,-1.08%
08-10-2024,"1,651.05","1,630.00","1,656.80","1,622.00",14.87M,2.06%
07-10-2024,"1,617.80","1,652.20","1,659.00","1,613.00",47.23M,-2.40%
04-10-2024,"1,657.65","1,674.50","1,690.65","1,653.00",24.34M,-1.45%
03-10-2024,"1,682.00","1,715.65","1,726.15","1,673.35",24.24M,-2.56%
01-10-2024,"1,726.20","1,724.00","1,742.00","1,720.10",12.29M,-0.34%
30-09-2024,"1,732.05","1,748.80","1,751.45","1,724.40",13.19M,-1.18%
27-09-2024,"1,752.65","1,777.00","1,778.20","1,750.00",17.81M,-1.73%
26-09-2024,"1,783.45","1,773.05","1,788.00","1,768.05",15.95M,0.24%
25-09-2024,"1,779.10","1,760.15","1,788.00","1,760.15",15.98M,0.62%
24-09-2024,"1,768.05","1,765.00","1,781.65","1,754.25",16.52M,0.47%
23-09-2024,"1,759.80","1,749.00","1,766.35","1,740.25",13.48M,1.07%
20-09-2024,"1,741.20","1,716.50","1,744.95","1,707.55",30.31M,1.91%
19-09-2024,"1,708.50","1,699.20","1,719.00","1,699.15",15.33M,0.81%
18-09-2024,"1,694.80","1,671.85","1,698.90","1,671.10",20.46M,1.56%
17-09-2024,"1,668.80","1,678.00","1,678.00","1,664.15",10.06M,-0.13%
16-09-2024,"1,670.95","1,667.00","1,677.80","1,664.05",7.59M,0.30%
13-09-2024,"1,665.95","1,674.00","1,674.00","1,657.05",11.93M,-0.04%
12-09-2024,"1,666.60","1,654.00","1,670.00","1,647.05",16.21M,1.38%
11-09-2024,"1,643.90","1,650.40","1,652.50","1,639.20",11.11M,-0.39%
10-09-2024,"1,650.35","1,654.00","1,654.00","1,638.00",13.30M,0.23%
09-09-2024,"1,646.50","1,638.00","1,648.50","1,630.10",11.90M,0.58%
06-09-2024,"1,636.95","1,638.30","1,647.75","1,634.10",13.01M,-0.52%
05-09-2024,"1,645.45","1,646.00","1,649.90","1,642.00",11.44M,0.22%
04-09-2024,"1,641.80","1,639.00","1,644.80","1,632.00",12.34M,0.27%
03-09-2024,"1,637.35","1,634.00","1,639.95","1,624.60",18.64M,0.64%
02-09-2024,"1,626.95","1,646.80","1,646.80","1,623.20",17.02M,-0.61%
30-08-2024,"1,636.90","1,656.00","1,662.00","1,621.15",222.67M,-0.10%
29-08-2024,"1,638.55","1,642.00","1,644.40","1,631.15",24.53M,0.09%
28-08-2024,"1,637.10","1,637.75","1,639.75","1,630.20",13.46M,-0.04%
27-08-2024,"1,637.75","1,643.40","1,647.40","1,632.20",17.89M,-0.13%
26-08-2024,"1,639.95","1,632.20","1,647.95","1,632.20",11.18M,0.92%
23-08-2024,"1,625.05","1,634.00","1,634.00","1,623.00",10.17M,-0.38%
22-08-2024,"1,631.30","1,632.00","1,638.30","1,628.00",10.65M,0.34%
21-08-2024,"1,625.80","1,628.10","1,634.55","1,617.80",23.82M,-0.73%
20-08-2024,"1,637.70","1,627.45","1,646.00","1,627.45",15.57M,0.38%
19-08-2024,"1,631.55","1,637.65","1,637.65","1,623.70",9.75M,-0.03%
16-08-2024,"1,632.10","1,628.50","1,634.15","1,611.00",13.92M,1.51%
14-08-2024,"1,607.80","1,606.50","1,613.70","1,603.20",16.17M,0.29%
13-08-2024,"1,603.20","1,628.00","1,632.40","1,601.15",27.03M,-3.43%
12-08-2024,"1,660.10","1,652.00","1,675.95","1,647.35",19.66M,0.60%
09-08-2024,"1,650.20","1,652.00","1,662.55","1,645.80",13.32M,0.46%
08-08-2024,"1,642.70","1,624.00","1,653.30","1,619.25",16.99M,1.18%
07-08-2024,"1,623.50","1,617.00","1,630.00","1,602.20",21.17M,1.39%
06-08-2024,"1,601.20","1,630.00","1,632.95","1,593.30",22.56M,-0.90%
05-08-2024,"1,615.75","1,640.10","1,646.00","1,601.00",20.67M,-2.62%
02-08-2024,"1,659.15","1,631.00","1,670.50","1,631.00",22.06M,1.24%
01-08-2024,"1,638.80","1,622.90","1,650.05","1,617.95",13.11M,1.43%
31-07-2024,"1,615.75","1,614.00","1,627.90","1,609.20",18.91M,0.01%
30-07-2024,"1,615.55","1,602.00","1,634.75","1,599.00",27.30M,0.65%
29-07-2024,"1,605.05","1,615.00","1,631.85","1,598.30",25.50M,-0.81%
26-07-2024,"1,618.15","1,605.00","1,621.75","1,596.45",21.91M,0.10%
25-07-2024,"1,616.60","1,593.00","1,625.00","1,593.00",12.77M,0.78%
24-07-2024,"1,604.05","1,608.15","1,621.00","1,588.05",30.86M,-0.89%
23-07-2024,"1,618.40","1,647.55","1,647.80","1,605.00",26.00M,-1.47%
22-07-2024,"1,642.55","1,617.00","1,651.00","1,612.65",26.87M,2.19%
19-07-2024,"1,607.30","1,616.00","1,623.00","1,603.50",13.00M,-0.46%
18-07-2024,"1,614.80","1,608.00","1,623.95","1,599.15",16.86M,-0.31%
16-07-2024,"1,619.75","1,620.75","1,627.00","1,616.80",14.48M,-0.14%
15-07-2024,"1,622.10","1,623.50","1,629.80","1,615.20",16.69M,-0.04%
12-07-2024,"1,622.70","1,622.00","1,638.40","1,611.15",28.02M,0.05%
11-07-2024,"1,621.90","1,623.95","1,625.85","1,601.00",22.09M,-0.26%
10-07-2024,"1,626.10","1,629.95","1,640.00","1,620.75",22.75M,-0.64%
09-07-2024,"1,636.50","1,625.00","1,646.70","1,620.35",24.28M,0.07%
08-07-2024,"1,635.35","1,645.30","1,654.95","1,627.15",19.54M,-0.77%
05-07-2024,"1,648.10","1,685.00","1,685.00","1,642.20",41.12M,-4.58%
04-07-2024,"1,727.15","1,759.75","1,759.75","1,724.85",22.92M,-2.35%
03-07-2024,"1,768.65","1,791.00","1,794.00","1,764.65",61.61M,2.20%
02-07-2024,"1,730.60","1,715.00","1,734.90","1,702.75",22.96M,1.49%
01-07-2024,"1,705.20","1,680.00","1,707.30","1,680.00",10.59M,1.27%
28-06-2024,"1,683.80","1,697.60","1,706.60","1,679.00",13.24M,-0.73%
27-06-2024,"1,696.15","1,696.10","1,713.00","1,686.60",27.54M,-0.31%
26-06-2024,"1,701.50","1,707.95","1,710.90","1,691.10",23.80M,-0.58%
25-06-2024,"1,711.35","1,671.10","1,716.95","1,671.10",37.26M,2.33%
24-06-2024,"1,672.40","1,647.00","1,675.10","1,645.75",14.27M,0.40%
21-06-2024,"1,665.75","1,672.85","1,672.85","1,643.15",25.82M,-0.22%
20-06-2024,"1,669.35","1,669.80","1,681.45","1,652.00",20.70M,0.69%
19-06-2024,"1,657.85","1,613.40","1,669.90","1,604.00",45.07M,3.11%
18-06-2024,"1,607.80","1,596.90","1,610.50","1,589.45",16.21M,0.68%
14-06-2024,"1,596.90","1,584.00","1,599.00","1,577.70",12.77M,1.02%
13-06-2024,"1,580.75","1,581.75","1,585.70","1,574.00",12.06M,0.42%
12-06-2024,"1,574.15","1,575.00","1,588.30","1,566.40",19.64M,0.60%
11-06-2024,"1,564.80","1,556.00","1,571.00","1,552.20",14.77M,0.22%
10-06-2024,"1,561.30","1,574.00","1,580.65","1,557.60",11.23M,-0.77%
07-06-2024,"1,573.35","1,561.05","1,584.35","1,552.05",18.36M,0.88%
06-06-2024,"1,559.70","1,564.90","1,565.45","1,546.60",23.21M,0.51%
05-06-2024,"1,551.80","1,494.05","1,559.60","1,482.35",40.82M,4.63%
04-06-2024,"1,483.15","1,557.00","1,559.00","1,454.00",44.77M,-5.66%
03-06-2024,"1,572.20","1,599.00","1,599.00","1,550.00",36.32M,2.65%
31-05-2024,"1,531.55","1,519.00","1,536.00","1,514.00",37.04M,1.10%
30-05-2024,"1,514.85","1,499.20","1,523.60","1,497.65",16.88M,0.43%
29-05-2024,"1,508.30","1,518.00","1,523.85","1,501.25",17.57M,-1.45%
28-05-2024,"1,530.50","1,530.10","1,536.05","1,524.80",13.95M,0.18%
27-05-2024,"1,527.70","1,523.35","1,545.00","1,519.05",14.69M,0.69%
24-05-2024,"1,517.20","1,487.50","1,519.90","1,486.00",15.53M,1.65%
23-05-2024,"1,492.60","1,458.65","1,495.65","1,457.05",20.43M,2.29%
22-05-2024,"1,459.20","1,457.85","1,465.60","1,448.15",20.00M,0.03%
21-05-2024,"1,458.80","1,450.10","1,469.70","1,450.10",21.88M,-0.49%
18-05-2024,"1,466.05","1,466.00","1,467.10","1,463.05",528.56K,0.13%
17-05-2024,"1,464.10","1,446.20","1,468.00","1,446.20",10.46M,0.26%
16-05-2024,"1,460.25","1,446.05","1,462.55","1,435.50",17.47M,1.51%
15-05-2024,"1,438.50","1,459.70","1,459.70","1,435.80",19.47M,-1.54%
14-05-2024,"1,460.95","1,452.25","1,465.50","1,450.30",12.83M,0.39%
13-05-2024,"1,455.25","1,432.00","1,459.80","1,430.30",13.52M,1.21%
10-05-2024,"1,437.90","1,439.00","1,451.95","1,426.80",13.64M,-0.66%
09-05-2024,"1,447.50","1,474.95","1,486.75","1,445.30",23.14M,-2.37%
08-05-2024,"1,482.65","1,495.95","1,496.95","1,480.35",20.84M,-1.56%
07-05-2024,"1,506.15","1,521.95","1,524.05","1,504.15",14.24M,-1.08%
06-05-2024,"1,522.65","1,522.00","1,534.50","1,517.15",14.40M,0.20%
03-05-2024,"1,519.60","1,533.25","1,540.60","1,507.20",15.93M,-0.83%
02-05-2024,"1,532.25","1,522.00","1,537.00","1,520.35",16.74M,0.80%
30-04-2024,"1,520.10","1,529.20","1,539.50","1,514.90",26.15M,-0.61%
29-04-2024,"1,529.50","1,515.00","1,534.45","1,506.55",18.05M,1.30%
26-04-2024,"1,509.80","1,519.80","1,528.00","1,505.55",12.43M,-0.06%
25-04-2024,"1,510.75","1,506.25","1,519.70","1,506.25",17.72M,-0.06%
24-04-2024,"1,511.70","1,515.00","1,521.75","1,509.05",11.22M,0.27%
23-04-2024,"1,507.60","1,526.30","1,526.50","1,503.25",13.41M,-0.30%
22-04-2024,"1,512.20","1,557.40","1,557.40","1,508.30",21.15M,-1.25%
19-04-2024,"1,531.30","1,486.55","1,534.95","1,480.25",17.29M,2.45%
18-04-2024,"1,494.70","1,509.80","1,518.85","1,491.05",17.12M,-0.96%
16-04-2024,"1,509.25","1,487.00","1,512.90","1,482.25",10.37M,0.97%
15-04-2024,"1,494.70","1,497.55","1,510.00","1,492.05",11.71M,-1.60%
12-04-2024,"1,518.95","1,521.00","1,529.85","1,513.45",20.54M,-1.13%
10-04-2024,"1,536.35","1,549.90","1,549.90","1,532.95",13.90M,-0.79%
09-04-2024,"1,548.55","1,554.85","1,554.85","1,540.30",10.94M,0.13%
08-04-2024,"1,546.60","1,554.95","1,557.25","1,541.55",10.24M,-0.19%
05-04-2024,"1,549.55","1,539.00","1,554.50","1,530.15",29.53M,1.44%
04-04-2024,"1,527.60","1,504.00","1,530.00","1,504.00",44.47M,3.06%
03-04-2024,"1,482.30","1,472.10","1,495.65","1,471.40",22.79M,0.15%
02-04-2024,"1,480.15","1,465.15","1,494.85","1,463.25",20.61M,0.66%
01-04-2024,"1,470.50","1,458.00","1,473.80","1,455.60",12.60M,1.56%
28-03-2024,"1,447.90","1,440.70","1,460.50","1,440.70",27.80M,0.50%
27-03-2024,"1,440.70","1,423.55","1,447.95","1,421.25",31.08M,1.07%
26-03-2024,"1,425.40","1,427.20","1,437.95","1,422.15",28.42M,-1.21%
22-03-2024,"1,442.85","1,441.00","1,450.75","1,437.75",22.99M,-0.20%
21-03-2024,"1,445.75","1,442.60","1,451.25","1,438.30",14.46M,1.03%
20-03-2024,"1,431.05","1,449.05","1,451.65","1,424.65",21.80M,-1.26%
19-03-2024,"1,449.35","1,435.50","1,452.40","1,435.50",18.09M,0.23%
18-03-2024,"1,446.05","1,447.00","1,456.00","1,435.80",10.72M,-0.45%
15-03-2024,"1,452.65","1,450.00","1,459.30","1,442.25",71.81M,-0.19%
14-03-2024,"1,455.45","1,462.10","1,466.00","1,444.30",26.22M,-0.34%
13-03-2024,"1,460.40","1,465.50","1,471.60","1,450.10",31.53M,0.06%
12-03-2024,"1,459.55","1,434.00","1,464.00","1,429.25",32.71M,2.22%
11-03-2024,"1,427.80","1,430.00","1,445.95","1,423.00",25.27M,-1.27%
07-03-2024,"1,446.10","1,445.50","1,451.05","1,441.40",24.67M,0.24%
06-03-2024,"1,442.60","1,433.55","1,452.85","1,433.55",21.20M,0.12%
05-03-2024,"1,440.85","1,422.00","1,443.00","1,421.65",19.00M,0.57%
04-03-2024,"1,432.70","1,430.95","1,437.00","1,424.30",17.81M,0.14%
02-03-2024,"1,430.75","1,431.30","1,433.65","1,428.35",895.27K,0.00%
01-03-2024,"1,430.75","1,400.00","1,432.75","1,400.00",17.37M,1.95%
29-02-2024,"1,403.40","1,402.10","1,410.40","1,397.30",26.65M,-0.43%
28-02-2024,"1,409.40","1,420.15","1,424.20","1,404.00",12.66M,-0.76%
27-02-2024,"1,420.15","1,413.55","1,426.70","1,413.05",16.04M,-0.15%
26-02-2024,"1,422.30","1,413.55","1,434.85","1,413.55",11.75M,0.12%
23-02-2024,"1,420.60","1,422.55","1,433.90","1,418.00",14.92M,0.07%
22-02-2024,"1,419.55","1,417.75","1,428.80","1,412.20",25.28M,-1.36%
21-02-2024,"1,439.15","1,464.00","1,464.00","1,435.00",22.95M,-1.04%
20-02-2024,"1,454.30","1,415.00","1,457.25","1,411.80",28.07M,2.63%
19-02-2024,"1,417.10","1,429.00","1,429.00","1,415.20",17.23M,-0.20%
16-02-2024,"1,419.90","1,423.90","1,427.70","1,408.45",16.09M,0.41%
15-02-2024,"1,414.05","1,385.00","1,415.50","1,384.35",20.79M,2.17%
14-02-2024,"1,384.05","1,376.00","1,391.50","1,363.55",45.66M,-0.75%
13-02-2024,"1,394.45","1,391.95","1,404.35","1,384.35",28.79M,0.32%
12-02-2024,"1,390.00","1,399.65","1,413.65","1,383.35",17.22M,-0.97%
09-02-2024,"1,403.60","1,392.15","1,414.20","1,387.00",28.32M,0.04%
08-02-2024,"1,403.05","1,429.85","1,438.95","1,400.50",34.55M,-1.88%
07-02-2024,"1,429.95","1,453.00","1,453.80","1,426.65",27.42M,-0.98%
06-02-2024,"1,444.10","1,445.55","1,449.70","1,432.60",20.54M,-0.05%
05-02-2024,"1,444.85","1,446.00","1,451.90","1,434.05",19.30M,-0.09%
02-02-2024,"1,446.15","1,475.00","1,480.85","1,442.05",22.43M,-1.38%
01-02-2024,"1,466.35","1,465.05","1,473.60","1,456.05",16.35M,0.26%
31-01-2024,"1,462.55","1,439.50","1,474.95","1,436.80",32.88M,1.26%
30-01-2024,"1,444.30","1,454.55","1,463.20","1,440.90",20.86M,-0.71%
29-01-2024,"1,454.65","1,448.05","1,462.80","1,445.80",32.82M,1.38%
25-01-2024,"1,434.90","1,452.50","1,457.35","1,419.40",49.47M,-1.44%
24-01-2024,"1,455.90","1,380.25","1,458.45","1,380.25",43.00M,2.00%
23-01-2024,"1,427.35","1,465.00","1,474.70","1,425.00",57.73M,-3.48%
20-01-2024,"1,478.85","1,483.20","1,495.70","1,476.00",12.92M,0.56%
19-01-2024,"1,470.65","1,505.95","1,510.25","1,468.40",54.80M,-1.04%
18-01-2024,"1,486.15","1,494.00","1,515.00","1,480.05",80.54M,-3.34%
17-01-2024,"1,537.50","1,570.00","1,596.80","1,528.40",85.07M,-8.44%
16-01-2024,"1,679.15","1,673.00","1,683.65","1,658.10",12.66M,0.38%
15-01-2024,"1,672.80","1,647.70","1,680.90","1,643.60",14.16M,1.93%
12-01-2024,"1,641.20","1,652.00","1,656.00","1,633.60",9.89M,-0.47%
11-01-2024,"1,649.00","1,660.00","1,662.90","1,643.00",9.16M,-0.42%
10-01-2024,"1,655.95","1,643.00","1,659.95","1,641.40",8.06M,0.33%
09-01-2024,"1,650.50","1,667.15","1,677.80","1,646.75",12.66M,-0.78%
08-01-2024,"1,663.45","1,678.50","1,682.35","1,660.00",9.00M,-1.11%
05-01-2024,"1,682.20","1,687.15","1,704.90","1,668.10",15.94M,-0.51%
04-01-2024,"1,690.85","1,678.00","1,694.95","1,670.70",13.37M,1.07%
03-01-2024,"1,672.90","1,702.00","1,704.70","1,668.95",14.19M,-1.54%
02-01-2024,"1,699.10","1,698.80","1,702.80","1,688.70",14.62M,0.06%
01-01-2024,"1,698.10","1,706.00","1,709.15","1,692.00",7.12M,-0.65%
